ID,Title,Author,ISBN,"Total Copies","Available Copies","Record Status"
1,"The Great Gatsby","F. Scott Fitzgerald",9780743273565,5,5,active
2,"Introduction to PHP & Laravel","LibraSync Team",9781119623251,2,2,active
3,"1.001 Prescription Drugs",Unknown,9781043321819,9,9,active
4,"100 Classic Napkin Folds",Beech,9786001338908,8,8,active
5,"100 Classic Napkin Folds",Unknown,9788637940265,1,1,active
6,"1000 Best Bartenders","Parker Suzi",9784235116156,2,2,active
7,"1000 Math Problems","Philips Sumi",9785940781615,10,10,active
8,"1000 Recipes Cookbook",Unknown,9789593103411,2,2,active
9,"1001 humorous Illustration for Public Speaking","Michael Hodgin",9783164752558,10,10,active
10,"1001 Math Problems","Philips Sumi",9784192832762,5,5,active
11,"101 Recipes From God's Garden","Vanhoy Sandra",9788350305648,2,2,active
12,"101 Uses For A Bridesmaid Dress","Walker Cindy",9783953767244,1,1,active
13,"159 ways To Reward Employees","Nelson Bob",9783884969656,5,5,active
14,"17 Things My kids Taught me About God","J. Mack Stiles",9782871012269,1,1,active
15,"19 Purchase Street","Gerald A. Browne",9786697848019,1,1,active
16,"1977 Supreme Court Decisions: Subject Index","Jorge L. Cabaldo",9785146270487,2,2,active
17,"2000 Everyday Health Tips for Better",Unknown,9788148932520,1,1,active
18,"2001 Questions in Communications Engineering","Santos S. Cuervo",9788095701545,8,8,active
19,"2004 IAI Membership Directory",Unknown,9780391171824,5,5,active
20,"2005 IAI Membership Directory",Unknown,9787824896385,5,5,active
21,"2006 PDR Nurses Drug Handbook","George R. Spratto",9784657871336,1,1,active
22,"2007 Mosby's Nursing Drug Reference","Linda Skidmare-Roth",9785098393012,1,1,active
23,"2009 Culture Book",Unknown,9783105183472,1,1,active
24,"2009 World Recipes Planner",Unknown,9788299737630,1,1,active
25,"20th Century Book Keeping & Accounting","Paul A. Carlson",9781656670106,4,4,active
26,"20th Century Book Keeping and Accounting","Lewis D. Baynton",9785133387266,7,7,active
27,"21st Century Applied Statistics With0 Computer Software Application","Enriqueta D. Reston",9784731781087,5,5,active
28,"21st Century Literature","Asuncion Luis G",9780132677363,10,10,active
29,"21st Century Literature from the Philippine & the World","Rodolfo M. Martinez",9782606474683,4,4,active
30,"21st Century Risk Management with Sanitation","Anabelle Ocampo",9787234309802,9,9,active
31,"30 Creative Containers",Unknown,9780097882086,2,2,active
32,"30 Minute Indian Cuisine","Chaudhuri Tina",9782191361931,1,1,active
33,"3001 Questions in Electronics Engineering",Unknown,9789091699850,8,8,active
34,"31 Dream Street","Lisa Jewll",9783534624751,2,2,active
35,"332 Indian Food Recipe",Unknown,9780799118384,1,1,active
36,"365 Days With the Lord",Unknown,9782513542789,2,2,active
37,"365 Foreign Dishes",Unknown,9789808412413,2,2,active
38,"450 Vegetable",Unknown,9788244935340,1,1,active
39,"5- Day Miracle Diet","Puhn Adele",9784016400528,2,2,active
40,"50 - High Impact Speechless & Remarks","John Kador",9782786801125,2,2,active
41,"500 Social Media Marketing Tips","Macarthy Andrew",9780598262042,8,8,active
42,"501 Great Places to Stay",Unknown,9780533158690,2,2,active
43,"5900 + Cocktail Recipes","Vance Dave A.",9783226025637,1,1,active
44,"5ESS PE Projecting RLG",Unknown,9782160733752,2,2,active
45,"6 Minute Morning Toning","Rowe Faye",9783303654149,2,2,active
46,"7 Tents of Taxi Terry","Mc Kain Scott",9788685014291,6,6,active
47,"80/20 Sales and Marketing","Marshall Perry",9780196556987,6,6,active
48,"801 Prescription Drugs …","Frank W. Cawood",9786934060884,4,4,active
49,"89 Original Recipes to Coffee Lovers",Unknown,9785615951480,1,1,active
50,"8th International Conference","Pete Komarinskim",9786564823668,2,2,active
51,"90 Days in the World of Business Profesionals",Unknown,9789946804439,1,1,active
52,"A Billion Bootstraps","Smith Phil",9789957773878,2,2,active
53,"A Bombay Affair","Alisabeth McNeill",9781489513434,1,1,active
54,"A Brief History of Cocaine","Steven B. Karch",9782003791765,1,1,active
55,"A Carrer with Meaning Recreation, Parks…","Cheryl A. Stevens",9789367632017,9,9,active
56,"A Catholic Philosphy of Education","Redden John D.",9786328708316,10,10,active
57,"A Cayote in the House","Elmore Leonard",9782788957981,2,2,active
58,"A Church of Her Own","Sentilles Sarah",9788727743486,2,2,active
59,"A Compehensive Guide to Travel Writing and Photography","Rene D. Osorno",9783471434550,2,2,active
60,"A Comprehensive Handbook in Ethics of Moral..","Prisciliano T. Bauzon",9781223623160,8,8,active
61,"A Concise Guide in Food and Beverage Service Procedures","Daryl Ace V. Cornell",9785876036698,7,7,active
62,"A Concises Guide in Food & Beverage Service..","Cornel Daryl Ace V.",9780967054667,9,9,active
63,"A Course Module for Child Development","Katherine E. Del Rosario",9788937346705,8,8,active
64,"A Course Module for Foundations of Early Childhood Education","April Easter V. Macan",9785627298061,7,7,active
65,"A Course Module for Inclusive Education in Early Childhood Settings","Marie Rose Atos-Yuzon",9789016272045,8,8,active
66,"A Course Module for Instructional Technology in Childhoon Education","Josephine Garcia Contreras",9785375564647,7,7,active
67,"A Course Module for Language Programs and Policies in Multilingual Soceties","Jonna Marie A. Lim",9781708053109,10,10,active
68,"A Coyotes in the house","Leonard Elmore",9783309232716,1,1,active
69,"A Critical Handbook of Englilsh Drama","Dwivedi Poonam",9783745299120,8,8,active
70,"A Dance with Dragons","George Martin",9781904966319,2,2,active
71,"A feast for Crows","George Martin",9783149190580,8,8,active
72,"A General Theory of Crime","Michael R. Gottfredson",9785185067161,7,7,active
73,"A Ghost Named Fred","Benchley Nathaniel",9787262849875,2,2,active
74,"A Glossary for Photography","Frank Femer Jr.",9786945314730,2,2,active
75,"A Good Walk Spoiled","John Feinstein",9789965075278,2,2,active
76,"A Guide to Food Selection, Preparation & Present…","Nora Narvaez Soriano",9785454948085,5,5,active
77,"A Guide to Food Selection, Preparation & Preservation","Nora Narvaez Soriano",9781367837775,1,1,active
78,"A Guide to Food Selection, Preparation and Preservation","Nora Narvaez-Soriano",9780143634959,10,10,active
79,"A Guide to Food Selevtion, Preparation and…","Nora Narvaez-Soriano",9788856855746,7,7,active
80,"A Guide to Meal Management and Table Service","Nora Narvaez-Soriano",9784313518230,6,6,active
81,"A Guide To Meal Management and Tables Service","Nora Narvaez-Soriano",9787498941343,5,5,active
82,"A Guide to Success","Scoot M. Giles",9785240824005,1,1,active
83,"A Guide to the Study of Filipino History","V.A Domayo",9784271094777,8,8,active
84,"A Handbook of Court- Martial Procedure","Claro C. Gloria",9785204711679,7,7,active
85,"A Handbook On Arrest, Search& Seisure…","Oscar M. Herrera",9789022941317,4,4,active
86,"A Handbook on Legal Counselling & Interviewing","Mauricio C. Ulep",9786999386776,8,8,active
87,"A Handbook on Spoken English for Filipino","Carmelita Ballesteros",9789649909134,2,2,active
88,"A History of Civilization","C. Harold King",9783412328122,9,9,active
89,"A History of the Royal Dental Hospital of London..","Smith Ernest G.",9786797403446,1,1,active
90,"A Holy Nation","Carl Koch",9781349361830,2,2,active
91,"A Just War","Ernesto F. Herrera",9784210249947,1,1,active
92,"A Last English Summer","Hamilton Duncan",9781746488772,2,2,active
93,"A Leader in the Making","Joyce Meyer",9789065940131,1,1,active
94,"A Life on the Road","Charles Kuralt",9784902787429,1,1,active
95,"A Long Way From Home","Brokaw Tom",9787175655129,2,2,active
96,"A Long Way From Hope","Brokaw Tom",9786746807158,2,2,active
97,"A Loo With A View","Barclay Luke",9785168087605,2,2,active
98,"A Macro Perspective On Tourism & Hospitaity","Lim Romeo D.",9788597703481,5,5,active
99,"A Macro Perspective on Tourism & Hospitality","Lim Romeo",9784771093249,5,5,active
100,"A man of Honour","Barbara Taylor Bradford",9788613171270,1,1,active
101,"A Manual For Writers","Kate L. Turabian",9784846773786,9,9,active
102,"A Manual of Sysmatic Eyelid Surgery","J.R.O Collin",9786398214656,1,1,active
103,"A Modular Approach to Teaching Grammar Composition 1","Jomel B. Manuel",9780449972786,2,2,active
104,"A More Beautiful You in 21 Days","Ford's Eilen",9785588675338,2,2,active
105,"A Nasty Bit Of Rough","Feherty David",9783605766274,2,2,active
106,"A Nation's Heartbeat","Warren Galas Mayao",9782895171874,4,4,active
107,"A Nation's Heartbeat Character Formation Through Nationalism and Patriolism","Women Galas Moyao",9782621745966,1,1,active
108,"A Nation's Heartbeat; Character Formation Through Nationalism and Patriotism","Warren Galas Mayao",9785865780915,1,1,active
109,"A Nations Heartbeat Character Formation Through  Nationalism And Patriotism","Warren Galas Mayao",9784316117249,5,5,active
110,"A New You",Unknown,9780504556234,4,4,active
111,"A Nose for Justice","Mae Rita",9789222196937,2,2,active
112,"A Palm for Mrs. Pollifax","Dorathy Gilman",9789237474075,2,2,active
113,"A Place Apart","Dervla Purphy",9788217594642,2,2,active
114,"A place where the sea Remembers","Sandra Benites",9784367136954,2,2,active
115,"A Portfolio of 60 Phil. Art Masterpiece",Unknown,9784406409094,8,8,active
116,"A Practical Guide for Business Teachers..","Nimfa D. Dela Vera",9784395339426,2,2,active
117,"A Practical Guide To Business Communication","Shirley Taylor",9781047095211,9,9,active
118,"A Professional Approach Publisher","Bill and Karla Roberts",9785623285881,2,2,active
119,"A Quiet World","Myers David G.",9782474517123,2,2,active
120,"A Real-Life Story Pope Francis…","Gormley Beatrice",9786851604819,1,1,active
121,"A Research Bibliography","Maher Paul E.",9785496513708,2,2,active
122,"A Research Paper",Unknown,9789317461209,2,2,active
123,"A Revalation of Christ",Unknown,9784711382679,1,1,active
124,"A Rulling Passion","Michael Judith",9788692617966,2,2,active
125,"A Salty Piece of Land","Buffett Jimmy",9780537735156,2,2,active
126,"A Season of Angels","Kinkade Thomas",9780643171398,2,2,active
127,"A Simplified Approach in Learning","Evangeline Madrid-Hirata",9780532931836,4,4,active
128,"A Simplified Approach to Microsoft Excel","Evangeline Hirata",9783352904226,8,8,active
129,"A Simplified Approach to Taxation, Agrarian..","Ramirez and Lee",9782102053955,2,2,active
130,"A Simplified Approach to Thesis and …","Erlinda Galero - Tejero",9782402681179,4,4,active
131,"A Simplified Work-text in logic","Ian Nicholas O. Juan",9785891783904,2,2,active
132,"A Sistimental Traitor","Michael Bobbs",9787007661779,2,2,active
133,"A Slobbering Love Affair","GoldBeng Bernard",9781592124992,1,1,active
134,"A Son of A Circus","Irving John",9786984789612,2,2,active
135,"A Stillness at Appo","Bruce Catton",9788367365765,1,1,active
136,"A Storm of Swords","George Martin",9781565452718,7,7,active
137,"A Study on the Firearms Identification and Investigation","Artemio I. Panganiban",9781161528091,1,1,active
138,"A Suitable Boy",Unknown,9781656049452,2,2,active
139,"A Survival Guide for Culinary Arts Professional","Alan Gello",9789832731580,1,1,active
140,"A Survival Guide for Culinary Arts Professionals","Alan Gellb",9781493689989,6,6,active
141,"A Survival Guide for Hotel Professionals","Alan Gelb",9789402445503,1,1,active
142,"A Survival Guide for Hotel Professionals","Karen Lavine",9782961201832,1,1,active
143,"A Survival Guide of Hotel Professionals","Karen Lavine",9786752545990,7,7,active
144,"A Tale of Two Cities","Charles Dickens",9780229014767,1,1,active
145,"A Tast of China",Unknown,9789764381563,2,2,active
146,"A Taste of Italy",Unknown,9784978403698,1,1,active
147,"A Taste of Troop 928 Cookbook",Unknown,9780343244514,1,1,active
148,"A Taste of Vitality","Foy Mark",9787622683880,1,1,active
149,"A Textbook in College Freshman English","Elena P. Gatdula",9781606071595,2,2,active
150,"A Textbook of Engineering Drawing","Lal Roop",9789664160527,7,7,active
151,"A Textbook of Histology","William Bloom",9785161369685,2,2,active
152,"A Textbook on Comparative Police and Criminal Justice System","Mario A. Garcia",9786453521811,4,4,active
153,"A Textbook on Comparative Police and…","Garcia Mario A.",9788355231249,8,8,active
154,"A Textbook on Comporative Police &…","Garcia Mario A.",9782921277990,5,5,active
155,"A Time To Run","Boxer Barbara",9789955271772,2,2,active
156,"A Travel to the Literature of the World","Claudio V. Tabotabo",9784905814771,2,2,active
157,"A Very Private Plot","Buckley William F. Jr.",9780541199869,1,1,active
158,"A Visitor's Guide to the Pick District","Porter Lindsey",9789807935975,2,2,active
159,"A Voyage Long Strange","Horwitz Tony",9780715182031,1,1,active
160,"A Wedding in December","Shreve Aniita",9787889255462,2,2,active
161,"A Wiked Show","Gregg Olsen",9785905151866,7,7,active
162,"A Wolf at the Table","Augusten Barroughs",9784925192545,2,2,active
163,"A Work Text in : Economics 1N",Unknown,9782914865289,2,2,active
164,"A year in the Sun","Vecsey George",9786850542358,1,1,active
165,"A+ Guide to Managing and Maintaining Your PC..","Andrew Jean",9787332214183,10,10,active
166,"A-Z of Family Health",Unknown,9785929622298,1,1,active
167,"ABC's of Criminal Investigation Intelligence","Guevarra Hibionada",9782706537943,10,10,active
168,"About Dogs","Booth George",9783834735973,2,2,active
169,"Abstract Algebra","Ymas Sergio E. Jr,",9784688623928,7,7,active
170,"ABU NIPAL: A Gun for Hire","Patrick Seale",9780758181411,2,2,active
171,"AC/DC Principles","3G E-Learning",9782478261374,10,10,active
172,"Access 95 Client/ Server Development","Michelle A. Poolet",9780606853613,2,2,active
173,"Access Introduction to Travel and Tourism","March Mancini",9783051522042,6,6,active
174,"Accion !","Vicki Galloway",9787277901049,10,10,active
175,Accounting,"Peter J. Eisen",9782898614347,5,5,active
176,Accounting,"Barbara Gilder Quint",9780369711793,1,1,active
177,"Accounting An Introduction","Paul H. Walgenbach",9780893246099,8,8,active
178,"Accounting an Introduction","Imogene Posey",9783962185183,2,2,active
179,"Accounting for : Partnership and Corporation","Rafael M. Lopez Jr.",9788880670650,8,8,active
180,"Accounting For Hotel and Restaurants Management..\","Bartolome R. Urbano",9780515319521,6,6,active
181,"Accounting for Hotels & Restaurants","Ma. Elenita B. Cabrera",9785852772213,4,4,active
182,"Accounting for Hotels and Restaurants","Ma. Elenita B. Cabrera",9780430305487,2,2,active
183,"Accounting for HRM and Tourism Industry","Urbano Bartolome R.",9788740345056,7,7,active
184,"Accounting Fundamentals","Ballada Susan",9781566765275,2,2,active
185,"Accounting Handbook","Joel G. Siegel",9787584161693,9,9,active
186,"Accounting Information System","James A Hall",9788451154473,1,1,active
187,"Accounting Information Systems","Hall James A.",9786275705963,8,8,active
188,"Accounting Principles","Jesse T. Weygandt",9780165820293,6,6,active
189,"Accounting Principles","C. Rollin Niswonger",9780213556907,2,2,active
190,"Accounting Principles !","Amelia M Arganda",9782755719284,8,8,active
191,"Accounting Principles 1 Workbook","Amelia M Arganda",9786543102784,6,6,active
192,"Accounting Principles Computer- Assisted…","Louis F. Biagioni",9788144739475,7,7,active
193,"Accounting Principles Using Excel For …","James Reeve",9781217271551,5,5,active
194,"Achieve Financial Freedom","Botkin Sandy",9781884422584,9,9,active
195,"Achievement and Self- Discovery","Alfredo T. Morales",9781323705896,1,1,active
196,"Achieving Movement Competency Through PathFit 1","Mary Joy B. Catanguit",9787829114675,6,6,active
197,"ACLS Provider Manual",Unknown,9786912517782,2,2,active
198,"Acquisition of English Grammar","Tavora Gideon",9782892268010,6,6,active
199,"Acquisition of English Grammar","L. Joseph",9782422535841,8,8,active
200,Acropolis,Unknown,9784384249811,1,1,active
201,"Across Five Aprils","Hunt Irene",9789922995908,1,1,active
202,"Across the Centuries","Jacqueline Cordova",9780109439697,10,10,active
203,"Actin- Monomer- Binding Protiens","Pekka Lappalainen",9787844736470,1,1,active
204,"Action Research","Glance Jeffrey",9780276773594,4,4,active
205,"Action Research Made Easy: A Practical Guide…","Bondoc Victoriana P.",9785556258815,5,5,active
206,"Active Literacy Aross the Curriculum","Jacob Heidi Hayes",9783714732108,6,6,active
207,"Active Problem Solving for Differentiated Instruction Math",Willard,9786963259532,6,6,active
208,"Acts and Resolutions",Unknown,9782787747019,10,10,active
209,Addition,"Jordan Toni",9788733950045,2,2,active
210,"Administrative Action","William H. Newman",9789748016245,2,2,active
211,"Administrative Law, Law on Price officers","Neptali A. Gonzales",9785650609834,9,9,active
212,"Administrative Office Management","Marvic Flores",9788416878499,6,6,active
213,"Admiralty Sailing Direction",Unknown,9782165585233,1,1,active
214,Admissions,"Lieberman Nancy",9788000257877,2,2,active
215,"Adobe Photoshop CC 2018 Release","Faulkner Andrew",9789825952695,1,1,active
216,"Adobe Photoshop Lightroom Classic CC","Evans John",9784958887944,9,9,active
217,"Adobe Photoshope (8) CS6","Chris Botello",9780551694095,2,2,active
218,"Advance Accounting","Pedro P. Guerero",9784993097285,7,7,active
219,"Advance Convention and Event Managementr","Victor Nelson",9789623091305,9,9,active
220,"Advance Engineering Mathematics","O' neil Peter V.",9785626368970,2,2,active
221,"Advance Mathematics","Coxford Arthur F.",9780283857867,10,10,active
222,"Advance Writing","Jimboy B. Pagalilauan",9782785854979,6,6,active
223,"Advanced Account Solution Manual","Floyd A. Beams",9783484344372,1,1,active
224,"Advanced Accounting","Ma. Violeta V. Vicente",9787584419862,2,2,active
225,"Advanced Accounting","Amelia M Arganda",9785240415746,2,2,active
226,"Advanced Accounting","Harry Simons",9787338484214,9,9,active
227,"Advanced Accounting","Simons / Karrenbrock",9789330833014,8,8,active
228,"Advanced Accounting 1","Ma. Violeta V. Vicente",9785712082674,7,7,active
229,"Advanced Accounting 2","Maria Violeta V. Vicente",9783454019385,7,7,active
230,"Advanced Algebra Trigonometry & Statistics","Fernando B. Oriones",9780262067249,9,9,active
231,"Advanced d Base II Plus","Miriam Liskin",9780499154781,1,1,active
232,"Advanced Electronic Communications-System","Wayne Tomasi",9787287431529,8,8,active
233,"Advanced Engineering Mathematics","Peter V. O'neil",9787420549326,9,9,active
234,"Advanced Financial Accounting","Richard E. baker",9786685161229,8,8,active
235,"Advanced Grammar & Composition Module","Aceron Romel M.",9785304637459,7,7,active
236,"Advanced Luminesoent Materials & Quantum…","N. Cahay",9789904530172,2,2,active
237,"Advanced Mechanics of Materials","Boresi Arthur P.",9782684145932,6,6,active
238,"Advanced Skills in Reading","Joseph C. Gainsburg",9782727956877,1,1,active
239,"Advanced Speech Communication","Edna M. Dela Cruz",9783918785191,1,1,active
240,"Advanced Spread Speech and Database Design","Aida M. Madrigal",9780883982259,1,1,active
241,"Advanced Training Fire Fighting","Florencio T. Ventosa",9781397187079,2,2,active
242,"Adventures in America Junior English inAction","John Gehlmann",9788679087409,5,5,active
243,"Adventures in Appreciation","Brother Basilian Richard",9784039106513,2,2,active
244,"Adventures in English Literature","J.B. Priest Ley",9781704622651,1,1,active
245,Advertising,"Julita R. Gomez",9787661825128,7,7,active
246,"Advertising and Promotion","George E. Belch",9786823004784,8,8,active
247,"Affirming the Filipino An Anthology of Phil. Lit.","Ma Teresa Martinez- Sicat",9788633752435,2,2,active
248,AFIS,"Cacdac Arturo G.",9781069033116,9,9,active
249,"AFIS Automated Fingerprint Identification System","Arturo G. Cacdac",9780790306735,8,8,active
250,"African- American Perspectives","Anne T. Sutan",9780284395993,1,1,active
251,"African-American Biography","Duke Ellington",9783428364404,2,2,active
252,"African: American Derspectives","Anne T. Sultan",9786870568567,1,1,active
253,"Against All odds",Press,9782462873347,2,2,active
254,AGING,"Harold Cox",9782708668829,10,10,active
255,"Agricultural Land Reform Code",Unknown,9783435175185,7,7,active
256,"Ainslie's Complete Guide To Thoroughbred Racing","Ainslie Tom",9780469901391,1,1,active
257,"Air Pudding and Wind- Sauce","Harris Theodore L.",9787354033175,1,1,active
258,"Air Ticketing & Travel Management","Roman Dias",9789363854673,5,5,active
259,"Airport Gournd Handling","Philip Carvalho",9785445877172,8,8,active
260,"Alba's Medical Technology",Unknown,9785355609320,10,9,active
261,"Alcoholics Anonymous",Unknown,9784899642350,1,1,active
262,"Alentjo Blue","Ali Monica",9786937854770,1,1,active
263,Algebra,"Welchons/ Pearson",9782522872808,7,7,active
264,Algebra,"D. Franklin Wright",9781006231209,1,1,active
265,"Algebra & Trigonometry","Dolciani Mary P.",9788750997702,5,5,active
266,"Algebra 1","Jan Fair",9788860084842,1,1,active
267,"Algebra 1 Concepts and Skills","Ron Larson",9788621182336,1,1,active
268,"Algebra and Geometry: An Introduction to…","Lawson Mark V.",9785461567934,2,2,active
269,"Algebra and Trigonometry","Max A. Sobel",9784101666877,1,1,active
270,"Algebra and Trigonometry","Dolciani Mary P.",9780217659185,1,1,active
271,"ALGEBRA Book 2","Knickenberger Welchons",9783397401483,4,4,active
272,"Algebra Denystified","Rhonda Huethenmueller",9782503926148,1,1,active
273,"All By My Selves","Dunhum Jeff",9789396856217,1,1,active
274,"All In","Chizik Gene",9780163159999,2,2,active
275,"All In what it Takes to be the best","Chizik Gene",9785047735863,2,2,active
276,"All or Nothing","Page Lynda",9782961943114,2,2,active
277,"All Season Guide to Gardening Winter",Unknown,9782626551104,2,2,active
278,"All Things Bright and Beautiful","James Herriot",9787541212673,2,2,active
279,"All Those Mornings At The Past","Maury Lynn",9781015819955,2,2,active
280,"All's Fair in Love and Law","Hammond Alan",9780466183981,2,2,active
281,Almaniac,Unknown,9786224447210,1,1,active
282,Alta,"Mercedes Lackey",9786464715438,1,1,active
283,"Altering Course","Coote John",9789937124065,2,2,active
284,"Alternating Current Circuit","R.M Kerchner",9789657569245,2,2,active
285,"Amcp's Preparing for Qualifying Examination…","Bernstein Andres",9789375265474,6,6,active
286,"Amendment of Life","Aird Catherine",9785646519390,1,1,active
287,America,"George Brown Tindall",9788073741679,1,1,active
288,"America Back on Track","Kenedy Edward M.",9784342661792,1,1,active
289,"America The Beautiful","Minor Wendell",9789688680582,2,2,active
290,"America's Date's With Destiny","Pat Robertson",9781352909654,1,1,active
291,"American Cookery","Simmons Amelia",9786101438881,10,10,active
292,"American Government","Bruce Stinebrickner",9789375679820,8,8,active
293,"American Government Policies and Functions","Lee Seifert Greene",9780714611259,6,6,active
294,"American History","Robert James Maddox",9785738757174,6,6,active
295,"American Literature","Janice Campbell",9787514010510,9,9,active
296,"American most Wanted Recipes","Douglas Ron",9783828258679,1,1,active
297,"American most Wanted Recipes",Unknown,9786226609371,1,1,active
298,"Amish Recipes",Unknown,9786033419187,2,2,active
299,"Amy's Answering Machine","Amy Borkowsky",9785537147855,1,1,active
300,"An Anthology","Damiana L. Eugenio",9786969155791,8,8,active
301,"An Atlas of Embryology","W.H. Freedom",9784991251344,5,5,active
302,"An Eye for Art Appreciation","Ramir Philip Jones Sonsona",9782528669297,4,4,active
303,"An Index to Publications of the American Fewish","Gurock Jeffrey S.",9786278282744,2,2,active
304,"An Infallible of Identification","Vibal Luisito B.",9782579050723,1,1,active
305,"An Inflallible Science of Identification","Vibar Luisto B.",9786887676774,5,5,active
306,"An Instant Guide To Birds","Lambert Mike",9781903404386,1,1,active
307,"An Introduction to English Literature","Ranjan Ma Yank",9782797881918,6,6,active
308,"An Introduction to Linguistics","Ortiiga Sasha",9788580783612,6,6,active
309,"An Introduction to Literature Criticism and Theory, Sixth Edition","Andrew Bennett",9783407451712,9,9,active
310,"An Introduction to Modern Police Firearms","Duke Roberts",9783395962924,10,10,active
311,"An Introduction to Nonprocedural Languages","Thomas D. Truitt",9783309584983,10,10,active
312,"An Introduction to Organizational Behavior","Stephen P. Rabbins",9785449481269,1,1,active
313,"An Introduction to Physical Science","Shipman James T.",9784223253672,4,4,active
314,"An Introduction to Programming Using Alice 2-2","Herbert Charles W.",9789466711682,5,5,active
315,"An Introduction to Stochastic Processes…","Chin Long Chiang",9784577590171,9,9,active
316,"An Introduction to the Tellington- Jones Equine","Jones Linda Tellington",9781863637459,2,2,active
317,"An Unreasonable Woman","Wilson Diane",9784589297501,10,10,active
318,"Analog and Digital Circuits for Electronic Control","Inoue Haruto",9781701277069,4,4,active
319,"Analysis Evaluation or Conceptual Models of Nursing","Jacqueline Fawcett",9782424154156,5,5,active
320,"Analytic Geometry",Unknown,9782064361105,9,9,active
321,"Analytic Geometry w/ Solid Mensuration…","Felipe L. Commandante",9787129387007,5,5,active
322,"Analytical Chemistry A Chemist and..","Ham Bryan M.",9785162713616,9,9,active
323,"Anatomy & Physiology","Stanley E. Gunstream",9781155426228,9,9,active
324,"Anatomy and Phsiology","Harold J. Benson",9788909275323,4,4,active
325,"Anatomy and Phsiology","romeo M. Albornoz",9789731121963,7,7,active
326,"Anatomy and Physiology Coloring Workbook","Elaine N. Marieb",9786523413893,2,2,active
327,"Anatomy of Physiology","Harold J. Benson",9789404389836,8,8,active
328,"And Another Thing…","Clarkson Jeremy",9784037613792,2,2,active
329,"And Now A Few Words From Me","Bob Garfield",9788055269658,1,1,active
330,"And The Horse He Rode In On","Carville James",9787109104303,1,1,active
331,"And Then Jack Said to Arnie…","Wade Don",9786848666189,1,1,active
332,"Ang Bagong Pamahayagan sa Filipino","Nacisco V. Matienzo",9789241418324,8,8,active
333,"Ang El Filibusterismo ni Jose Rizal…","Aurora E. Batnag",9786914630311,2,2,active
334,"Ang Filibusterismo ni Dr. Jose Rizal","Maria Odulfo De Guzman",9781799042105,2,2,active
335,"Ang Mamamayan at ang Kanyang Pamahalaan","Nenita J. De Guzman",9780275884253,1,1,active
336,"Ang Noli Me Tangere Ni Jose Rizal","Aurora E. Batnag",9784105648145,5,5,active
337,"Ang Pakikipagtalastasan sa Harap ng Kataastaasang Hukuman",Unknown,9789177850793,9,9,active
338,"Ang Pambansang Bayani ng Pilipinas","Consolacion P. Sauco",9785241913807,1,1,active
339,"Ang Panitikan at Kulturang Filipino","Teresita Perez-Semorlan",9780307562203,4,4,active
340,"Ang Pilibusterismo","Ester R. Madriaga",9783536541957,2,2,active
341,"Ang Sining ng Paikipagtalastasang Panlipunan","Erlinda Mariano Santiago",9788023806175,1,1,active
342,"Ang Sining ng Pakikipagtalastasan sa…","Erlinda Mariano Santiago",9784518705343,2,2,active
343,"Ang Talumpati ng ating Kasaysayan","Vivian L. Balaris-Tica",9789375973836,2,2,active
344,"Ang Wika Natin","Antonia F. Villanueva",9780603850509,1,1,active
345,"Angle- American and Filipino Literature","Josephine B. Serrano",9784138367020,2,2,active
346,"Animal Parasitology","Dennis Emaralino Dantic",9781038657190,2,2,active
347,"Animation and Multimedia","Jemma Development Group",9788261990629,1,1,active
348,"Anina ng mga Alon","Eugene Y. Evasco",9784456557431,1,1,active
349,"Anne of Green Gables","L.M. Montgonery",9783291212772,1,1,active
350,"Another Beat","Posy Edwards",9786185374747,2,2,active
351,"Another City, Not My Own","Dunne Dominick",9781249035213,1,1,active
352,"Answer to Bar Examination","Bartolome S. Cardle",9783568044204,9,9,active
353,"Answers to Bar Examination Questions in Labor…","U.P Law Complex",9787883171218,7,7,active
354,"Anthology of Amazing Women","Sandra Lawrence",9780323651998,1,1,active
355,Anthropology,"Joy Hendry",9781013721519,2,2,active
356,"Anthropology Engaging Theology: Catholic Perspectives","Susan A. Ross",9787029667063,4,4,active
357,"Anxiety Happens","John P. Forsyth",9786253244729,9,9,active
358,"Anything For Billy","Mc Murtry Larry",9789993476870,1,1,active
359,"Aoronic Priesthood",Unknown,9781462638383,4,4,active
360,"Appetizers, Salads, and Sandwiches…",Unknown,9786578759854,1,1,active
361,"Appletons & Languages Outlines Review","Goldberg Joel S.",9784205930409,2,2,active
362,"Applications in Recreation and Leisure","Kathleen A. Cordes",9787859321333,10,10,active
363,"Applied Business Tools","James Saycip",9788039652230,6,6,active
364,"Applied Business Tools & Technologies in Tourism & Hospitality","Bernardo Rodolfo",9785590599295,8,8,active
365,"Applied Business Tools and Technology","Rene D. Osorno",9787842701036,5,5,active
366,"Applied Economics","Delos Reyes Rica Ancheta",9783087059321,8,8,active
367,"Applied Police and Fire photography","Raymond P. Siliander",9782500292185,2,2,active
368,"Aquatics (Basic Swimming)","Mogol Adonis",9785156915453,10,10,active
369,"Archaelogy 98/99",Unknown,9782675289539,5,5,active
370,"Architectural Digest The AD 100",Unknown,9786442209690,1,1,active
371,Arise,Clayton,9782959391729,1,1,active
372,Arise,"Kershaw Ellen",9781355215707,2,2,active
373,"Aritificial Intelligence","George F. Luger",9783315410061,2,2,active
374,"Arkansas Traveler","Fowler Earlene",9786267658611,2,2,active
375,"Arnie & Jack","Connor Ian O.",9789327104059,2,2,active
376,"Around the World in 80 Days","Woods Rosemary",9781152621817,2,2,active
377,"Around the World Ornomes","Around the World",9789970629626,2,2,active
378,"Art Appreciation","Caslib Bernardo",9781533688446,4,4,active
379,"Art appreciation","Ernesto Thaddeus Solmerand",9783106987208,6,6,active
380,"Art Appreciation","Remedios A. Sanchez",9780614973105,6,6,active
381,"Art Appreciation","Pamela N. Canete",9782417146779,5,5,active
382,"Art Appreciation","Roland Lorenzo M. Ruben",9781862565272,2,2,active
383,"Art Appreciation For College Students","Leano Roman D.",9784774349022,4,4,active
384,"Art Appreciation: Introductory Reading…","Regadio Crisanto Q. Jr.",9781158693801,10,10,active
385,"Artemis Fowl the Time Paradox","Eoin Colfer",9788687937413,2,2,active
386,"Arts Across Time Borders","Bienvenido Batallons C.",9780898992175,7,7,active
387,Aruba,"Holloway Dave",9782332061638,1,1,active
388,"As Husbands Go","Isaac Susan",9789451168682,1,1,active
389,"Ashes to Ashes","Fintoff Andrew",9784870998612,2,2,active
390,"Asian Civilization","Roman D. Leanno Jr.",9782299911915,7,7,active
391,"Asian Civilization Discovering The..","Lim Anthony M.",9784856467996,10,10,active
392,"Asian Cuisine","Osorno Rene D.",9780246299604,7,7,active
393,"Asian Cuisine","Loida R. Banzuelo",9785307450543,7,7,active
394,"Ask The Cards A Question","Muller Moreia",9784713247549,2,2,active
395,"ASP,ADO,XML Complete",Unknown,9786913736786,9,9,active
396,"Aspen Gold","Janet Daily",9780821486283,2,2,active
397,"Assesment in Learning 1","Dr. Marilyn Ubiña-Balagtas",9780233030708,8,8,active
398,"Assesment in Learning 2","Dr. Marilyn Ubiña-Balagtas",9783457861035,6,6,active
399,"Assesment Of Students Learning 1&2","Del Socorro Ph.D.",9787972798555,6,6,active
400,"Assesment of Students Learning 2","Barbacena Cheerypyn B.",9784140602935,5,5,active
401,"Assessing Children's Needs and Circumstances","Hedy Clever",9783346800725,1,1,active
402,"Assessing Students Learning A Common..","Suskie Linda",9782903494469,9,9,active
403,"Assessment in Learning 1","Helen B. Boholano",9785743748969,7,7,active
404,"Assessment in Learning 1","Lilibeth G. Abrogena",9781085899444,8,8,active
405,"Assessment in Learning 2: Authentic Assessment","Brenda B. Corpuz",9781715454449,9,9,active
406,"Assessment of Childrens Development & Learning","Tizza Marie Navarro",9782830965209,5,5,active
407,"Assessment of L earning","De Guzman Esterfania",9784466609939,2,2,active
408,"Assessment of Learniing II","Gabuyo Yonardo A.",9783875842821,6,6,active
409,"Assessment of Learniing Outcomes","Navarro Rosita L.",9781724825131,6,6,active
410,"Assessment of Learning","Buenaflor Roberto C.",9783465549475,6,6,active
411,"Assessment of Learning 1","De Guzman Estefania S.",9787099917389,1,1,active
412,"Assessment of Learning 1","Jonathan L. Mañas",9786846022352,4,4,active
413,"Assessment of Learning 2","Calmorin, Paler Laurentina",9789725217528,2,2,active
414,"Assessment of Learning 2","Cajigal Ronan M.",9780074329276,6,6,active
415,"Assessment of Learning Outcomes","Danilo S. Guitierrez",9781296666767,10,10,active
416,"Assessment of Student Learning 1","Laurentina Paler-Calmorin",9780835058308,4,4,active
417,"Assessment of Student Learning 1","Flordeliza C. Buendicho",9783354216891,1,1,active
418,"Assessment of Student Learning 2","Laurentina Paler-Calmorin",9782104478985,6,6,active
419,"Assessment of Students Learning 1","Rico, Alberto A.",9786257532600,6,6,active
420,"Assessment of Students Learning 1","Barbacena Cherrypyn B.",9783230982155,5,5,active
421,"Assignment in Africa","Joan Tate",9786489090107,1,1,active
422,"Assignment in Exposition","Clemente Dunbar",9781676184720,4,4,active
423,"At Guide to Managing and Maintaining Your …","Jean Andrews",9780461849929,5,5,active
424,"At Home in Mitford","Karon John",9781891411731,2,2,active
425,"At My Mother's Knee… And Other Law ..","O' Grady Paul",9784835642086,1,1,active
426,"At My Mother's Knee… and other Low Joints","Paul O' Grady",9783753001197,2,2,active
427,"At Your Service Food Service Manual","Evelina G. Escudero",9787218114378,9,9,active
428,"At Your Service: A Waiter's Manual","Evelina G. Escudero",9784701204554,6,6,active
429,"Atlas of Normal Histology","Mariano S.H Di Fiore",9781100225579,7,7,active
430,"Atlas of the World",Unknown,9781552166741,2,2,active
431,"Atlas of the World","Patrick K. O'Brien",9787621202167,2,2,active
432,Atom,"Bizony Piers",9789729659027,2,2,active
433,"Auditing Principles and Procedures","Arthur W. Holmes",9787167014507,2,2,active
434,"Auditing Standards and Procedures","Arthur W. Holmes",9785889163756,1,1,active
435,Aurora,Kirkpatrick,9782890028777,2,2,active
436,"Australia The Hard Way","Pyle David",9781753540838,1,1,active
437,"Auto CAD 14",Unknown,9786631779713,8,8,active
438,"AutoCAD 2018: A Power Guide for Biginners..","CAD Artifex",9787751701660,10,10,active
439,"Autocad 2019 Tutorial First Level","Shih Randy H.",9788801994889,4,4,active
440,"AutoCAD for Dummies","Fane Bill",9787550375895,5,5,active
441,"Automated Fingerprint Identificaton System","Arturo G. Cacdac",9787571130558,8,8,active
442,"Automatic Vaudeville","Lahr John",9788851027261,2,2,active
443,"Automotive Servicing: Beginner","3G E Learning",9784933163735,4,4,active
444,"Aviation Marketing","Nuved Numere",9781609177980,2,2,active
445,"Awesome Restaurant Recipe's",Unknown,9787080869789,1,1,active
446,"Baby Bootcamp","Mollary Kane",9789221699583,1,1,active
447,"Baby Massage: The Calming Power","Alan Health",9786934654724,2,2,active
448,"Baby Names Now","Linda Rusenkrantz",9786984858332,1,1,active
449,"Back Roads and Gateaway Places of Canada",Unknown,9789452288518,1,1,active
450,BackLash,"Faludi Susan",9788799684601,2,2,active
451,"Bagong Diksyunaryong Pilipino- Pilipino","Julio Silverio",9780620034241,1,1,active
452,"Bailey's Beads","Wolverton Terry",9782043805712,2,2,active
453,"Baisc Safety Course Compedium",Unknown,9788386384068,8,8,active
454,"Banana's Can't Fly","Des O'Conner",9786580043972,2,2,active
455,"Bananas Can't Fly!","Des O'connor",9785989334728,1,1,active
456,"Bank Security Management","Joel M. Ajero",9781228160646,9,9,active
457,"Bank Security Management","Miller F. Peckley",9784229405723,8,8,active
458,"Banking Laws in the Phils.","Jose N. Nolledo",9782590947989,4,4,active
459,"Banquet And Catering Procedures","Ulysses C. Catchilar",9781583281826,2,2,active
460,"Bar & Beverage  Management","Grayfield T.  Bajao",9788861533554,7,7,active
461,"Bar & Beverage Service","Lorenzo G. Rojo",9784398780157,6,6,active
462,"Bar & Beverage Service w/ Mixology","Rojo Lorenzo G.",9783993056162,7,7,active
463,"Bar and Beverage Management","Grayfield T. Bajao",9788408588771,6,6,active
464,"Bar and Beverages Service with Mixology","Lorenzo G. Rojo",9784358112882,4,4,active
465,"Bar Review Materials in Commercial Law","Jorge Miravite",9781336138612,4,4,active
466,"Barack Like Me","Grier David Alan",9780750110242,1,1,active
467,"Barangay Financial Administration",Unknown,9781934667668,8,8,active
468,"Barber Turned Millionaire","Fernando Gastro Jr.",9780618091904,2,2,active
469,Barking,"Evan Liz",9785814491473,1,1,active
470,Barry,"Parrish Steve",9786072832688,2,2,active
471,"Bartending for Dummies","Raffetto Meri",9782450882108,6,6,active
472,"Bartending Made Easy","Dixon Janette",9789968814355,1,1,active
473,"Bartending: Intermediate","3G E-Learning",9786822239439,5,5,active
474,"Baseball Bafflens","Makou Fastball",9782908781410,1,1,active
475,"Baseball in April and Other Stories","Gary Soto",9781397552310,2,2,active
476,"Basic Accounting","Rafaela Lopez Jr.",9789135775946,2,2,active
477,"Basic Accounting","Win Lu Ballada",9789299556207,9,9,active
478,"Basic Accounting","Edwin G. Valencia",9783364525778,6,6,active
479,"Basic Accounting for Non-Accountants","Philip T. Abitang",9785478129149,2,2,active
480,"Basic Accounting Principles & applications","Carlito V. Reyes",9782834110803,10,10,active
481,"Basic Accounting Simplified","Alvin L. Lesser",9789308488727,2,2,active
482,"Basic Arithmetic for Young Filipinos","Castro Victoria B.",9786394278812,2,2,active
483,"Basic Auditing Practice","Petronilo S. Santos",9785803928270,7,7,active
484,"Basic business Finance : Management Approach","Ruby F. Alminar-Mutya",9782992750378,5,5,active
485,"Basic Business Finance Managements","Alminar- Mutya Ruby F.",9781453038567,5,5,active
486,"Basic Calculus for Senior High School","Pagala Renante C.",9787005184492,7,7,active
487,"Basic Calculus for Senior High School","Reyes Juan Apolinario C.",9789266591842,8,8,active
488,"Basic Campus Journalism","Ceciliano-Jose B. Cruz",9783865577900,2,2,active
489,"Basic Communicatioin & Thinking Skills For..","Leticia P. Atienza",9787231843224,1,1,active
490,"Basic Computer Education II","Evelyn O. Gorospe",9785913651778,1,1,active
491,"Basic Computing Principles","B. West",9783926030290,2,2,active
492,"Basic Concept on Microsoft Office","Evangeline Madrid - Hirata",9782809202427,1,1,active
493,"Basic Concepts on Microsoft Office","Evangelilne Madrid- Hirata",9786990413792,8,8,active
494,"Basic Concepts on Windows Applicants","Evangeline Madrid-Hirata",9787236929299,7,7,active
495,"Basic Course in Fire Fighting","Carlos L. Aguada",9788425799136,9,9,active
496,"Basic Criminal Procedure","Antonio R. Bautista",9786210388626,7,7,active
497,"Basic Criminal Procedure","Victor Tulalian",9781279908815,8,8,active
498,"Basic Diet Theraphy for Filipinos","Virginia s. Claudio",9787298068653,1,1,active
499,"Basic Economics","Thomas Sowell",9780863765995,10,10,active
500,"Basic Electric and Electronics Engineering","3G E Learning",9786247314988,4,4,active
501,"Basic Electrical and Electronics Engineering","3G E- Learning",9784300981801,2,2,active
502,"Basic Electrical Engineering","3G E Learning",9783565126941,7,7,active
503,"Basic Electrical Engineering","Rona Mayan",9788695946360,6,6,active
504,"Basic Electrical Engineering with..","PS Dhogal",9788725887441,8,8,active
505,"Basic Electrical Power Distribution","Anthony J. Pansini",9785621372132,8,8,active
506,"Basic Electronical Engineering","3G E Learning",9785890260123,2,2,active
507,"Basic English for College","Emy M. Pascasio",9789611435197,2,2,active
508,"Basic English Grammar","Dela Cruz Allan",9786698490279,4,4,active
509,"Basic Finance","Herbert B. Mayo",9780384309883,7,7,active
510,"Basic Finance","Fe Nunez",9783920530215,9,9,active
511,"Basic First Aid Guide CPR and Water Safety","Leonardo A. Bustria",9786566938018,6,6,active
512,"Basic Geography","Darlene J. Acceña",9788489554399,1,1,active
513,"Basic Grammar",Unknown,9787690426815,1,1,active
514,"Basic Journalism Handbook","Viduya Filemon V.",9781845184896,8,8,active
515,"Basic Marketing","William D. Perreauvlt",9787697357792,6,6,active
516,"Basic Marketing","Gallagher Richard S.",9787141633564,1,1,active
517,"Basic Maternity Nursing","Persis Mary Hamilton",9788804341659,2,2,active
518,"Basic Mathematics","Renante C. Pagala Mat-Math",9788275539425,4,4,active
519,"Basic Mathematics for College Students","Gloria D. Benigno",9783733343330,9,9,active
520,"Basic Media Writing","Melvin Mencher",9789521117909,1,1,active
521,"Basic Microbiology","Volk/ Whceler",9787595794729,1,1,active
522,"Basic Nutrition for Filipinos","Verginia S. Claudio",9786392086785,2,2,active
523,"Basic Nutrition for Filipinos","Adele Jamorabo- Ruiz",9788562718755,1,1,active
524,"Basic of Cost Accounting and Control","Solita Frias",9780369155948,1,1,active
525,"Basic of Coust Accounting & Control","Solita Firas",9788434795525,5,5,active
526,"Basic of Crime Investigation","Nicholas S. Caballero",9786365564722,7,7,active
527,"Basic of Electronics and Microprocessor","3G E-Learning",9782931438664,8,8,active
528,"Basic Phoenetics","Teresita B. Padilla",9782270267284,1,1,active
529,"Basic Police Report Writing","Osoar Gatchalian Soriano",9787448906125,2,2,active
530,"Basic Programming Fundamentals","Rene D. Vencer",9783471754559,1,1,active
531,"Basic Safetty Course",Unknown,9788450615937,8,8,active
532,"Basic Safety Course","Capt. Wilijado P. Abuid",9784558771698,1,1,active
533,"Basic Safety Course",Unknown,9787225699615,2,2,active
534,"Basic Safety Course with Personal Safety",Unknown,9782535544969,4,4,active
535,"Basic Safety Course with personal Safety & Social Responsibility",Unknown,9787598762206,6,6,active
536,"Basic Safety Training",Unknown,9783413261114,5,5,active
537,"Basic Safety Training with PSSR","Wilijado Abuid",9788006811493,7,7,active
538,"Basic Self Defense","Marjorie Abisado-Robbins",9781643347226,5,5,active
539,"Basic Statisctics for Research","Rustico T. De Belen",9782005577848,8,8,active
540,"Basic Statistics A Work Text","Elizabeth B. Parreno",9787282997969,8,8,active
541,"Basic Statistics for Research","De Belen Rustico T.",9788457831743,8,8,active
542,"Basic Understanding to Hospitality & Tourism…","Velasco Evelyn O.",9786424008259,6,6,active
543,"Basics of Cybercrime Investigation","Nicholas S. Caballero",9787807740643,2,2,active
544,"Basics of the English Grammar","Allan O. De La Cruz, Ph. D.",9783085368661,8,8,active
545,"Basket Case","Hiaasen Carl",9782663416381,1,1,active
546,"Bath & Body Recipes",Unknown,9784846312244,2,2,active
547,Bats,"Johnson Davey",9787974973509,1,1,active
548,"Bay and Her Boys","Buchanon Bay",9780802144270,1,1,active
549,"Bayan ko",Unknown,9780312073565,9,9,active
550,"Be Our Guest","Kimnni Theodore",9787570512041,6,6,active
551,"Be the People","Swain Carol M.",9781872346014,2,2,active
552,"Be Your Own Moter Cycle Mechanic","John Thorpe",9786730371832,1,1,active
553,"Beacause It Is My Blood","Zevin Gabrielle",9786452088148,2,2,active
554,Beast,"Kennen Ally",9784350313652,2,2,active
555,"Beaver Tales","Audrey Tournay",9782491630096,1,1,active
556,"Becoming 21st Century Educational Leader","Llagas Avelina T.",9787925132719,10,10,active
557,"Becoming a Multicultural Education","Howe William A.",9789500528122,9,9,active
558,"Becoming a Travel Professional The Complete Guide","Sawyer Joseph",9783585730654,7,7,active
559,"Beer; Top into the Art and Science of Bewing ..","Bamfort Charles",9784077848734,1,1,active
560,"Before I go to Sleep","S.J. Wtason",9788557498211,1,1,active
561,"Before the Change","Gittleman Ann Louise",9787448570869,1,1,active
562,"Before You Leap","Evelina P. Alvarado",9782095935184,9,9,active
563,"Beginners Guide to C++ Programming","Pomperada Jake R.",9786387829458,10,10,active
564,"Beginning Algebra with Application","Exley Linda L.",9785118102204,7,7,active
565,"Beginning VBG Database Programming","John Connell",9781731096784,1,1,active
566,"Beginning with Cocktails","Anne Ray Streeter",9780539103717,2,2,active
567,"Beginnings of Life","Ricki Lewis",9780586509487,7,7,active
568,"Behavior in Organizations an Experimental","A.B. Shani",9781413811384,1,1,active
569,"Behavioral Science & Modern Penology","William H. Lyle Jr.",9783383928864,2,2,active
570,"Being Freddie the story so Far","Flintoof andrew",9789576122866,1,1,active
571,"Being George Washington","Beck Glenn",9782897558550,2,2,active
572,"Being Moral","Carl Koch",9786593983685,2,2,active
573,"Bel-Air Dead","Woods Stuart",9785776004902,2,2,active
574,Believers,"Shelter Jeffrey L.",9784043350483,1,1,active
575,Belly,"Davis Lisa Selin",9781075224591,1,1,active
576,"Bertie & The Crime of Passion","Lovesey Peter",9783441969310,1,1,active
577,"Best Approach in Crime Detection Investegation and Intelligence","Garcia Mario Baesa",9785727919408,9,9,active
578,"Best Approach in Crime Detection Investigation and Intelligence","Mario Baesa Garcia",9789610556619,9,9,active
579,"Best of The best",Unknown,9789060480588,1,1,active
580,"Best Recipes for the Home","Diamond Isiah",9785832067995,1,1,active
581,"Better Homes & Gardens Fish & Seafood",Unknown,9781364622510,8,8,active
582,"Betty Cocker Basic Recipes",Unknown,9789086416868,2,2,active
583,"Betty Cocker Best of Baking Recipe",Unknown,9782783769381,1,1,active
584,"Between Madison and Palmetto","Woodson Jacqueline",9783146591168,1,1,active
585,"Between the Lies","Levy Marv",9785535590424,2,2,active
586,"Between the Lines","Alter Jonathan",9789792703351,2,2,active
587,Beverage,"Bhat Kartik R.",9781103924059,5,5,active
588,"Beyer on Speed","Andrew Beyer",9784770538338,1,1,active
589,"Beyond Politics : Foundations of Political Philosophy","Aldrin P. Boes",9788792069801,2,2,active
590,"Beyond The Final Score","Osborne Tom",9782043940703,2,2,active
591,"Beyond the Horizon","Mercado Walter",9786451046361,4,4,active
592,"Big & Rich All Access","Kenny Big",9785798123872,1,1,active
593,"Big Bad- Ass Book of Cocktails","Paul Knorr",9780038457625,8,8,active
594,"Big Book of Why","John Perritano",9785554384042,1,1,active
595,"Big Data Analytics Database Management System","Suarez Conor",9780843256215,7,7,active
596,"Big Lies","Joe Corazon",9788936392642,2,2,active
597,"Big Russ And Me","Russerl Tim",9787823298326,2,2,active
598,"Big Sports, Big Business","Jozsa Frank P. Jr.",9788262925187,2,2,active
599,"Billburry One Dish Meals 2006",Unknown,9782520566471,1,1,active
600,Billy,"Stephenson Pamela",9782312209944,2,2,active
601,"Billy Ray's Farm","Brown Larry",9789330517280,1,1,active
602,"Billy Ray'sFarm","Larry Brown",9785267722339,2,2,active
603,"Binocular Anomalies Diagnosis & Vision Theraphy",Unknown,9786046333128,1,1,active
604,Bioethics,"Rose Mary D. Estoesta",9789757366096,7,7,active
605,Biology,"Cecie Starr",9785699988082,2,2,active
606,Biology,"Collen Belk",9787703886087,1,1,active
607,"Biology of Animals","Henry Kirkland",9788034764471,7,7,active
608,"BIOLOGY Principles & Explorations","Holt, Rinehart & W",9786490827716,1,1,active
609,"Biology the Unity and Deversity of Life","Starr Taggart",9782982665705,1,1,active
610,"Biology Today","Sandra S. Gottfried",9787937145219,5,5,active
611,"Birds Britanna","Moss Stephen",9781751868927,1,1,active
612,"Bitterroat Landing","Sheri Reynolds",9788602592222,7,7,active
613,"Black Gold","Bunkley Anita Richmond",9780644742122,1,1,active
614,"Black Notice","Patricia cornwell",9780940777804,1,1,active
615,"Blessings Upon Blessings",Unknown,9783397767190,2,2,active
616,Blokehood,"Lisa Swerling",9783849830229,1,1,active
617,"Blood Orchid","Stuart Woods",9785020994515,1,1,active
618,"Bloodstain Pattern Analysis","Tom Bevel",9781622499984,1,1,active
619,"Bloom and Fowcett : Concise Histology","Don W. Fawcette",9787950145562,1,1,active
620,"Blue Peter",Unknown,9786814721454,1,1,active
621,"Blue Peter","Steve Hocking",9788339019818,2,2,active
622,"Blue Upright","Raymond Steve",9789469548995,2,2,active
623,"Blues From Down Deep","Gwynne Forster",9782997877292,2,2,active
624,"Bod 4 God","Reynolds Steve",9784301071396,1,1,active
625,"Body Building and Self Defence","Myles Callum",9786055830342,2,2,active
626,Book,"Goldberg Whoopi",9781448850150,2,2,active
627,"Book of Pistols and Revolvers","Kent Bellah",9786990235578,6,6,active
628,"Book of Rottweilers","Ackerman Lowell",9780272785768,2,2,active
629,"Book of The Car",Unknown,9788495880390,1,1,active
630,"Bookkeeping Simplified","D.S Pasion",9785512405680,9,9,active
631,"Border Music","Robert James Waller",9789962914501,1,1,active
632,Borderland,"S.K. Epperson",9786173574388,2,2,active
633,"Both Ends of the Night","Macia Muller",9782150317801,2,2,active
634,"Botton of the 33rd","Barry Dan",9788235784520,2,2,active
635,"Brain-Based Teaching and Learning","Marylendra A. Penetrante",9788230768105,1,1,active
636,"Brand Digital","Adamson Allen P.",9780915701841,6,6,active
637,"Brawing the Currents","d'Estree Tamra Pearson",9789435334485,1,1,active
638,Bread,Unknown,9787142241096,2,2,active
639,"Bread and Pastry","Karol Aquino",9788138585422,8,8,active
640,"Bread and Pastry","Rene D. Osorno",9784932149587,9,9,active
641,"Bread and Pastry Product","Basbas Leonora D.",9780207016011,2,2,active
642,"Bread Recipes",Unknown,9786299795452,2,2,active
643,"Break Point","Richard A. Clarke",9788179217177,1,1,active
644,"Breakfast Recipes",Unknown,9787733294562,2,2,active
645,"Breaking Dawn","Meyer Stephene",9785577017156,1,1,active
646,"Breaking The Cycle of Divorce","Trent John",9787245992819,2,2,active
647,"Breast MRI","Hendrick Edward E.",9781581487695,2,2,active
648,"Brick Lane","Ali Monica",9783938276150,2,2,active
649,"Bridges to Understanding","Ma. Evalou C.G Angatuan",9789669583215,1,1,active
650,"Brief Calculus W/ Applications","Roland E. Larson",9789719975816,9,9,active
651,"Bright Horizons; A Collection","Huck Charlotte S.",9782461919657,2,2,active
652,"Bring Up Girls","Dobson James",9780132902274,2,2,active
653,"Bringing Elizabeth Home","Ed Smart",9786997335493,2,2,active
654,"Bringing Your Business To Life","Cornwall Jeffrey",9786519098622,2,2,active
655,"Brinkley's Beat","David Brinkley",9780580085147,2,2,active
656,"Britannica Science and the Future Library",Unknown,9780369656667,10,10,active
657,"British Political Parties","R.T. Mckenzie",9788327238658,2,2,active
658,"Broadband Installation","Dr. Jake R. Pomperada-Pomperada",9782422010270,2,2,active
659,"Brother in the Land","Swindells Robert",9782126796920,2,2,active
660,Brownie,Unknown,9788687653269,2,2,active
661,"Brunnstor'ms Movement Theraphy in Memiplegia","Kathryn Sawner",9789738468955,1,1,active
662,Budapest,Magyer,9780975197127,1,1,active
663,"Budget Meals",Unknown,9787818913715,2,2,active
664,"Buffet and Arder & Special Diets..",Unknown,9789058077875,2,2,active
665,"Buggies, Blizzands, And Babies","Hawkins Cora Frear",9786544209499,2,2,active
666,"Buhay at Diwa ni Rizal","Rufino Alejandro",9780792904908,6,6,active
667,"Building and Enhancing New Literacies Across","Bryan Eli B. Sadorra",9787128144298,6,6,active
668,"Building and Enhancing New Literacies Across the Curiculum","Elen Joy P. Alata",9784401929276,6,6,active
669,"Building and Enhancing New Literacies Across the Curriculum","Jonathan L. Mañas",9782437280514,2,2,active
670,"Building Asips; The Mescal Methodology",Buid,9789276637233,1,1,active
671,"Building Fitness Trough Pathfit 2","Mary Joy B. Catangui",9785041027674,8,8,active
672,"Building Our America","Clyde B. Moore",9787836674285,2,2,active
673,"Bump and Run","Lupica Mike",9780476580183,2,2,active
674,"Burning Down My Masters House","Blair Jayson",9786945441498,2,2,active
675,"Burning Garbo A Nina Zero Novel","Eversz Robert",9787393852584,2,2,active
676,"Business & Office Solution Packages","Godwin S. Monserate",9780106181759,4,4,active
677,"Business & Office Solution Packages",Unknown,9784430091098,5,5,active
678,"Business and Office Solutions Packages","Godwin S. Monserate",9783911192699,9,9,active
679,"Business Basic 1","Maurice Checa- Sabio",9781244717466,1,1,active
680,"Business Basics 1","Maurice checa-Sabio",9785421406655,9,9,active
681,"Business Correspondence Social Communications…","Eshesteo B. Hernandez",9784427173967,4,4,active
682,"Business data Communications and Networking","Jerry Fitz Gerald",9787128639176,5,5,active
683,"Business Economics","Dr. Lorma S.P. Garcia",9784101194707,9,9,active
684,"Business English and Communication","Marie M. Stewart",9782006425698,7,7,active
685,"Business Feasibility Study","Angelita Ong Camilar-Serrane",9788776618308,4,4,active
686,"Business Finance","Cayanan Arthur S.",9787198554607,7,7,active
687,"Business Finance","Robert G. Medina",9781585174324,9,9,active
688,"Business Finance & Phil. Business Firm","Nenita D. Mejorada",9780634615719,8,8,active
689,"Business Finance for Senior High School","Vidal Hemp L.",9787320309372,9,9,active
690,"Business Improve","Gee Val",9781847870056,7,7,active
691,"Business Intelligence & Espionage","Richard Green M. Jr",9785061387826,4,4,active
692,"Business Intelligence & Espionage","Andrews Sudhir",9789310270792,9,9,active
693,"Business Management IV","Cristina Villanueva",9783202041798,1,1,active
694,"Business Mathematics","Winston S. Sirug",9789111799317,5,5,active
695,"Business Mathematics","Leticia Baui",9783656519829,10,10,active
696,"Business Organization & Management","Gutierrez Pura Garcia",9783092511425,6,6,active
697,"Business Organization and Management","Dr. Roberto G. Medina",9782582739028,2,2,active
698,"Business Organization and Management…","Biore Christopher",9789620710025,4,4,active
699,"Business Organization Operation & Mgnt…","Morales Jose A.",9789467232483,4,4,active
700,"Business Organization Operation and Management","Dr. jose A Morales",9786329092797,7,7,active
701,"Business Plan","Marivic Francisco Flores",9784560833186,1,1,active
702,"Business Planning","Marife Acierto",9789588373409,1,1,active
703,"Business Policy & Startegy","Marivic Flores",9781277220056,5,5,active
704,"Business Policy in an Asian Context","Emanuel V. Soriano",9783645970105,6,6,active
705,"Business Process Outsourcing BPO","The Art of Service",9782207811375,8,8,active
706,"Buttons, Beeads Ribbons and Lace","Sterbenz Carol Endler",9786353153136,2,2,active
707,"Buying a Business","Mancuso Jospeh P.",9783631797068,2,2,active
708,"By their Father's Hand","Monte Francis",9783972652736,1,1,active
709,"Bye- Bye Black Sheep","Waldman Ayelet",9784352090421,2,2,active
710,"C Easy C Programming For Begineers","Alvaro Felix",9787762534929,4,4,active
711,"C Programming Absolute Begineers's Guide","Perry Greg",9789298316871,10,10,active
712,"C Question of Math Addition","Cato Sheila",9789774063350,1,1,active
713,"C++ How To Program","Deitel Paul",9789392906008,7,7,active
714,"C++ Programming Program Design Including..","D.S. Malik",9788068671776,2,2,active
715,C2455+,"Henri Paul Pellaprat",9781806325436,1,1,active
716,"C: A Software Engineering Approach","Peter A. Darnell",9781074279905,9,9,active
717,"Cajun Clark's Cookbook",Unknown,9787262570168,2,2,active
718,"Cake Recipe",Unknown,9788046498937,2,2,active
719,"Calculus & Analytic Geometry","Helen Medley",9789508501653,1,1,active
720,"Calculus and Analytic Geometry","Philip Gillet",9789055281831,2,2,active
721,"Calculus II Integral Calculus Formulae Practice","Subbiah Dos M.",9785381793352,5,5,active
722,"Calculus Made Easy","Thompson Silvanus P.",9784864015578,6,6,active
723,"Calculus w/ Analytic Geometry","Thurman S. Peterson",9788817884792,2,2,active
724,"Calculus w/ Analytical Geometry","Thurman S. Peterson",9781371162412,6,6,active
725,"California Adventure in Time & Place","Banks James A.",9782412723807,1,1,active
726,"California Algebra 1",Pearson,9786827567049,6,6,active
727,"California Algebra 1 ( Solution Key)",Pearson,9781038569554,1,1,active
728,"California Algebra 1 (Evaluation Copy )",Pearson,9789887749240,2,2,active
729,"California Condors","Schroeder Patricia Miller",9784375402546,1,1,active
730,"California Fire and Life","Winslow Dan",9782928422225,2,2,active
731,"Called to Discover Our Christian Roots","Easter Verzasa. Frago",9781059274529,5,5,active
732,"Called to Holiness","Jose Ma. Ygoa",9788055257822,5,5,active
733,"Cambridge Advanced Learner's Dictionary",Cambridge,9781067275204,2,2,active
734,"Campbell's Creative Cooking W/ Soup",Complete,9788854749290,9,9,active
735,"Campbells Cookbook",Unknown,9785170281404,2,2,active
736,"Camping & Backpacking",Unknown,9789375150930,2,2,active
737,"Camping Recipes",Unknown,9784301871866,1,1,active
738,"Campus Journalism within your reach","Bulusan Fernando",9787599805629,5,5,active
739,"Can You Die Of A Broken Heart?","Stamp Nikki",9785650455479,2,2,active
740,"Can't Find A Dry Ball","Mathews Garret",9783767426627,1,1,active
741,"Canada & the Ukrainian Questions","Bondan S. Kordan",9782347851965,1,1,active
742,"Cancer of the Stomach","John W.L Fielding",9780646287928,1,1,active
743,"Cane River","Tademy LaLita",9782648704946,1,1,active
744,CANGO,"Michael Crichton",9788730024473,2,2,active
745,"Cant Say That Can She?","Ivins Molly",9784627301474,1,1,active
746,"Cant Wait To Get To Heaven","Flagg Fannie",9789597964711,1,1,active
747,"Captain Butcher's Body","Corbett Scott",9788904290253,2,2,active
748,"Carbohydrate Counter",Unknown,9782520456505,2,2,active
749,"Cargo Handling and Storage","Florencio D. Cosare",9784818321922,6,6,active
750,"Caring for Photographic","Artemio I. Panganiban",9785445189527,2,2,active
751,"Caring for Photographs","Artemio I. Panganiban",9782845765214,1,1,active
752,"Carolines Country Cooking",Unknown,9782833898887,1,1,active
753,"Carp Fishing on Valium","Graham Parker",9786711207549,1,1,active
754,"Carrer Guide : Travel Agent","3G E-Learning",9785279852406,9,9,active
755,"Carrer Pathways for the New Century Health …","Rondilla Aida",9783223423214,1,1,active
756,"Cases and Problems in Criminal Law","Myron Maskovitz",9781107603103,7,7,active
757,"Casserale Crazy",Unknown,9787140140117,1,1,active
758,"CAT Breaking Tree","Shirley Rousseau Murphy",9789325012493,1,1,active
759,"Catching Fire","Suzanne Collins",9785289389114,2,2,active
760,"Catering and Kitchen Management",Unknown,9789083342801,10,10,active
761,"Catering Business: How To Start, Operate and…","Bowe Packer",9781387592715,9,9,active
762,"Catering Management","Grayfield T. Bajao",9785663836159,5,5,active
763,"Catering Service A Complete Guide","Curtis Robert",9787182754808,4,4,active
764,Catfish,"Hunter Jim Catfish",9785716479470,1,1,active
765,"Cause of Death","Cornwell Patricia",9788646317522,1,1,active
766,"Cause of Death a Writer's Guide to Death…","Keith D. Wilson",9787167811267,4,4,active
767,"Caves and Canyons","De Grazia",9789121535394,2,2,active
768,"Cayote School News","Sandin Joan",9781367499461,2,2,active
769,"Cecis Recipe Jar","Stevens Cace",9787967842713,2,2,active
770,"Celebrate Jesus",Unknown,9784773201017,4,4,active
771,"Celebrity Snapper!","Hodge Sussie",9780269524998,2,2,active
772,"Celestial Navigation 1","Euginio Ynion",9781877347788,4,4,active
773,"Celestial Navigation I","Eugenio J. Ynion",9788588006164,6,6,active
774,"Central Park In the Dark","Winn Marie",9785677002847,2,2,active
775,"Century 21 Digital Information Management","Hogatt Jack",9782762467192,9,9,active
776,"CH Programming Problem Analysis to…","Judy School",9787889778282,9,9,active
777,"Championship Keyboarding Drills","Cortes Peter's",9786479695459,1,1,active
778,"Changing Police Culture Policing in a multicultural","Janet B.L. Chan",9780902559059,4,4,active
779,"Chaos and Order","Donaldson Stephen R.",9781655650338,2,2,active
780,"Character & Cops Ethics in Policing","Edwin J. Delattre",9784911415207,5,5,active
781,"Character & Cops Ethics in Politics","Edwin j. Delate",9785076986403,8,8,active
782,"Character Formation","Danilo Tancangco",9787905696590,9,9,active
783,"Character Formation 1","Danilo L. Tancangco",9787135785293,4,4,active
784,"Character Formation 1","Nicholas S. Caballero",9785637183449,6,6,active
785,"Character Formation 1","Darlito Bernard G. Delizo",9784963919197,4,4,active
786,"Character Formation 2","Mario A. Garcia",9784198763510,6,6,active
787,"Character Is the Issue","Huckabee Mike",9788468536644,2,2,active
788,"Characterization o Plastics by hysical Methods","Kampf Gunther",9788208297378,2,2,active
789,"Charlie and lola's Things","Child Lauren",9788969083579,2,2,active
790,"Chasing Skinny Rabbits","Trent John",9783246651366,1,1,active
791,"Check In Check Out","Gary K. Vallen",9784249363126,2,2,active
792,"Check In Check Out Managing Hotel Operation","Gary K. Vallen",9780347786607,5,5,active
793,"Cheescake Recipes",Unknown,9782420448204,1,1,active
794,"Chemical Engineering Plant Design","Villbrant / Dryden",9780015941659,2,2,active
795,Chemistry,"Marcelita C. Magno",9786231981899,1,1,active
796,Chemistry,"Michell J. Sienko",9787139155962,2,2,active
797,Chemistry,"Raymond Chang",9786321234768,1,1,active
798,Chemistry,"Zumdahm Steven S.",9789078515869,6,6,active
799,"Chemistry and Living Organism","Molly M. Bloomfield",9783425754093,2,2,active
800,"Chemistry Connetions to Our Changing World","H. Eugene Lemay Jr.",9780348645187,1,1,active
801,"CHEMISTRY Principles and Reactions","Masterton William L.",9783760644134,10,10,active
802,Chick,"Hearn Chick",9783275604173,2,2,active
803,"Chicken Bedtime Is Really Early","Perl Erica S.",9786561248150,2,2,active
804,"Child & Adolescent Development","Corpuz Brenda B.",9789857002726,2,2,active
805,"Child and Adolescent Development","Victorina Acero",9786345911232,4,4,active
806,"Child and Adolescent Development","Brenda Corpuz",9782965772420,8,8,active
807,"Child And Adolescents Development","Brenda B. Corpuz",9789543165261,9,9,active
808,"Child Development for Early Years…","Neaum Sally",9789300893178,7,7,active
809,"Child Growth & Development 98/99","Ellen N. Junn",9784206969422,5,5,active
810,"Child Growth and Development","Junn Ellen N.",9785291086773,4,4,active
811,"Child Growth and Development 98/99",Unknown,9783334476260,4,4,active
812,"Children & Adolescent Literature","Jennifer Gonzales",9783934362628,10,10,active
813,"Children of the Serpent Gate","Ash Sarah",9784439735979,1,1,active
814,"Children's Medications Guide Book","Webber Jackie",9780725636692,1,1,active
815,"Choclate Cherry Tarts",Unknown,9781180053758,2,2,active
816,"Chocolate Favorites",Unknown,9789004896468,8,8,active
817,"Choosing and Using ECL","Paul L. Matthews",9782809242874,2,2,active
818,"Chracter Fomation 2","Nicholas S. Caballero",9787215862418,6,6,active
819,"Christ The Lord Out of Egypt","Anne Rice",9780274564491,2,2,active
820,"Circuit Theory","3G E- Learning",9784856257283,10,10,active
821,"Civic Welfare Training Service Practice …","Simon P. Coday",9787032032070,10,10,active
822,"Civic Welfare Training Service Practice: Modular","Caday Simon",9782761707589,6,6,active
823,"Civic Wlfare Training Service …","Caday Simon P.",9787712151343,2,2,active
824,"Civil Code of the Philippines","Edgardo L. Paras",9782849939086,5,5,active
825,"Civil Code of the Philippines","Francisco R. Capistrano",9789261371500,10,10,active
826,"Civil Law Review","Ed Vincent Albano",9781659152012,6,6,active
827,"Civil Procedure","Perfecto V. Fernandez",9787749050978,7,7,active
828,"Civil Technology","Eufennio P. Valdriz",9789230450182,6,6,active
829,"Classic Football Debates","Baker Danny",9781642361032,2,2,active
830,"Clay Pot Cooking FRom Tandoori to Tangine","ELSA- Petrsen",9786642147648,1,1,active
831,"Claytones electro Theraphy","Angela Forster",9785158377679,1,1,active
832,"Clear Blue Sky","F.P Lione",9789961659267,2,2,active
833,"Clear Pictures","Price Reynolds",9781085732789,2,2,active
834,"Clinical Chemistry II",Unknown,9784761742249,1,1,active
835,"Clinical Kinesiology","Laura R. Smith",9783864908101,10,10,active
836,"Clinical Neuroanatomy for Medical Students","Richard S Snell",9788661794544,1,1,active
837,"Clipper 5.3 A Developer's Guide","Joseph Booth",9781801722605,8,8,active
838,"Clover Twing and The Perilous Path","Umansky Kaye",9786459779452,1,1,active
839,Coach,"Lewis Michael",9783219416800,1,1,active
840,"Coaching Women in the Martial Arts","Jennifer Lawler",9786102776975,1,1,active
841,COBOL,Unknown,9789956412204,6,6,active
842,COBOL,"Andrew Parkin",9781030372367,5,5,active
843,"Codes And Contradiction","Weiler Jeanne Drysdale",9781472760128,1,1,active
844,"Coleman Cookbook","Coleman Ben",9787770793349,1,1,active
845,"Coliision Avoidance Rules","A.N Crockbooft",9786050166798,8,8,active
846,"College Algebra","Sergio E. Ymas",9788407678992,8,8,active
847,"College Algebra","Fernandinand Yap Tomakin",9787308069588,9,9,active
848,"College Algebra","William L. Hart",9784671795762,4,4,active
849,"College Algebra","Agapito P. Pino Jr.",9782437573838,4,4,active
850,"College Algebra","Margarito B. Callao",9785972466573,8,8,active
851,"College Algebra","Paul K. Rees",9782934172237,10,10,active
852,"College Algebra",Unknown,9789716743388,1,1,active
853,"College Algebra","Louis Leithold",9780545228015,1,1,active
854,"College algebra","Paul R. Rider",9786193183744,6,6,active
855,"College Algebra","Nora A. Oredina",9785084289107,2,2,active
856,"College Algebra","Winston S. Sirug",9787119918082,2,2,active
857,"College Algebra","Rosario R. Atienza",9782135247871,4,4,active
858,"College Algebra","Elsa Gerardo",9781255213766,9,9,active
859,"College Algebra w/ Recreational Mathematics","Sergio E. Ymas",9783754821459,1,1,active
860,"College and Keyboarding & Document Precessing","Scot Ober",9785328632669,2,2,active
861,"College English for Today","Jovita N. Fernando",9787850720814,7,7,active
862,"College Physics","Ricardo C. Asin",9785562606020,4,4,active
863,"College Reading The Science and Strategies..","Zadina janet N.",9780846684558,8,8,active
864,"College Teaching in the Philippines","Luz Colendrino- Bucu",9784892673894,1,1,active
865,"Collier's Encyclopedia","William D. Halsey",9785634108568,2,2,active
866,"Colliers Encyclopedia",Unknown,9782884318846,9,9,active
867,"Collins Cobuild Advanced Learner's Dictionary","Cobuild Collins",9782008943466,2,2,active
868,"Collision Regulations","Dennis A. Santiago",9781054851015,8,8,active
869,"Colony Girl","Thomas Rayfiel",9784907539986,2,2,active
870,"Color Atlas of Forensic Pathlogy","Jay Dix",9789354492686,10,10,active
871,"Color Monitor (IBM)",Unknown,9783158935714,9,9,active
872,"Columbus The Four Voyage","Bergreen Laurence",9786611062736,1,1,active
873,"Combat Shooting for Police","Paul B. Weston",9781586988647,7,7,active
874,"Come fare in Casa Gelati E. Sorbetti",Unknown,9786776228275,2,2,active
875,"Come Spring","Tim Lattaye",9787288137703,9,9,active
876,Comeback,"Corner Dennis",9788519611597,1,1,active
877,"Comentaries and Jurispredence on the Commercial","Aguedo F. Agbayani",9780821545447,6,6,active
878,"Comentaries and Jurispredence on the Commercial","Teodorico C. Martin",9780229604432,7,7,active
879,"Comercial and Industrial Wiring","3G E- Learning",9787018510677,5,5,active
880,"Coming Back Strong","Brees Drew",9789756792285,2,2,active
881,"Coming Back Stronger","Brees Drew",9787725199660,2,2,active
882,"Commentaries & Jurisprudence on the Civil Code","Artuto M. Tolentino",9786580741205,5,5,active
883,"Commentaries and Jurisprudence on the Phil.","Teodorico C. Martin",9784818139893,8,8,active
884,"Commentaries on the Revised Tariff & Custom Code","Montano A. Tejan",9780983780182,10,10,active
885,"Comments and Cases on Partnership, Agency…","Hector S. De Leon",9780433971894,5,5,active
886,"Comments on the Rules of Court","Manuel V. Moran",9786907056265,6,6,active
887,"Common and Chronic Symptoms & Pediatrics","J. Carlton Gartner",9788564111820,4,4,active
888,"Commputer Aided Drawing & Drafting","3G E-Learning",9782241246201,6,6,active
889,"Communicating in Groups: Application & Skills","Gloria J. Salanes",9785200461523,8,8,active
890,"Communication Arts and Skills","Josephine B. Serrano",9785461033996,2,2,active
891,"Communication Effectivety in English","Owen / Philpot",9787886140570,1,1,active
892,"Communication Effictively Through Literature","Lorenzo/ Pefianco",9781706304890,2,2,active
893,"Communication Electronics","Louis E. Frenzel",9781382496711,9,9,active
894,"Communication for Development…","Melkote Sriviras Raj",9788325823863,10,10,active
895,"Communication in Everyday Life","Duck Steve",9787007942007,8,8,active
896,"Communication Skill 1","Esther L. Baraceros",9784946539848,7,7,active
897,"Communication Skill II","Esther L. Baraceros",9782891416122,4,4,active
898,"Communication Skills : Writing in the Discipline","Imee Roma Mirasol",9788463985546,9,9,active
899,"Communication Skills for College & Beyond","Linda Bascara",9784355379509,2,2,active
900,"Communication Skills for College and Beyond","Linda R. Bascara",9780970026873,1,1,active
901,"Communication Skills II","Esther L. Baraceros",9788118071563,2,2,active
902,"Communication Skills II : Developing Basic Research","Esther L. Baraceros",9789562017534,10,10,active
903,"Communicative English Plus","Fe o. Aquino",9780304531943,7,7,active
904,"Communicative English Plus","FE Ongchangco Aquino",9783750479302,1,1,active
905,"Communicative English Plus","Maximiano M. Rivera Jr.",9786149872838,1,1,active
906,"Communicative Skills : Writing in the Discipline","Imee Roma Mirasol",9781921249389,1,1,active
907,"Community - Based Conections in the Philippines","Atty. Brian B. Guerero",9783089487061,2,2,active
908,"Community - Based Correction in the phil","Brian B. Guerrero",9780566418778,9,9,active
909,"Community - Based Correction In The Philippines","Brian B. Guerrero",9788030468755,6,6,active
910,"Community Engagement Solidarity and…","Ariola Mariano M.",9786351903610,4,4,active
911,"Community Health Nursing in the Philippines","Elisa V. Dizon",9783254110763,5,5,active
912,"Community Policing Partnership for Problem…","Linda S. Miller",9789543173501,1,1,active
913,"Community Policing: Partmanships for….","Linda S. Miller",9788319971792,2,2,active
914,"Community Sponsors and Support Teams..","Morgan V. Lewis",9781006512070,4,4,active
915,"Community- Based Correction in the Phils…","Guerrero Brian B.",9784961108043,4,4,active
916,"Community- Based Corrections","Paul F. Cromwell",9786619639909,10,10,active
917,Companion,"Bo Sanchez",9786769915076,2,2,active
918,"Comparative & International Criminal Justice …","Obe N. Ignatius Eibbe",9785931109190,8,8,active
919,"Comparative and International Criminal…","Obi N. Ignatius Ebbe",9789284567973,1,1,active
920,"Comparative Criminal Justice","Francis Pakes",9783200249684,1,1,active
921,"Comparative Model in Policing","Rolodolfo V . Castillo",9785498227498,9,9,active
922,"Comparative Models in Policing","Warren Galas Moyao",9784508920381,6,6,active
923,"Comparative Models of Policing","Veneranda Poschor-Depayso",9788065333158,10,10,active
924,"Comparative Models of Policing","Mario A. Garcia",9787795995940,5,5,active
925,"Comparative Models of Policing","Virgilio C. Ablanza",9785217073030,7,7,active
926,"Comparative Models of Policing and Philippine National Police Policing","Veneranda Poschor- Depayso",9783793375630,9,9,active
927,"Comparative Police And Criminal Justice System","Mario A. Garcia",9782050150812,7,7,active
928,"Comparative Police System","Garcia Mario A.",9784739500338,5,5,active
929,"Comparative Police System","Poschor-Depayso Veneranda",9782342583236,6,6,active
930,"Comparative Police System Reviewer","Delos Santos Victor O.",9782410261530,4,4,active
931,"Comparative Police Systems","Depayso Veneranda",9787355289618,6,6,active
932,"Comparative Politics 96/97",Unknown,9782233865595,4,4,active
933,"Comparative Vertibrate Anatomy","Libbie Henrietta Hyman",9783099384251,7,7,active
934,"Compedium of Phil. Jurisprudence","Celso L. Magsino",9780428973179,5,5,active
935,"Compedium on Evidence","Jaime N. Salazar Jr.",9789128685788,10,10,active
936,Compendium,Unknown,9782558777498,7,7,active
937,"Compendium  In Criminology","Rhem RIck N. Corpuz",9789033373633,2,2,active
938,"Compendium an Criminal Justice Education","Gilbert C. San Diego",9786692548129,6,6,active
939,"Compendium in correctional Administration","Rhem Rick N. Corpuz",9781478539070,10,10,active
940,"Compendium In Criminal Law, Evidence ETC.","Rhem RIck N. Corpuz",9789567766574,8,8,active
941,"Compendium in Forensic Science","Rhem Rick N. Corpuz",9784602734150,6,6,active
942,"Compendium in Law Enforcement Administration","Rhem Rick N. Corpuz",9784888143110,4,4,active
943,"Compendium of Philippine Jurisprudence","Celso L. Magsino",9785083535441,4,4,active
944,"Compendium on Criminal Justice Educ.","San Diego Gilbert C.",9783928404457,2,2,active
945,"Compensation Administration","Rome Sherriff Montoya",9786690782631,10,10,active
946,"Comperehensive Mathematics Reviewer","Merle Alferez",9783738987751,1,1,active
947,"Competence in College English","Alta Grace Q. De Gracia",9781536637786,10,10,active
948,"Compilation in Zoology",Unknown,9785292407553,1,1,active
949,"Compilation of Basic Concepts of Money","Florentino C. Anghoy",9786668459091,1,1,active
950,"Compilation of Statements of Financial Art",Unknown,9780225999969,10,10,active
951,"Compilation on Bio-chemistry","Socrates M. Clamucha",9783618637158,2,2,active
952,Compilers,"Alfred V. Aho",9787412182098,8,8,active
953,"Complete Book of Model Business Letters","Cresci, Martha W.",9780231643344,2,2,active
954,"Complete Car Care Manual",Unknown,9787058025667,1,1,active
955,"Complete Guide to Stargazing","Scagell Robin",9781286716328,5,5,active
956,"Complete Handyman Do it yourself Encyclopedia",Unknown,9783467299491,10,10,active
957,"Compllation on Bio-Chemistry","Socrates M. Clamucha",9788743027164,1,1,active
958,"Comprative Criminal Justice","Francis Pakes",9783859777903,8,8,active
959,"Comprehensive Correctional Administration","Renor Narco Apela",9781475469264,9,9,active
960,"Comprehensive Criminology Digest","Juan L. Agas",9782967629166,5,5,active
961,"Comprehensive Criminology Digest","Guevara Richardo",9780324841374,9,9,active
962,"Comprehensive Drug Education Manual","Oscar Soriano",9788151185678,7,7,active
963,"Comprehensive Drug Education Manual",Soriano,9784380701764,5,5,active
964,"Comprehensive Firearms and Ammunition Regulation Act of 2013","Miller F. Peckley",9786360041259,6,6,active
965,"Comprehensive Law Enforcement Administration…","Rogelio B. Cawis Jr.",9787771183729,9,9,active
966,"Comprehensive Medical Review","Divine Sasing John A. Schuchman",9784220912411,2,2,active
967,"Comprehensive Penology Institution and..","Guevara Ricardo M.",9786210427523,8,8,active
968,"Comprehensive Penology Institutional and Non- Insti..","Guevara Richardo",9780837081649,5,5,active
969,"Comprehensive Review for Fire Officer Examination","Medina Cyrus",9780900633539,7,7,active
970,"Comprehensive Review for Fire Officer..","Claveria Medina",9781060053137,5,5,active
971,"Comprehensive Reviewer for Criminology","Leonardo A. Bustria",9782206815589,4,4,active
972,"Compupting Essentials","Mc Graw Hill",9783938661338,9,9,active
973,"Computational Maps in the Visual Cortex","Miikulainen Risto",9785520650638,1,1,active
974,"Computer Based Learning and Information Tech.","Harmon Stanley",9783149501362,7,7,active
975,"Computer Concept and Basic Operation","Grace S. Bimondo",9789718924198,6,6,active
976,"Computer Concepts","Dan Oja",9786252571505,6,6,active
977,"Computer Concepts 2013-2014","Pansons June",9789768389039,8,8,active
978,"Computer Concepts Basic","Dolores Wells",9789143639100,4,4,active
979,"Computer Crime","David Icove",9785743263035,5,5,active
980,"Computer Dictionary","C. Torrenueva",9789752450868,9,9,active
981,"Computer Ethics","Brinkman William 'Bo' John",9784035533801,9,9,active
982,"Computer Fundamentals","Teodoro Revano",9783968527017,1,1,active
983,"Computer Fundamentals and Logic Formulation","Joyce Farrell",9787130232129,10,10,active
984,"Computer in Education",Unknown,9788338167428,8,8,active
985,"Computer Literacy Program",Unknown,9783362934497,9,9,active
986,"Computer Made Easy for Beginners","Evangeline Madrid - Hirata",9783471566275,2,2,active
987,"Computer Netwoks","Nastaran Nazar Zadeh",9786896270666,7,7,active
988,"Computer Networking","James F. Kurose",9784982824670,1,1,active
989,"Computer Networks & Communications","Jocelyn Padallan",9787468971523,6,6,active
990,"Computer Office Administration","Amparo Santos",9783230085764,2,2,active
991,"Computer Organization","Carl Hamacher",9786567491604,2,2,active
992,"Computer Organization","3G E-Learning",9786923645870,4,4,active
993,"Computer Organization & Design","Patterson David A.",9785066337055,9,9,active
994,"Computer Organization and Architecture","Alan Clements",9780249724394,9,9,active
995,"Computer Organization and Assembly Language","3G E Learning",9782011669186,8,8,active
996,"Computer Programming in Java","jake Rodriguez - Pomperada",9786264488693,5,5,active
997,"Computer Programming using Orade Database","Jake Rodriguez - Pomperada",9786119524361,2,2,active
998,"Computer Service and Repair","3G Elearning",9784027011683,9,9,active
999,"Computer System Organization with Assembly Language","Revano Teodoro F.",9784622522379,2,2,active
1000,"Computer System Organization with Assembly..","Teodoro F. Revano Jr.",9788179323021,5,5,active
1001,"Computer-Aided Design","Gilbert Knowles",9783467912147,10,10,active
1002,"Computer-Controlled System Theory and Design","Astoon Karl",9786141509374,4,4,active
1003,"Computers in Business Management","Richard D. Irwin",9781004090136,7,7,active
1004,"Computing & Programming with Java","Rowan Jordon",9780698477599,8,8,active
1005,"Computing of Life","Ma. Melizza D. Tan",9785555356697,7,7,active
1006,Concepts,"Michel Glem Young",9785510762099,4,4,active
1007,"Concepts of international polictics in Global..","Charles O. Lerche Jr.",9788435797863,4,4,active
1008,"Concepts of Physical Fitness","Charles B. Corbin",9780505057396,1,1,active
1009,"Conceptual Physics","Hewitt Paul G.",9786915671641,2,2,active
1010,"Conflict and Courage","Ellen White",9782898027147,1,1,active
1011,"Conflict Resolution at Work for Dummies","Scott Vivian",9788727178332,10,10,active
1012,"Congress of the Philippines Metro Manila",Unknown,9782116025641,5,5,active
1013,Connecticut,"Deborah Kent",9784712871530,1,1,active
1014,"Constitutional Law","Isagani crus",9789156686337,8,8,active
1015,"Constitutional Law and Politics","David M. O'Brien",9781411159310,6,6,active
1016,"Constitutional Peril","Fein Bruce",9782569040987,2,2,active
1017,"Construction Drawings and Details for Interior","Kilmer Rosemary",9786655289939,1,1,active
1018,"Consumer Behavior: Dynamics, Dimensions & Modees","Ernesto Mendoza",9786087524370,4,4,active
1019,"Consuming Kids","Linn Susan",9782942095481,2,2,active
1020,"Consunner Behavior & Marketing Strategy","J. Paul Peter",9781497374607,9,9,active
1021,"Contemporary Marketing","Lorma S. P. Garcia",9785233027642,10,10,active
1022,"Contemporary Mathematics","Romellen T. Gonzalvo",9782086567561,10,10,active
1023,"Contemporary Philippine Arts from the Region","Marjueve Dalencia",9781844386123,2,2,active
1024,"Contemporary Sports Management","Paul M. Pederson",9789047292777,6,6,active
1025,"Convention and Event Management","Zenaida L. Cruz",9782333059122,6,6,active
1026,"Convention and Events Management","Zenaida L. Cruz",9786201572010,7,7,active
1027,"Convention Management and Service","Milton T. Astroff",9789626301364,2,2,active
1028,"Conventional Idiocy","Sanchez Rick",9784926176476,2,2,active
1029,"Conversation that Win the Complex Sale","Peterson Erik",9780111178300,6,6,active
1030,"Conversational Japanese Dialogues","Lingo Mastery",9789974192676,8,8,active
1031,"Convict Criminology","Jeffrey Ian Ross",9786492151826,9,9,active
1032,"Cook It Juicy",Unknown,9780688871895,2,2,active
1033,"Cookbook for Modern Food Processors and Entrep.","Eva Nebril- Flores, Ph. D.",9781312920873,8,8,active
1034,"Cookery : Intermediate","3G E-Learning",9785102932183,10,10,active
1035,"Cookery Exploratory","Delos Reyes Cecilia Elena P.",9780118458269,2,2,active
1036,"Cookies & Bars",Unknown,9783408487291,1,1,active
1037,"Cooking 200 Recipes for italian Dishes","Water Mrs. W.G.",9785859883103,2,2,active
1038,"Cooking by the Book",Unknown,9780324329834,1,1,active
1039,"Cooking Light","Nancy Fitz Patrick Wzalle",9785429618449,8,8,active
1040,"Cooking School",McCall's,9782671462837,7,7,active
1041,"Cooking Smart","Blecenda Varona",9784359892622,4,4,active
1042,"Cooking-Betty Corcker Cookie Book",Unknown,9786609314182,2,2,active
1043,Coolhunting,"Gloor Peter A.",9788615155421,1,1,active
1044,"Coral Reef Monitoring for Management","Uychiaoco Andre J.",9784016361126,1,1,active
1045,"Core Concepts in Computer Science : DATA","3G E-Learning",9784971859485,8,8,active
1046,"Core Concepts in Computer Science: Multimedia","3G E-Learning",9789102562586,6,6,active
1047,"Core Concepts In Hospitality & Tourism Management","3G E-Learning",9789679240825,8,8,active
1048,"Correctional Adiministration 1","Forondo Mercedes A.",9782269405390,9,9,active
1049,"Correctional Administration","Heronia Denampo",9787275784460,7,7,active
1050,"Correctional Administration","Forondo Mercedes A.",9783414651112,8,8,active
1051,"Correctional Administration","Danglosi Eric",9783129014875,9,9,active
1052,"Correctional Administration","Macadator Abbas",9786827788161,1,1,active
1053,"Correctional Administration (Institutional Correction)","Mercedes A. Foronda",9789306853893,4,4,active
1054,"Correctional Administration 1","Foronda Mercedes",9789728321529,4,4,active
1055,"Correctional Administration II","Forondo Mercedes A.",9785067625151,8,8,active
1056,"Correctional Administration Integrating Theory","Richard P. Seiter",9783814474434,9,9,active
1057,"Correctional Leadership","Stan Stojkouic",9789634807971,4,4,active
1058,"Correctional Supervisory Management","William G. Archambeault",9785097545108,4,4,active
1059,"Corrections & Restorative Justice","Manwong Rommel K.",9782650167319,6,6,active
1060,"Corrections and Restorative justice","Erdulfo M. Grimares",9788261702437,8,8,active
1061,"Corrections and Restorative Justice","Manwong Rommel",9786545628411,7,7,active
1062,"Corrections in America on Introduction","Allen, Simonsen, Lanessa",9787225605319,7,7,active
1063,"Corruption (How to Deal w/ Its Impact…","Godfrey Harris",9784026650234,5,5,active
1064,"Cosas gratisy ofertas",Unknown,9784167872564,2,2,active
1065,"Cosmetic Science","M.M Breller",9786211022581,8,8,active
1066,"Cost Accounting","Adolph Matz",9783056906748,4,4,active
1067,"Cost Accounting","Milton F. Usry",9787163928235,6,6,active
1068,"Cost Accounting & Cost Management","Ma. Violeta V. Vicente",9781436371896,2,2,active
1069,"Cost Accounting and Managerial Emphasis","Charles T.Horngren",9783923126040,5,5,active
1070,"Cost Accounting for Process Cost","D.S Passion",9782609310667,5,5,active
1071,"Cost Accounting Tradition and Inactions","Jesse T. Borfield",9784335670862,8,8,active
1072,"Cost Control in Hospitality Industry","Louie Fababaer",9780414545632,9,9,active
1073,"Counselling, Treatment & Intervention Methods","Rudolph Alexander Jr.",9780200053471,6,6,active
1074,"Counselling, Treatment & Intervention Methohds W/ ..","Rudolfo Alexander Jr.",9789162475543,6,6,active
1075,"Counselling, Treatment and Enterview …","Rudolph Alexander Jr.",9781082555985,4,4,active
1076,Countdown,"Moore Patrick",9783439611290,2,2,active
1077,"Counterfeit Bride","Christine Rimmer",9780933711891,1,1,active
1078,"Counting and Numbers","Cato Sheila",9784738202363,2,2,active
1079,"Country Road ABC","Geisert Arthur",9788557161764,2,2,active
1080,Coupleshood,"Reiser Paul",9782942409035,1,1,active
1081,"Courage to Stand","Pawlenty Tim",9787881278681,2,2,active
1082,"Court Testimony","Victor T. Tulalian",9786694320297,10,10,active
1083,"Cowboy Comes home","Carrie Alexander",9789087884437,1,1,active
1084,"Cowboys at Heart","Dromgoole Glenn",9784812308349,2,2,active
1085,"Coyote Waits","Hillerman Tony",9782424033819,1,1,active
1086,"CPA ( Examination Reviewer: Audition Theory)","Gerardo S. Roque",9785955184265,4,4,active
1087,"CPA Examination Practical Accounting 1","Conrado Uberita",9784500534241,8,8,active
1088,"CPA Reviewer in Auditing Problems","Solita A. Frias",9788916498371,1,1,active
1089,"CPE Continuing Professional Education",Unknown,9785439627363,5,5,active
1090,"Crackpot Recipes",Unknown,9782717272239,2,2,active
1091,"Crafting a Purposive Communication","Dr. Emelita Custodio",9787240422694,8,8,active
1092,"Crafting and Executing Strategy","Arthur A. Thompson Jr.",9781216376189,1,1,active
1093,"CRC Handbook of Nucleobase Complexes","Lusty James R.",9780916601003,1,1,active
1094,"Creating Great Customer Service","Herbert M. Sanciano",9783142900186,5,5,active
1095,"Creating Memories","Mary Anne Danaher",9781327972454,2,2,active
1096,"Creative Cook's Kitchen",Unknown,9782308481002,7,7,active
1097,"Creative Correction","Lisa Whelchel",9788418620300,1,1,active
1098,"Creative Multimedia: Animation","3G E-Learning",9786625436172,5,5,active
1099,"Creative Toy Making","George Alico A.",9781314519518,1,1,active
1100,"Creative Writing","Marantan Rizelyn M.",9781092268592,2,2,active
1101,Crimalistics,"Montalba Edwin T.",9786249451476,5,5,active
1102,"Crime Detection & Investigation","Christian G. Domingo",9784102252673,2,2,active
1103,"Crime is not a Problem Lethal Violence in America","Frankline E. Zimring",9787119642154,9,9,active
1104,"Crime Law and Corrections","Ralph Slovenko",9782655767699,5,5,active
1105,"Crime Online","Yvonne Jewkes",9785236687881,10,10,active
1106,"Crime Resistance","Federal Bureau of Investigation",9788836196890,7,7,active
1107,"Crime Scene Analysis","Sullivan Wilson T. III",9783135030586,10,10,active
1108,"Crime Scene and Evidence Photographic","Steven Stoggs",9782105524728,2,2,active
1109,"Crime Scene Methods of Forensic Detection","Joe Nickell",9788633302128,10,10,active
1110,"Crime Science Method of Function Detection","Joe Nickell",9780650191792,2,2,active
1111,"Crime Sociology and Ethics","Delos Santos Victor O.",9780252131097,1,1,active
1112,"Crime Theories Cause and Prevention","Christian G. Domingo",9786227284768,10,10,active
1113,"Crime Theories, Causes and Prevention","Christian G. Domingo",9785704120094,9,9,active
1114,"Crimeminal Jurisprudence Procedure And…","Delos Santos Victor O.",9788206678490,1,1,active
1115,"Crimes and Criminals","Valdueza Felix Lor",9784362418628,8,8,active
1116,"Crimictionary of forensic(Lie Detection Tecnique)","Jezreel B. Vicente",9783690362894,9,9,active
1117,"Criminal Evidence For Police","Paul B. Weston",9787756620560,1,1,active
1118,"Criminal Hustice System","Manwong Rommel K.",9784111595037,5,5,active
1119,"Criminal Investigation","Pedro P. Solis",9782811390433,2,2,active
1120,"Criminal Investigation","Bennett Wayne W.",9783034199094,8,8,active
1121,"Criminal Investigation","Michael D. Lyman",9780051405467,2,2,active
1122,"Criminal Investigation","James N. Gilbert",9783565215683,8,8,active
1123,"Criminal Investigation","Garcia Mario A.",9788209679043,1,1,active
1124,"Criminal Investigation and Intelligence","Judy S. Lopez",9782711332281,5,5,active
1125,"Criminal Investigation and Intelligence","Adelene Maghinay Florendo",9789857254590,8,8,active
1126,"Criminal Investigation and Intelligence","Rhona A. Alog",9786063399121,10,10,active
1127,"Criminal Investigation Basic Perspective","Paul B. Weston",9787102481715,8,8,active
1128,"Criminal Jurisprudence, Procedure and Evidence","Macadator Abbas",9785242149557,7,7,active
1129,"Criminal Jurisprudentce and Procedures","Guevara Ricardo M.",9781274747211,4,4,active
1130,"Criminal Justice","Fagin James A.",9787054669278,8,8,active
1131,"Criminal Justice 96/97","John J. Sullivan",9788955168747,6,6,active
1132,"Criminal Justice 96/98","John J. Sullivan",9780903802147,9,9,active
1133,"Criminal Justice Education","Ricardo M. Guevara",9782961367156,7,7,active
1134,"Criminal Justice Education Comprehensive Digest fro: Crime Detection and Investigation","Guevara Ricardo M.",9787871121669,7,7,active
1135,"Criminal Justice Education Ethics & Values","Guevarra Richardo M.",9786515597372,5,5,active
1136,"Criminal Justice Education Ethics and Values","Guevara Richardo",9784708272358,4,4,active
1137,"Criminal Justice Statitics","Arthur J. Lurigio",9780960567300,8,8,active
1138,"Criminal Justice System","Atty. Victor T. Tulalian",9780644212144,5,5,active
1139,"Criminal Law","John M. Scheb",9781476834207,7,7,active
1140,"Criminal Law","Thomas J. Gardner",9786542356775,4,4,active
1141,"Criminal Law and Jurisprudence","Ricardo M. Guevara",9782659608936,8,8,active
1142,"Criminal Law and Jurisprudence","Rudy B. Gahar",9789925502721,4,4,active
1143,"Criminal Law and Jurisprudence for Criminology","Ricardo M. Guevara",9785164807276,7,7,active
1144,"Criminal Pathology and Forensic Technology","Grover Maurice Godwin",9780336829636,1,1,active
1145,"Criminal Procedure","Wilfredo Wi",9783390550447,2,2,active
1146,"Criminal Procedure","Ramil G. Gabao",9781776655861,8,8,active
1147,"Criminal Profiling","Danilo Tancangco",9785127652899,8,8,active
1148,"Criminal Psychology & Forensic Technology","Grover Mounic Godwin",9788664649117,5,5,active
1149,"Criminal Sociology","Macadator Abbas",9781109617986,10,10,active
1150,Criminalistics,"Richard Sagferstein",9787890463375,1,1,active
1151,Criminalistics,Unknown,9781371576608,2,2,active
1152,Criminalistics,"Juan L. Agas",9783844446302,6,6,active
1153,Criminalistics,"Edwin T. Montalba",9780002589550,2,2,active
1154,Criminalistics,"Ricardo M. Guevara",9789638639608,5,5,active
1155,"Criminalistics & Scientific Investigation","Frederick Cunliffe",9782626582634,2,2,active
1156,"Criminalistics ( Bookbounded )",Unknown,9782819648253,1,1,active
1157,"Criminalistics (Binded)","V- Aeminov",9781106092090,1,1,active
1158,"Criminalistics An Introduction to Forensic","Richard Saferstein",9789602752333,1,1,active
1159,"Criminalistics and Scientific Investigation","Fredreck Cunliffe",9783836404129,6,6,active
1160,"Criminalistics, An Introduction Forensic Science","Richard Saferstein",9789117911249,1,1,active
1161,"Crimininal Procedure","Ramil G. Gabao",9782117536177,6,6,active
1162,"Criminnal Law","Thomas J. Gardner",9780617136651,10,10,active
1163,"Criminological Research","Carmelita Beit-Chavez",9787224029901,9,9,active
1164,"Criminological Research","Mario A. Garcia",9785579980281,4,4,active
1165,"Criminological Research 2","Gerry J. Cano",9784139080881,9,9,active
1166,"Criminological Research and Statistics","Dr. Diosdado A. amante",9782351305232,10,10,active
1167,"Criminological Research and Statistics","Forondo Mercedes A.",9782447315848,4,4,active
1168,"Criminological Research: Understanding Qualitative…","Winaup Emma",9787686342341,7,7,active
1169,"Criminologist Licensure Examination","Miller F. Peckley",9781994237672,7,7,active
1170,"Criminologist Lincensure Examination Module 1","Peckley Miller",9789459196632,2,2,active
1171,"Criminologist Lincensure Examination Module 2","Peckley Miller",9785517208491,8,8,active
1172,Criminology,"Siegel Larry J.",9784985601254,7,7,active
1173,"Criminology , Theories Patterns & Typologies","Larry J. Seigel",9782531355255,7,7,active
1174,"Criminology 101","Ricchardo M Guevarra",9780505379535,1,1,active
1175,"Criminology 101","Carlito R. Fagela Jr.",9781649383181,8,8,active
1176,"Criminology 101","Guevarra Hibionada",9789196655331,6,6,active
1177,"Criminology and the Criminal Justice System","Freda Adler",9787704611725,4,4,active
1178,"Criminology Criminal Sociology","Christian G. Domingo",9785963904091,8,8,active
1179,"Criminology Dictionary","Peckley Miller",9787426088058,4,4,active
1180,"Criminology Glossary","Juan L. Agas",9780171644555,9,9,active
1181,"Criminology Glossary","Richard M. Guevara",9781857906479,7,7,active
1182,"Criminology Glossary",Guevara,9781591030027,7,7,active
1183,"Criminology Licensure","Guevarra Richardo M.",9785632135801,1,1,active
1184,"Criminology Licensure Examination","Pecley Miller F.",9784010414590,1,1,active
1185,"Criminology Research","Veneranda Poschor-Depayso",9786422971258,10,10,active
1186,"Criminology Research and Statistics","Mercedes A. Foronda",9782967188397,10,10,active
1187,"Criminology Reviewer All Areas","Mercedes A. Foronda",9787457314416,7,7,active
1188,"Criminology Thesis Patterns & Patterns & Typologies","Larry S. Seigel",9788331170302,6,6,active
1189,"Criminology: Theory, Research and Policy..","Vito Gennaro F.",9783763715398,9,9,active
1190,"Crimmictionary of Forensic Science 2  ( Forensic Photography)","Jezreel B. Vicente",9788854728127,10,10,active
1191,"Crimmictionary of Forensic Science 3  ( F.C and Toxicology)","Jezreel B. Vicente",9785679836310,5,5,active
1192,"Crimmictionary of Forensic Science 4 (QD)","Jezreel B. Vicente",9786249127111,6,6,active
1193,"Crimmictionary of Forensic Science 6 (FB)","Jezreel B. Vicente",9780724078752,5,5,active
1194,"Crimmictionary of Forensic Science 7 (FRW)","Jezreel B. Vicente",9781815632686,6,6,active
1195,"Crimson Nation","Gold Eli",9788507451068,2,2,active
1196,"Crisis Intervention Handbook","Albert B. Robert",9783436294892,2,2,active
1197,"Critical Applied Linguistics An Introduction","Bajwa Amandeep",9788610313109,7,7,active
1198,"Critical Reading Writing and Thinking Skills","Girlie Navarro",9789431814394,1,1,active
1199,"Critical Thinking Skills For Dummies","Martin Cohen",9786613473233,2,2,active
1200,Croquet,"Donald Charles Richardson",9784940128970,2,2,active
1201,"Cross-Examination Mirror","Caesar Casanova",9784325122579,9,9,active
1202,"Cruise Ship Employement Program",Unknown,9780765024121,1,1,active
1203,"Cruise Tourism","Aisha Janinne Q. Escabillas",9780957907379,9,9,active
1204,"Cruising the Caribbean","Laura & Diane Rapp",9780094388222,4,4,active
1205,Crusaders,"Jessop Joanne",9781457758478,1,1,active
1206,"CSS and Networking Guide for CCNA..","Sarmiento Marygin E.",9785705458974,2,2,active
1207,"CTL Fore Test information of Digital LCS","Kapur Rohit",9784802632577,1,1,active
1208,Cubanita,"Triana Gaby",9783965313613,1,1,active
1209,"Culinary Art of Kashmir",Unknown,9788782455690,2,2,active
1210,"Culinary Arts","Julieta D. Tadle",9784430985915,7,7,active
1211,"Culinary Arts","Javier Ruth Estrada",9787954107276,7,7,active
1212,"Culinary Carving and Plate Decorating","Rosen Harvey",9782849824740,9,9,active
1213,"Culinary Math","Blocker Linda",9784070349108,1,1,active
1214,"Culinary Nutrition","Maria Felisa T. Natad",9784065004258,7,7,active
1215,"Culinary Tricks for Filipino Dishes","Eva Nebril - Flore",9788821423697,6,6,active
1216,"Culling the Herd My Secret life with the….","J.R.R Sheeham",9784307536660,1,1,active
1217,"Culturally Encorrect","Parsley Rod",9784494296590,1,1,active
1218,"Culture: Leading Scientists Explore Societies ,…","John Brockman",9783426834411,5,5,active
1219,"Current Diagnosis & Treatment in Orthopedics","Harry B. Skinner",9789782661289,6,6,active
1220,"Current Issue in Victimology Research","Laura J. Mariarty",9785857567661,7,7,active
1221,"Current Issues in Victimology Research","Laura J. Mariarty",9780806129433,7,7,active
1222,"Current Methods in Forensic Gunshot Residue","A.J. Schwoeble",9788529894065,8,8,active
1223,"Current Progress in Education Research","Carson Charlie",9786078701049,5,5,active
1224,"Curriculum & Evaluation Standards for School Mathematics",Romberg,9781591497509,10,10,active
1225,"Curriculum Development","Bilbao Purita P.",9789803828721,1,1,active
1226,"Curriculum Development","Reyes Emerita",9782440793117,1,1,active
1227,"Curriculum Development: A Guide for Teacher","Pawilen Greg Tabios",9782918133179,1,1,active
1228,"Curry House Cookery",Unknown,9788760146725,1,1,active
1229,"Customer Care and Interpersonal Skills",Unknown,9783849791629,10,10,active
1230,"Customer Service for Hospitality and Tourism","Hudson Simon",9780223288379,9,9,active
1231,"Customers . Com","Seybold Patricia B.",9784419754662,2,2,active
1232,"Cybercrime Investigation","Nicholas S. Caballero",9781766204710,9,9,active
1233,"Cyberwarfare: Information Operations in a..","Chapple Mike",9786094097058,8,8,active
1234,"Cyclopedia Law of and Procedure","William Mack",9787740258830,1,1,active
1235,"Cyclopedia of Law and Procedure","William Mack",9788681225950,6,6,active
1236,"Cypress Grove","Boucheron Rose",9782446176792,2,2,active
1237,"Dactylosccopy Manual and Workbook","Badua Jonah Barayuga",9782988425990,9,9,active
1238,Dactyloscopy,"Arturo G. Cacdac",9789961002315,2,2,active
1239,Dactyloscopy,"Alviola Armando",9781775331261,9,9,active
1240,"Dactyloscopy Manual and Workbook","Badua Jonah",9786109410179,10,10,active
1241,"Daddy- O","Wade ""Daddy-O"" Bob",9789025176297,2,2,active
1242,"Daffadil Girls","Dimbles Kitty",9783477433267,1,1,active
1243,"Dangerous Animals","John Seidnsticker",9781901302059,1,1,active
1244,"Dangerous Drugs And Vice Control","Guevara Ricardo M.",9786981528733,10,10,active
1245,"Dangerouse Drugs and Vice Control","Ricardo M. Guevara",9789785598216,1,1,active
1246,"Daniel Martin","Flowles John",9786619128410,2,2,active
1247,"Dare To Hope","West Jason",9787309850345,1,1,active
1248,"Darkk Horse","Knebel Fletcher",9786512418939,2,2,active
1249,"Das Prinzip Verantwortung","Hans Jonas",9786908197400,2,2,active
1250,"Data Communication","Dauksa Pauline",9785643502388,4,4,active
1251,"Data Communication and Networking","Wayne Tomasi",9780371990513,2,2,active
1252,"Data Communications and Networking","Wayne Tomasi",9789918724017,2,2,active
1253,"Data Structures and Algorithms in Computer","Oswald Joe",9787835674309,4,4,active
1254,"Data Structures and Algorithms in Java","Adam Drozdek",9780389608707,4,4,active
1255,"Database Administration in my SQL","Alexander A Hernandez",9786266821719,7,7,active
1256,"Database Concept","Kroenke David",9785535603315,8,8,active
1257,"Database Management Systems","Philip J. Pratt",9780368900303,8,8,active
1258,"Database Management: Essentials Concepts…","Gary B. Shelly",9780272405598,1,1,active
1259,"Database Processing","David M. Kroenke",9783429671112,9,9,active
1260,"Database Programming W/ Visual Basic 5","Curtis L. Smith",9788375374582,2,2,active
1261,"Database System concept","Abraham Silberschatz",9783845881058,2,2,active
1262,"Databse System the Complete Book","Hector Garcia Molina",9789741328345,7,7,active
1263,"Daughters & Mothers","Cowen Lauren",9781520377100,1,1,active
1264,"Daughters in My Kingdom",Unknown,9780449641040,2,2,active
1265,"Dave Barry is from Mars and Venues","Dave Barry",9787066703366,2,2,active
1266,"Dave Barry's History of the Millenium","Dave Barry",9786804085092,1,1,active
1267,"Day by Day with Jesus","Helen Torrey",9784930596604,2,2,active
1268,Dazzle,"Krantz Judith",9788648769985,1,1,active
1269,"Dead Even","Brad Meltzer",9782673204411,2,2,active
1270,"Dead Heat","Murray William",9788459609456,1,1,active
1271,"Dear Kilroy A Dog To Guide Us","Harrison Nora Vitz",9784901495424,2,2,active
1272,"Death Littles Helpers","Spiegelman Deaths Peter",9787070705783,2,2,active
1273,"Death on Demand","Hart Carolyn G.",9786091498513,1,1,active
1274,"Death Receptors In Cancer Therapy","EL-Diery Wafik S.",9782444723226,7,7,active
1275,"Deceptive Minds","Warren Galas Mayao",9789031028795,10,10,active
1276,"Deck Officer Study Guide","Joseph S. Murphy",9780830440580,2,2,active
1277,"Decorative Painted Wood Projects",Unknown,9789351187189,1,1,active
1278,"Defending the Homeland","Jonathan R. White",9783359561644,4,4,active
1279,"Degital Design","M. Morris Mano",9780595565740,5,5,active
1280,"Delectable Mountains","Fowler Earlene",9782504290194,1,1,active
1281,"Delicious Diabetic Recipes",Unknown,9785889536901,1,1,active
1282,"Delicious Sandwich Recipe",Unknown,9786113989869,1,1,active
1283,"Delinquency Carrer in Two Birth Coherts","Tracy Paul E.",9788097887544,1,1,active
1284,"Deliquency in Society","Regoli Robert",9789435353752,1,1,active
1285,"Delivery Room Manual for ahshe Midwifery",Unknown,9783765158810,1,1,active
1286,"Delman's Standard Textbook of Electricity","Herman Stephen L.",9787937639282,6,6,active
1287,"Design for Christian Merriage","Small Dwight Hervey",9786929445511,1,1,active
1288,"Design of Machine Elements","Virgil Moring Faires",9786682973276,4,4,active
1289,"Designing a Web Page using HTML","Evangeline Madrid-Airata",9782164871207,4,4,active
1290,"Designing Arcade Comp. Game Graphics","Ari Feldman",9780212886654,2,2,active
1291,"Designing Schools for Meaningful Professional..","Bradly Janice",9786834155994,1,1,active
1292,"Designing the User Interface Strategies for Effective ..","Shneiderman Ben",9781015767645,8,8,active
1293,Desserts,"Ting Morris",9782298120998,2,2,active
1294,Desserts,Unknown,9787657289415,6,6,active
1295,"Desserts of Vitality; Extra Ordinary","Foy Mark",9784750988986,1,1,active
1296,"Destingtion Management and Marketing","Jefferson S. Marcelo",9784565220363,2,2,active
1297,"Developing Competencies In Research","Garcia Carlito D.",9784995154214,8,8,active
1298,"Developing Competencies in Research Writing","Maura B. Fonollera",9784773244915,2,2,active
1299,"Developing Correctional Administrators","Elmer K. Nelson jr.",9784213882097,1,1,active
1300,"Developing Reading Power 4","Corcodia C. Logue",9788830705340,4,4,active
1301,"Developing Skills In Grammar & Composition I","Ramos Carmen M.",9787827411769,2,2,active
1302,"Developing Skills in Speech","Sandra R. Arroyo",9784124151312,7,7,active
1303,"Development in Industrial Microbiology","Claude Nash",9782854781502,2,2,active
1304,"Developmental Reading","Alejandro S. Bernardo",9781853800320,2,2,active
1305,"Developmental Reading",Unknown,9783347272743,2,2,active
1306,"Developmental Reading 1","Bernardo Alejandro S.",9783183061785,5,5,active
1307,"Developmental Reading 1","Anonat Rosa D.",9782064969356,1,1,active
1308,"Developmental Reading 2","Flordeliza C. Buendicho",9788243477698,7,7,active
1309,"Developmental Skills In Speech","Sandra R. Arroyo",9788741314679,6,6,active
1310,"Device And Desires","P.D. James",9783612751560,2,2,active
1311,Dewey,"Myron Vicki",9787796304482,1,1,active
1312,"Diagnotics Microbiology","Sydney M. FineGold",9786085456673,5,5,active
1313,Dialogue,"Marcelino A. Foronda",9786404735045,2,2,active
1314,"Dianne Feinstein","Roberts Jerry",9786392831996,2,2,active
1315,"Diary of a Player","Brad Paisley",9782980061554,2,2,active
1316,"Dictionary of Prisons and Punishment","Yuonne Jewkes",9788108358322,10,10,active
1317,"Dictionary of Tariff & Customs Terms","Jesus G. Lionando",9788634255638,10,10,active
1318,"Differential and Integral Calculus","Clyde E. Love",9783000818677,8,8,active
1319,"Differential Calculus","Sagales Ederlina A.",9782440330411,4,4,active
1320,"Differential Calculus","Dennis B. Roble",9786624111865,10,10,active
1321,"Differential Calculus Reviewer","Ricardo C. Asin",9780892196395,4,4,active
1322,"Differetial Calculus","Amalia Del Rosarion Batongbakal",9785680447314,2,2,active
1323,"Digest of the Reports of the Supreme Court…","Edmond Block",9789764613688,6,6,active
1324,"Digest of the Reports of the Supreme Court…","H. Lawrence Noble",9787488360765,6,6,active
1325,"Digest of the Reports of the Supreme Court…","William S. Anderson",9788173906374,6,6,active
1326,"Digest of the Reports of the Supreme Court…","James M. Henderrson",9787914521180,6,6,active
1327,"Digital and Analog Communication","3G E Learning",9783793126973,5,5,active
1328,"Digital and Analog Communication System","Couch Leon",9789307464524,8,8,active
1329,"Digital Communication Systems","Haykin Simon",9785996043873,4,4,active
1330,"Digital Design","M. Morris Mano",9785357788115,2,2,active
1331,"Digital Electronics Fundamentals",Unknown,9781620281239,7,7,active
1332,"Digital Electronics Fundamentals","3G E- Learning",9781067287283,7,7,active
1333,"Digital Fundamentals","Floyd thomas L.",9786041644854,7,7,active
1334,"Digital Image Processing","3G E Learning",9785922483957,8,8,active
1335,"Digital Presentation","Emily Trajano",9789477352287,8,8,active
1336,"Digital Signal Processing Principles…","John G. Proakis",9787056227100,9,9,active
1337,"Digital Speech Technology Process","Hintz Marcus",9783318751093,6,6,active
1338,"Digital Techniques",Unknown,9789215835034,2,2,active
1339,"Dinosour The Evolution of an Animated","Kurtti Jeff",9784694596483,2,2,active
1340,"Disability Studies and the Inclusive Classroom","Baglieri Susan",9781921342493,1,1,active
1341,"Disappering Acts","Riley Kelly Ann",9782896599943,1,1,active
1342,"Disaster And Risk Reduction Managment","Adonis A. Mogol",9789732033197,10,10,active
1343,"Disaster Preparedness","Havrilesky Heather",9782270510281,1,1,active
1344,"Disaster Readiness And Risk Reduction","Maylene B. Pakingan",9787675481389,10,10,active
1345,"Disaster Readiness Risk & Reduction","Quebnal Villamor S.",9786675485816,7,7,active
1346,"Discipline & Ideas in the Applied Social ...","Ariola Mariano M.",9783242687741,8,8,active
1347,"Discipline & Ideas in the Social Science","Llenas Milrose P.",9781865205755,9,9,active
1348,"Disconnecting Parties","W. Brooke Tunstall",9783983652039,2,2,active
1349,"Discourse Analysis",Routledge,9785830945158,7,7,active
1350,"Discovering Tuba","Pacho Arturo G.",9788094047606,6,6,active
1351,"Discrete Mathematics","Jonathon b. Cabero",9784409079775,9,9,active
1352,"Discrete Mathematics","Epp Susanna S.",9787810509220,5,5,active
1353,"Discrete Mathematics & Its Applications","Kennth H. Rosen",9782161070511,10,10,active
1354,"Discrete Mathematics and Its Applications",Unknown,9788439055297,10,10,active
1355,Disobedience,"Hamilton Jane",9788066013820,2,2,active
1356,Displaced,"Rodriguez Aneka",9781270493860,2,2,active
1357,"Dispute Resolution & Crisis/Incident","Gerry J. Cano",9780448515793,5,5,active
1358,"Dispute Resolution & Incident Management","Charesma Grace Killip-Lud-ayen",9781971112121,10,10,active
1359,"Dispute Resolution and Crisis Management","Christian G. Domingo",9789020357134,6,6,active
1360,"Dispute Resolution and Crisis Management","Danilo Tancangco",9783240642421,6,6,active
1361,"Dispute Resolution and Crisis/ Incident Management","Mario A. Garcia",9785633432442,8,8,active
1362,"Dispute Resolution and Incident Management","Charesma Grace Kilip",9787417595589,9,9,active
1363,"Distributiopm Management","Marife Acierto",9782096289361,7,7,active
1364,"Divided They Fell","Radosh Ronald",9784358841836,2,2,active
1365,"Divorce Sucks","Eustace Mary Jo",9783740182724,2,2,active
1366,"Doctrine & Covenants and Church History",Unknown,9789559690511,7,7,active
1367,"Dog Treat Recipes",Unknown,9780267551255,2,2,active
1368,"Doing Ethics: Introduction to Moral Philosophy","Lloyd Marvin Combes",9782782079795,6,6,active
1369,"Domesday Book","Wintonia Liber De",9786734595760,2,2,active
1370,"Domestic Tourism","Carlos M. Libosada",9780381664961,6,6,active
1371,"Donald G. Bloesch A Research Bibliograpghy","Maher Paul E.",9782824983929,1,1,active
1372,"Donkey Cons","Vincent Lynn",9785014257626,1,1,active
1373,"Don’t bet Against me!","Favre Deanna",9780232441239,2,2,active
1374,"Don’t Do Delegate","James M. Jenks",9786132850720,1,1,active
1375,"Don’t Fill Up On The Antipasto",Tory,9781786376732,2,2,active
1376,"Don’t Make Me Stop This Car!","Al Roker",9786252654697,1,1,active
1377,"Don’t Stop Me Now","Clarkson Jeremy",9788157903924,2,2,active
1378,"DOS 5 Made Easy","Herbert Schildt",9783555809960,10,10,active
1379,"Doucle Take","Kevin Michael Connolly",9783273034613,1,1,active
1380,"Downsizing for Client/ Server Applications","Paul Kavanagh",9786262446701,2,2,active
1381,Downtown,"Anne Rivers Siddons",9786226817158,2,2,active
1382,"Dr. Jose Rizal Life works and Writings","Michael C. Pangilinan",9781602529861,9,9,active
1383,"Dr. Prem's Guide Madical Tourism","Jagyasi Prem",9780766046412,2,2,active
1384,Drafting,"German M. Manaois",9787857585126,8,8,active
1385,"Drama In The Sixties","Kitchin Laurence",9788612059432,2,2,active
1386,"Drills and Exercises for Intensive English","Marshall Felix L. Josue",9789760740173,8,8,active
1387,"Drug Abuse, Crime and Home","Harry C. Lorenzo",9785095465408,7,7,active
1388,"Drug Education and Vice Control","Dascil Canete Arlyn M.",9782456075405,2,2,active
1389,"Drug Use and Abuse","Bonnie Graves",9785086321812,1,1,active
1390,"Druge Manifesto","Matt Drudge",9782764579381,1,1,active
1391,"Dynamic Earth","Christiansen Eric H.",9787015502910,8,8,active
1392,"Dynamics of Law Enforcement & Public ..","Rommel K. Manwong",9788154660240,7,7,active
1393,"Dynamics of Law Enforcement and Public..","Manwong Rommel R.",9781613944981,9,9,active
1394,"Dynamics of Law Enforcement& Public safety","Rommel K. Manwong",9780597364242,1,1,active
1395,"E-way to Better Communication","Condordia Mendoza",9780962440632,8,8,active
1396,"E. Marketing","Leonardo R. Garcia Jr.",9786244795131,1,1,active
1397,"Early Literacy Instruction and Interventio Third Edition","Donna M. Scanlon",9780531949795,5,5,active
1398,"Earth Science","Tarbuck Lutgens Tasa",9789586780551,7,7,active
1399,"Earth Science","Desamero Cardina Ditan",9785727738269,6,6,active
1400,"Earth Science","Priscilla Signey L.",9786091785132,2,2,active
1401,"East Enders The First 10 Years","Brake Colin",9784457702991,2,2,active
1402,"Easter Recipes",Unknown,9789596604878,1,1,active
1403,"Easter Rising","Patrick Michael",9786826911638,1,1,active
1404,"Easy and Practical Pediatric Neurology","Rhandy Pebenito",9781942268659,5,5,active
1405,"Easy Linguistics","Renalyn B. Banatawig",9783694551584,10,10,active
1406,"Easy Windows 95","Sve Blumley",9788636774724,8,8,active
1407,"Eat Drink and Be Merry","Edell Dean",9786408572165,1,1,active
1408,"Eat Land","Critser Greg",9786630932997,2,2,active
1409,"Eat! The Quick-Look Cook Book","Scolik Gabriela",9781996059326,8,8,active
1410,"ECE Review Questions",Unknown,9781509688326,2,2,active
1411,"ECHO PARK","Michael Connelly",9785327352414,2,2,active
1412,Eclipse,"Meyer Stephene",9783977397328,1,1,active
1413,"Econo Meals",Unknown,9788195237104,2,2,active
1414,"Economic Crimes","Gilbert C. San Diego",9780687616480,9,9,active
1415,"Economic Development in the third World","Michael Todaro",9789807704601,4,4,active
1416,"Economic IN","Gadwin Ruiz Nardo",9786876112498,2,2,active
1417,Economics,"Sicat Gerardo P.",9781256523734,10,10,active
1418,"Economics Concepts","Robert C. Bingham",9781517734541,6,6,active
1419,"Economics Land Reform and Taxation","Ma. Perpetua Arcilla Serapio",9787574949027,9,9,active
1420,"Economics of Crime","Neil O. Alfer",9788403595446,5,5,active
1421,"Economics: Taxation, and Agrarian Reform","Manapat Carlos L.",9782947742229,9,9,active
1422,Ecotourism,"Cruz Reil G.",9784643039429,8,8,active
1423,"Ecotourism with Tourism Planning and Development","Romeo D. Lim",9780458867929,8,8,active
1424,"Educaional Psychology","William A. Kelly",9782985856728,2,2,active
1425,"Education Technology 1","Gatmaitan Borjal Wilhelmina",9788727601533,10,10,active
1426,"Education Technology 2","Gatmaitan Borjal Wilhelmina",9783324913577,6,6,active
1427,"Educational Administration","Gaudencio V. Aquino",9789083350615,2,2,active
1428,"Educational Administration Theory, Concepts..","Carson Charlie",9788148881071,6,6,active
1429,"Educational Eavaluation and Measurement","Roberto N. Padua",9788334233721,8,8,active
1430,"Educational Field Study","Ma. Christina A. Heriales",9789484131288,1,1,active
1431,"Educational Psychology","Anselmo D. Lupdag",9780333997710,6,6,active
1432,"Educational Research Measurement & Evaluation","Calmorin Laurentina",9785137171731,1,1,active
1433,"Educational Technology",Elomar,9788939749092,4,4,active
1434,"Educational Technology 1","Corpuz Brenda B.",9781739970468,2,2,active
1435,"Educational Technology 1","Wilhelmina Gatmaitan B.",9784725878441,8,8,active
1436,"Educational Technology 1","Tabbada Epifania V.",9788354884712,6,6,active
1437,"Educational Technology 2","Paz I. Lucido",9782705877224,10,10,active
1438,"Educational Technology 2","Wilhelmina Gatmaitan B.",9786417582315,4,4,active
1439,"Educational Technology 2","Vinoya Armando S.",9783348458719,10,10,active
1440,"Educational Technology 2","Vindollo Shiela C.",9789392523625,2,2,active
1441,"Educational Technology Handbook","Dahl Jovan",9782925879640,10,10,active
1442,"Effect Lake","Cohen Rich",9784745245551,1,1,active
1443,"Effective Business Correspondence","Honesto F. Farol",9784696606067,7,7,active
1444,"Effective College Composition Writing","Darwin D. Bargo",9782740334454,6,6,active
1445,"Effective Communication","Purificacion T. Reyes",9785665883397,1,1,active
1446,"Effective English Communications for SHS","Dr. Emelita Santiago- Custodio",9787411325793,8,8,active
1447,"Effective English for Everyday Use","Luz C. Bucu",9780673499608,7,7,active
1448,"Effective Speaking","Carpio Rustical C.",9780548574171,1,1,active
1449,"Effective Speech & Oral Communication","Fe O. Aquino",9781562294939,1,1,active
1450,"Effective Study and Thinking Skills","Belen / Biray",9787359848842,1,1,active
1451,"Effective Techniques in Criminal Investigation","Garcia Mario",9780215573254,9,9,active
1452,"Effective Writing",Unknown,9783755344902,7,7,active
1453,"Eggie's House","Judy Blume",9781666708080,1,1,active
1454,"Eight Weeks To Optimum Health","Weil Andrew",9780960858743,2,2,active
1455,"El Felebusterismo ni Dr, jose Riza","Buenaventura S. Medina",9785119181826,8,8,active
1456,"El Filibusterismo","Jose Rizal",9788197931642,10,10,active
1457,"El Filibusterismo for Younf Readers","T.A Dreana",9787251295782,2,2,active
1458,"El Filibusterismo for Young Readers","T.A D'Reana",9786069409602,10,10,active
1459,"El Filibusterismo ni Jose Rizal","Effren R. Abueg",9783562439587,4,4,active
1460,"Elcetric Machinery","Fitzgerald, A.E.",9783959232340,7,7,active
1461,"Elctrical Engineerinf Drawing","3G E Learning",9781089028512,5,5,active
1462,Eldest,"Christopher Paolini",9785333426437,2,2,active
1463,"Electical Course for Apprentices & Joureymen","Paul Rosenberg",9785027160739,5,5,active
1464,"Electornic Device And Circuits",Unknown,9780776336916,2,2,active
1465,"Electric Circuit Analysis","David E. Johnson",9782898123177,1,1,active
1466,"Electric Circuit Analysis","Johny C. Tan",9789556331851,9,9,active
1467,"Electric circuit Analytic","Johny C. Tan",9784817006660,2,2,active
1468,"Electric Living The Science Behind The Law of…","Crutcher Kolie",9785541643169,1,1,active
1469,"Electric Motor Control","Herman Stephen L.",9780450232909,7,7,active
1470,"Electrical & Electronics Engineering","Inoue Haruto",9788227009341,5,5,active
1471,"Electrical Circuits","Charles S. Siskind",9789626228227,2,2,active
1472,"Electrical Control for Machines","Lobsiger Diene",9781207346542,6,6,active
1473,"Electrical Grounding Bonding","Simmons Phil.",9785005070265,8,8,active
1474,"Electrical Installating & Maintenace: Intermediate","3G E Learning",9788698221051,4,4,active
1475,"Electrical Machines","3G E- Learning",9781611776874,5,5,active
1476,"Electrical Machines Direct & Alternating Current","Charles S. Siskind",9789047742586,5,5,active
1477,"Electrical Machines Reviewer","Ricardo V. Correa",9789177932383,2,2,active
1478,"Electrical Motor Controls For Entegrated Systen","Rockis Gary",9782311649130,5,5,active
1479,"Electrical Safety","3G E Learning",9784245798892,1,1,active
1480,"Electrical System Design","3G E Learning",9782565290607,6,6,active
1481,"Electrical System Design","Giridharan M.K",9782020326506,1,1,active
1482,"Electrical Systems for Facilitaties Management","3G E- Learning",9787753967378,8,8,active
1483,"Electrical Wiring Industrial","Herman Stephen L.",9784871485524,8,8,active
1484,"Electrical, Electronic and Control Engineering","Hopper Dewayne",9785787158410,6,6,active
1485,Electricity,"Chong Fook Choy",9785608213717,10,10,active
1486,Electricity,"Richard J. Fowler",9788425476815,4,4,active
1487,"Electricity AC/Dc Motors,Controls & Maintenance","Keljik Jeff",9788268323031,10,10,active
1488,"Electricity for Refrigaration, Heating & ….","Smith Rusself E.",9788929880859,2,2,active
1489,"Electricity Power Generation and Delivery","Keljik Jeff",9783825212933,8,8,active
1490,"Electrochemical Science and Technology",Unknown,9788963406466,1,1,active
1491,"Electrochemical Science and Technology of Copper",Unknown,9786775240148,8,8,active
1492,"Electromagnetic Field Theory and Transmission Lines","Rao Gottapu",9783991062271,2,2,active
1493,"Electromagnetic Theory","3G E Learning",9783626693351,1,1,active
1494,"Electromagnetic Theory","Heavisede Oliver",9783426192375,4,4,active
1495,"Electronic and Radio Engineering","Frederick Emmons Terman",9784501848194,1,1,active
1496,"Electronic Communication","Robert L. Shrader",9783741897214,7,7,active
1497,"Electronic Device and Circuit Theory","Boylestad Robert L.",9784064176925,2,2,active
1498,"Electronic Devices and Circuit","Theodore F. Bogart",9787438119955,9,9,active
1499,"Electronic Devie and Circuit Theory","Boylestad Robert",9787660144480,5,5,active
1500,"Electronic Navigation I","Lauro S. Torrechilla",9786451017392,2,2,active
1501,"Electronic Presentation Applications",Unknown,9783964178992,7,7,active
1502,"Electronic Products Assembly & Serving","3G E Learning",9789860919196,7,7,active
1503,"Electronics An Introduction","Earl D. Gates",9781359966056,4,4,active
1504,"Electronics and Electrical Measurements and..","3G E- Learning",9787798066036,9,9,active
1505,"Electronics Made Easy","Lothar Stern",9780514607452,1,1,active
1506,"Electronics technology Module","Marcelo E. Tan",9785534705744,10,10,active
1507,"Electrophysical agents in Physiotheraphy","Hilary Wordsworth",9783885652717,1,1,active
1508,"Electrotheraphy and Actimotheraphy","Pauline Scott",9785983541160,2,2,active
1509,"Elememts of Business Finance","Gredorio S. Miranda",9789726347552,6,6,active
1510,"Elementary Account","Solita A. Frias",9787522501390,10,10,active
1511,"Elementary Accounting","Solita Frias",9788848826914,6,6,active
1512,"Elementary Differential Equation","Lyman M. Kells",9781196425853,5,5,active
1513,"Elementary Differential Equation","Earl D. Rainville",9782614991530,7,7,active
1514,"Elementary Differential Equations","William R. Derrick",9780382407338,7,7,active
1515,"Elementary Differential Equations","Earl D. Rainville",9783732043095,5,5,active
1516,"Elementary Steam Power Engineering","Edgar Mac Naughton",9787688936289,7,7,active
1517,"Elements and Power System Analysis","William D.",9786964546556,8,8,active
1518,"Elements of Busines and Technical…","De Belen Rustico T.",9785851253898,5,5,active
1519,"Elements of Business Finance","Gregorio s. Miranda",9781878519351,5,5,active
1520,"Elements of Criminalistics","Lorenzo A. Sunico",9787490797795,1,1,active
1521,"Elements of Finance","Mariano Norma Dy- Lopez",9781208780574,7,7,active
1522,"Elements of Marketing","Ruby F. Alminar-Mutya",9781514940976,1,1,active
1523,"Elements Of Trigonometry, Plane and Spherical","Dodd James B.",9782637484538,7,7,active
1524,"Embracing the Teaching Profession","Antonio L. Tamayo",9788628950907,8,7,active
1525,"Emburey Biography","John Emburey",9789119186232,2,2,active
1526,"Emerald Enigma","West Wick CJ",9789220715116,1,1,active
1527,"Emerging Patterns of Educational Technology","Hill Jorell",9789666725212,7,7,active
1528,"Emgineering Thermodynamics","James Harbach",9785264712463,2,2,active
1529,"Employee Training & Development","Raymond A. Noe",9783515718400,1,1,active
1530,"Employee Training and Development","Raymond A. Noe",9780805120806,8,8,active
1531,"Empowering Change Through Social Entrepreneurship","Anqelita Oug Camelar-Sermano",9785640995121,1,1,active
1532,"Empowerment Technologies (Book 1)","Tamayo Jason D.",9789728351298,5,5,active
1533,"Empowerment Technologies (Book 2)","Tamayo Jason D.",9789272827096,6,6,active
1534,"Encountiring Christ: New Testament","Rina Ramos Concepcion",9788144152984,1,1,active
1535,"Encyclopaedic Dictionary of Information Tech.","Roger Drake",9781739295783,5,5,active
1536,"Encyclopedia Britannica",Unknown,9787181535231,2,2,active
1537,"Encyclopedia Entomology","Veerender Utpal",9787360507912,10,10,active
1538,"Encyclopedia International",Unknown,9788158998868,10,10,active
1539,"Encyclopedia of Astronomy and Space Science","Anandi Bhardwaj",9788345273464,10,10,active
1540,"Encyclopedia of Biochemistry","Bethany J. Mathews",9786617071589,7,7,active
1541,"Encyclopedia of Biology","Satyavir Singh",9789647408035,7,7,active
1542,"Encyclopedia of Biotechnology","Bethany J. Mathews",9784998250807,4,4,active
1543,"Encyclopedia of Body","John Farndon",9784635806886,1,1,active
1544,"Encyclopedia of Botany","Satyavir Singh",9782850317231,10,10,active
1545,"Encyclopedia of Chemical Engineering","Manish sharma",9785137399005,9,9,active
1546,"Encyclopedia of Environmental Ecology","Sanjoy Chatterjee",9783140352635,7,7,active
1547,"Encyclopedia of fish and fisheries","Vishal Anand",9786022939467,6,6,active
1548,"Encyclopedia of Genetics","Bethany J. Mathews",9789434606668,9,9,active
1549,"Encyclopedia of History","Philip Steele",9783749060726,2,2,active
1550,"Encyclopedia of Horticulture","A. Edwards",9783111271286,9,9,active
1551,"Encyclopedia of job-winning resumes","Myrna Fournier",9782464844949,2,2,active
1552,"Encyclopedia of Networking","Wener Feibel",9781631873287,4,4,active
1553,"Encyclopedia of Paleotology","Vivek Sharma",9787711306218,4,4,active
1554,"Encyclopedia of Physics","Anandi Bhardwaj",9781369572797,10,10,active
1555,"Encyclopedia of Plant Physiology","Satyavir Singh",9780833509024,10,10,active
1556,"Encyclopedia of Political Science","N. Dutta",9784257306627,6,6,active
1557,"Encyclopedia of South East and Far East Asia","P.C. Sinha",9788132357070,6,6,active
1558,"Encycopedia of Biotechnology","Bethany J. Mathews",9783984822851,4,4,active
1559,"Encylopedia International",Unknown,9781168809254,1,1,active
1560,"Ending the Food Fight","Ludwig David S.",9780213060909,2,2,active
1561,"Engaging Primamry Children in Mathematics","Sangster Margaret",9786913098105,10,10,active
1562,"Engineering Circuit Analysis","Hayt Willaim H.",9787964967372,9,9,active
1563,"Engineering Design","3G E- Learning",9784577278536,8,8,active
1564,"Engineering Economy","Sta. Maria Hipolito B.",9784264250647,5,5,active
1565,"Engineering Economy","Blank Leland",9780768362534,1,1,active
1566,"Engineering Economy","Sunivan William G.",9786677767552,2,2,active
1567,"Engineering Electromagnetics","William Hayt Jr.",9786283333936,6,6,active
1568,"Engineering Electromagnets","William H. Hayt Jr.",9789578654365,10,10,active
1569,"Engineering Electronics","George E. Happell",9787187496031,5,5,active
1570,"Engineering Graphics Communication","Gary Bertoline",9785826862704,5,5,active
1571,"Engineering Material and Process","Donald Clark",9786924926930,1,1,active
1572,"Engineering Materials & Processes","Donald S. Clark",9786573275991,5,5,active
1573,"Engineering Materials and Process","Donald Sherman Clark",9780111000519,8,8,active
1574,"Engineering Materials and Processes","Donald S. Clark",9785323415953,6,6,active
1575,"Engineering Mathematics","Bird Jhon",9787524418221,2,2,active
1576,"Engineering Mathematics","Bayon Roy Anthony",9786189628877,5,5,active
1577,"Engineering Mathematics Reviewer","Ruben A De La Fuente",9784312710260,9,9,active
1578,"Engineering Mechanics","Ferdinand L. Singer",9786720957992,7,7,active
1579,"Engineering Mechanics Dynamics","R.C Hibbeler",9787079551510,5,5,active
1580,"Engineering Mechanics Dynamics","Pytel Andrew",9782946213546,5,5,active
1581,"Engineering Mechanics Statics","Hibbeler R.C",9781597099622,9,9,active
1582,"Engineering Statistics","3G E Learning",9784384807523,6,6,active
1583,"Engineering Thermodynamics","James Harbach",9783447650472,4,4,active
1584,"Engineering Thermodynamics","3G E Learning",9781580290906,9,9,active
1585,"English 1","Siantiago F. Benlot",9786376604653,2,2,active
1586,"English 1 : Introduction","Esther L. Baraceros",9788665254839,2,2,active
1587,"English 1 : Introduction to college English","Esther L. Baraceros",9784417158103,7,7,active
1588,"English 1 : Reading and Thinking skill for Academic.","Esther L. Baraceros",9782131251292,10,10,active
1589,"English 2 : Reading and Thinking Skills for Academic Study","Esther L. Baraceros",9783110059120,10,10,active
1590,"English 21","San Carlos",9787519102319,8,8,active
1591,"English 3 : English for Academic Writing","Esther L. Baraceros",9781106330161,5,5,active
1592,"English 4 : Oral Communication in context","Esther L. Baraceros",9788373792746,6,6,active
1593,"English 41",Unknown,9787280123421,1,1,active
1594,"English 4: Philippine Literature …","Letiscia H. Carandang",9789311325323,8,8,active
1595,"English Communication 2",Unknown,9789496843643,2,2,active
1596,"English Communication 2","Cristina T. Danao",9783804421011,2,2,active
1597,"English Communication Arts and Skills Through…","Josephine B. Serrano",9785096170158,7,7,active
1598,"English Country Church","Curtis John",9789194575754,2,2,active
1599,"English for Academic and Professional Purpose","Menoy Jesus L.",9784758339209,7,7,active
1600,"English for Academic Purpose",Unknown,9786775677722,2,2,active
1601,"English for Academic Purposes","Mildred B. Go",9786602562658,5,5,active
1602,"English for Academic Writing","Shafie Latisha Asmaak",9786229231067,4,4,active
1603,"English For Business","Maria M Stewart",9782453076245,7,7,active
1604,"English for Business",Unknown,9783379766272,2,2,active
1605,"English for Business 2",Unknown,9785115794235,1,1,active
1606,"English for Business : Developing Communication","Perlita P. Romero",9783670425496,2,2,active
1607,"English for Business: Developing Communication",Unknown,9789192845521,2,2,active
1608,"English For College Learners","Fe O. Aquino",9789710756339,2,2,active
1609,"English for Hotel Restaurant and…","Tendero Edwin V.",9783574859533,6,6,active
1610,"English for Improved Academic Performance","Aida S. Villanueva",9785939933797,1,1,active
1611,"English for Specific Purpose","Teresita P. Paraja",9780581629517,2,2,active
1612,"English for Specific Purpose","Rosales Renato De Guzman",9787794176340,8,8,active
1613,"English for Specific Purposes Materials for ….","Teresita P. Pareja",9782507330552,9,9,active
1614,"English for the Workplace 1","Gamez- Johna Niem",9789782457592,10,10,active
1615,"English For Tourism and Hospitality Industry","Stephen Hall",9783399140380,8,8,active
1616,"English For Tourism and Hospitality Industry First Class Service 2","Stephen Hall",9788436604436,10,10,active
1617,"English Grammar and Composition","Warriner John E.",9784006157272,1,1,active
1618,"English Grammar for College Freshmen","Baraceros Esther L.",9786829751477,9,9,active
1619,"English II","Josefina P. Gabriel",9783974292503,2,2,active
1620,"English III","Josefina P. Gabriel",9780587525684,1,1,active
1621,"English in a New Dimension","Alex V. Abelos",9786562590456,1,1,active
1622,"English in Action","J.C. Tressler",9789080271128,8,8,active
1623,"English Laguage and Linguistics","Bensen Gail",9781823155511,5,5,active
1624,"English Linguistic Communication","Tavora Gideon",9785176808667,7,7,active
1625,"English Made Easy","Arthur Waldhorn",9788137214330,1,1,active
1626,"English Plus ( Instructional Modules )","Flordeliza C. Buendicho",9788003700332,1,1,active
1627,"English Polemics At The Spanish Court","Creswell's Joseph",9782855660844,1,1,active
1628,"English Profiency","Priscilla Mizpah  Santilla",9780681039032,7,7,active
1629,"English Pronounciation","Lordes Sevilla. Mata",9789705195822,1,1,active
1630,"English Pronounciation for the Filipino College","Lourdes Villa-Mata",9783280944851,7,7,active
1631,"English Rugby a Celebtration","Ted Barrett",9782394535467,2,2,active
1632,"English Sentence Builder","Swick Ed",9784707986324,4,4,active
1633,"Engllish 4 : Oral Communication in Context","Esther L. Baraceros",9780613394390,4,4,active
1634,"Enhancing Basic Research and Writing Skills","Ferdilyn C. Lacia",9784570394387,10,10,active
1635,"Enhancing Reading and Writing","Gloria M. Marapia-Cabagui",9784032537659,4,4,active
1636,"Enhancing the Skills Using the Language","Josephine M. Luna",9786927789433,7,7,active
1637,"Enjoying English 6","Wolfe Dan M.",9789100900403,1,1,active
1638,"Ensuite ( Cours Intermediare de Fracais )","Bette G. Hinsch",9787692105336,6,6,active
1639,"Ensuring fairness in Health Care Coverage","Wynia Matthew K.",9785146040141,2,2,active
1640,"Entensive English","Joy Bumanglag Gamad",9784731072017,1,1,active
1641,"Enterprise Crime","Danilo Tancangco",9783798440975,4,4,active
1642,"Enterprise Risk Management","Ernesto Mendoza",9782316600761,4,4,active
1643,"Entertaining with Ease",Mabilangan,9787620901443,10,10,active
1644,"Entrep in Tourism & Hospitality Industry","Chester Dave G. Arenas",9787340433705,9,9,active
1645,"Entrepreneureship 2nd Edition","Prof. Marife A. Acierto",9789687304519,1,1,active
1646,"Entrepreneurial Mind","Ferdinand C. Paurom",9785778255883,8,8,active
1647,Entrepreneurship,"Bruce R. Barringer",9785562965752,1,1,active
1648,"Entrepreneurship & Small Business Management","Roberto G. Medina",9784278656190,10,10,active
1649,"Entrepreneurship and Small Business Mgt.","Medina Robert G.",9782557782059,6,6,active
1650,"Entrepreneurship in Tourism & Hospitality","Jefferson Marcelo",9782958292362,8,8,active
1651,"Enviromental Issue in The Electronics and ….","Mendicino Laura",9786188081901,1,1,active
1652,"Enviromental Science American Geological",Unknown,9788235715586,6,6,active
1653,"Environment 93/94","John L. Allen",9788639561376,7,7,active
1654,"Environment 94/95","John L. Allen",9783081721439,5,5,active
1655,"Environment 96/97","John L. Allen",9786438130007,10,10,active
1656,"Environment and Tourism","Holden Andrew",9781321147162,6,6,active
1657,"Environment Geology","Carla W. Montgomery",9786094565342,2,2,active
1658,"Environmental Engineerung Fundamentals, Sustainability","Mihelcic James",9789979907077,7,7,active
1659,"Environmental Geology","Carla W. Montgomery",9785047681696,6,6,active
1660,"Environmental Management","Neil Catly Bermudez",9785706071745,8,8,active
1661,"Environmental Science",Unknown,9781131765396,8,8,active
1662,"Environmental Science","Priscilla Signey L.",9780548739617,2,2,active
1663,"Epidemiology (Principles & Methods)","Brian MacMahon",9782908718270,4,4,active
1664,"Epidemiology Principles and Methods","Brian Machahon",9789680491872,6,6,active
1665,"ERGO An Introduction to Logic","Pacheco A. Polestico",9787420495616,5,5,active
1666,"Ergonomics & Facilities Planning for the Hospitality Industry","Lolita O. Mendoza",9782137730623,9,9,active
1667,"Ergonomics Facilities Planning for the Hospitality Industry","John Paul G. Buenaventura",9786042359733,10,10,active
1668,"Essential in Criminal Investigation","Ruby L. Tamayo",9787112229901,9,9,active
1669,"Essential Journalism","Kai Hughes",9787560858166,7,7,active
1670,"Essentials Aromatheraphy","Carole Mc Gilvery",9780468611147,2,2,active
1671,"Essentials in Criminal Investigation","Ruby L. Tumayo",9785768321024,9,9,active
1672,"Essentials in Meal Management","Corazon G. Leocadio",9789237858479,4,4,active
1673,"Essentials of Business Ethics","Jessie F. Sergote",9782961803326,4,4,active
1674,"Essentials of Business Mathematics","Fernandinand P. Nocon",9782605080182,6,6,active
1675,"Essentials Of Computer Hardware","Wilson Kevin",9784980425374,9,9,active
1676,"Essentials of Computers","Nanny B. Garcia",9783377731265,10,10,active
1677,"Essentials of Computers","Godwin S. Moncerate",9788122821789,8,8,active
1678,"Essentials of Computers",Unknown,9789236534602,4,4,active
1679,"Essentials of Computers ( Web Design )","Namy B. Garcia",9786056035678,10,10,active
1680,"Essentials of Criminal Justice","Larry J. Siegel",9783279862395,8,8,active
1681,"Essentials of Criminal Psychology","Manwong Romel",9784716906184,8,8,active
1682,"Essentials of Criminalistics","Peckley Miller",9782054647547,4,4,active
1683,"Essentials of Criminology","Miller F. Peckley",9788954787697,10,10,active
1684,"Essentials of Criminology","Eduardo Jesster P.",9788999275173,9,9,active
1685,"Essentials of Drafting: A Textbook on Machanical..","Svesen Carl",9788891444493,6,6,active
1686,"Essentials of Forensic Chemistry & Toxicology","Arlyn M. Dascil- Canete",9783553935432,8,8,active
1687,"Essentials of French Cooking","William Sonoma",9788644963929,2,2,active
1688,"Essentials of Human Anatomy & Physiology","Elaine N. Mariela",9784358853792,10,10,active
1689,"Essentials of Human Computer Interaction","Dan Michael Cortez",9782143395274,8,8,active
1690,"Essentials of Management","Joseph L. Massie",9783674978523,6,6,active
1691,"Essentials of Mathematics Consumer/Carrer","Gerardi William J.",9789141686014,6,6,active
1692,"Essentials of Money, Credit & Banking","Gregorio S. miranda",9784778948962,5,5,active
1693,"Essentials of Oral Communication Towards…","Suzzette F. Valdez",9784067917662,5,5,active
1694,"Essentials of Porpusive Communication","Jesus Perry L. Caudilla",9781221500142,6,6,active
1695,"Essentials of Research Methods in Criminal …","Frank E. Hagan",9788842163091,4,4,active
1696,"Essentials of Research Methods in…","Frank E. Hagon",9780159446331,1,1,active
1697,"Essentials of Strategic Management","John E. Gamble",9789994853205,5,5,active
1698,"Essentials of Systems Analysis & Design","Joseph Valavich",9789532638905,8,8,active
1699,"Essentials of Teaching and Learning 1","Llagas Avelina T.",9781994711363,5,5,active
1700,"Essentials of Values Education","Priscilliano T. Bavzon",9783792234105,5,5,active
1701,"Essentials or Oral Communication","Nuval Evarista G.",9784699673318,5,5,active
1702,"Essentials Partnerships and Private Corporations","Vidor T. Julalian",9781677269600,10,10,active
1703,"Esy Growth in Moving Ahead","Gertrude Hildreth",9783768550789,2,2,active
1704,"Et Kyss I Morket","Meryl Sawyer",9787935219622,2,2,active
1705,"Ethical Dilemmas & Decision in Criminal Justice","Joycelyn M. Follock",9786335564349,10,10,active
1706,"Ethical Dilemmas and Decision in Criminal","Joycelyn M. Pllock",9786970931704,5,5,active
1707,"Ethical Hacking and Penetration Testing","Marmelo V. Abante",9789556076769,7,7,active
1708,Ethics,"Minsoware Bacolod",9786453454720,4,4,active
1709,Ethics,"Ruben O. Balotol Jr.",9783989830653,5,5,active
1710,Ethics,"Jose Romero Joven",9783121980413,4,4,active
1711,Ethics,"Bonifacio P. Bairan",9787242642366,2,2,active
1712,"Ethics 101 an Exploration on the Concept of Right & Wrong","Jaime Gutierrez-Ang",9782813190925,6,6,active
1713,"Ethics and Human Dignity","Christopher Ryan B. Maboloc",9788762303911,6,6,active
1714,"Ethics and Values","Atty. Ernesto Velchez Cabrera",9781428178526,4,4,active
1715,"Ethics and Values for Law Enforces","Arlyn M. Dascil-Caniete",9788230524800,1,1,active
1716,"Ethics and Values for Low Enforce…","Guevara Ricardo M.",9788062207223,8,8,active
1717,"Ethics Exploring Moral Philosophy","De Vera Palean Erland",9789594737219,5,5,active
1718,"Ethics for I.T Professionals with Legal Aspects..","Charlemagne G. Lavina",9782901620471,1,1,active
1719,"Ethics for thr Modern Student","Erland De Vera Palean",9786886878599,2,2,active
1720,"Ethics Foundations Of Moral Valuation","Bulaong Oscar",9786486287203,8,8,active
1721,"Ethics in information Technology","Reynolds George",9781954196667,1,1,active
1722,"Ethics in the Contemporary Words","Andrews Maquiling",9785057303625,6,6,active
1723,"Evaluating Educational Outcomes","Leonora Loyola Oriondo",9789246320370,7,7,active
1724,"Evangelism's First Modern Media Star","Hayland Jack",9787677537268,2,2,active
1725,"Even the wicked","Lawrence Block",9783214505769,1,1,active
1726,"Event Management","Bernardo B. Rodolfo",9781945887079,2,2,active
1727,"Event Marketing II","C.A. Preston",9785534820126,4,4,active
1728,"Events Management","Rodolfa Bernardo B.",9780083850761,2,2,active
1729,"Events Management for Tourism, Sports…","Tauzon- Dismulacion M.A",9789759545086,6,6,active
1730,"Events Management Handbook","Eloisa A. Romero",9781776808984,8,8,active
1731,"Events Management II","Romero Eloisa A.",9782657422312,4,4,active
1732,"Events Management in Tourism","Choudhary Yaduraj",9786463004021,8,8,active
1733,"Events Management in Tourism, Sports…","Tuazon Maria Arlene",9786936268943,5,5,active
1734,"Events Management Services: Advanced","3G E Learning",9780120471379,5,5,active
1735,"Events Planning Management & Marketing..","Genadinik Alex",9787117595742,5,5,active
1736,"Every Secret Crime","Cummings Doug M",9785829849337,2,2,active
1737,"Everyday Life in Prehistory","Morris Neil",9780674584761,10,10,active
1738,"Everything But the Burden","Tate Greg",9789441283333,1,1,active
1739,Evidence,"Ramil G. Gabao",9782188566691,7,7,active
1740,"Evidence and Crime Scene Reconstruction","Joseph m. Rynearson",9784132971506,2,2,active
1741,"Evidence and Crimie Scene Reconstruction","Joseph m. Rynearson",9786626705512,2,2,active
1742,"Evidence Collection","Joseph J. Vince Jr.",9783776936636,2,2,active
1743,"Evidence Rule of Court in the Philippines Rules 128-134","Ricardo J. Francisco",9783925295966,6,6,active
1744,"Evidence with Study Helps","Victor Tulalian",9781111028671,10,10,active
1745,"Excel 97","Tito B. Amoto Jr.",9782007202458,4,4,active
1746,"Expect Witnessing","Carl Meyer",9789102451095,2,2,active
1747,"Experiencing Modern Management","Samuel C. Certo",9780903267144,1,1,active
1748,"Experiencing Powerful English","Emma S. Castilo",9789819421794,2,2,active
1749,"Experimental College Physics","Marsh W. White",9782817934068,2,2,active
1750,"Experimental Cookey and Food Preservation","Eva Nebril - Flore",9785277584460,10,10,active
1751,"Experiments Manual for use Electronic…","Mallvino Albert",9783453372207,7,7,active
1752,"Expert Testimony in Court","Mendoza Gregorio",9780912172217,4,4,active
1753,"Expert Witnessing","Carl Meyer",9785593766182,2,2,active
1754,"Explore Canada",Unknown,9789437052639,9,9,active
1755,"Exploring Children Literature to Enhance Literacy in the Elementary Grades","Genevieve Conjusta",9781004627769,6,6,active
1756,"Exploring Gender & Society",Wenceslao,9785725659207,10,10,active
1757,"Exploring God's Word","Fr. Salvatore Putzu",9784617520236,1,1,active
1758,"Exploring Life Through Science Biology","John Dannie A. Ramos",9784326005598,2,2,active
1759,"Exploring Our Environment",Unknown,9785017833254,2,2,active
1760,"Exploring Phyrhm Through Pathfit 300000","Mary Joy B. Catangui",9788689993608,2,2,active
1761,"Explosions With-Without my Friends","Andersen Christian",9789848704509,2,2,active
1762,"Explosives Identification Guide","Mike Pickett",9789176799352,7,7,active
1763,"Explosives Identificaton Guide","Mike Pickett",9787440394647,1,1,active
1764,"Expressive Writing Classroom and Community","Adams Kathleen",9788303736062,4,4,active
1765,"Fabian Escapes","Peter McCarty",9781488608490,1,1,active
1766,"FACCI The Rebanned FACCI Journal","Aisa Parrino Artos",9787938841363,1,1,active
1767,"Faccinating Facts Science",Unknown,9782830615371,2,2,active
1768,"Face Value","Cowie Vera",9781242446269,1,1,active
1769,"Facial Reflexology","Sorensen Lone",9782514488116,1,1,active
1770,"Facilatating human Learning","Avelina M. Aquino",9781031421750,1,1,active
1771,"Facilitatig Learner -Centered Teaching","Maria Rita Lucas",9788878179417,4,4,active
1772,"Facilitating Human Learning","Aquino Avelina M.",9781526384096,6,6,active
1773,"Facilitating Learner-Centered Teaching","Teresita Tabbada- Rungduin",9781122528832,10,10,active
1774,"Facilitating Learning: A Metacognitive Process","Lucas Maria Rita D.",9785056618638,7,7,active
1775,"Facilitating Student-Centered Teaching","Ronaldo Larioque",9783979137878,5,5,active
1776,"Facilities Palnning & Management","Angelita Serrano",9785530073090,7,7,active
1777,"Facilities Planning & Design for Lodging…","Grace P. Perdigon",9780556057123,6,6,active
1778,"Falling Off Air","Sampson Chatherine",9789881927781,1,1,active
1779,"Falling Through The Earth","Trussoni Danielle",9781905348640,2,2,active
1780,"Fames Peril","Smilgis Martha",9781042462452,1,1,active
1781,"Family Favorites The Best of the Round Up",Schwan,9786185174460,10,10,active
1782,"Family Legal Guide","Donald O. Bolander",9780452128996,1,1,active
1783,"Family Theraphy An Overview","Goldenberg Irene",9785114551297,1,1,active
1784,"Faraday, Maxwell, and The Electromagnetic Field","Forbes Nancy",9789130448814,5,5,active
1785,"Farewell to Fairore Miss Read","John s. Goodall",9788416046157,2,2,active
1786,"Fascinating facts History",Unknown,9780211901709,2,2,active
1787,"Fast Lane",Unknown,9785681429838,7,7,active
1788,"Fat to Firm at Any Age","Alisa Bauman",9785229107327,1,1,active
1789,"Father's Day","Mc Coy Bill",9788360849378,1,1,active
1790,"Fathers & Sons","Madeley Richard",9780639638454,1,1,active
1791,"Fault Lines","Siddons Anne Rivers",9786969443911,1,1,active
1792,"Favorite Camping Recipes",Unknown,9784970169349,2,2,active
1793,"FCCS (Fundamentals Critical Care support)",Unknown,9789291320332,1,1,active
1794,"Fear Itself","Mosley Walter",9781623419035,1,1,active
1795,"Fear Less","Becker Gavin De",9780615372211,1,1,active
1796,"Fear of Crime","Keneth Ferraro",9785566847320,10,10,active
1797,"Feather On The Moon","Whitney Phyllis A.",9786533774601,1,1,active
1798,"Feeds and Feeding","Arthur Collinson",9780672007842,6,6,active
1799,"Fern My Story","Britton Fern",9786142442601,1,1,active
1800,"Field of Hope","Butler Brett",9788197543739,2,2,active
1801,"Field of Thirteen","Fancis Dick",9787642737204,2,2,active
1802,"Field Study 1","Lucas Maria Rita D.",9787638821450,1,1,active
1803,"Field Study 1","Greg Tabios Pawilen",9781484601914,2,2,active
1804,"Field Study 1","Marcela Leus",9784438998276,5,5,active
1805,"Field Study 2","Corpus Brenda B.",9780205869503,8,8,active
1806,"Field Study 2","Maria Rita Lucas",9783214644932,2,2,active
1807,"Field Study 3","Lucas Maria Rita D.",9789995167936,2,2,active
1808,"Field Study 4","Borabo Milagroos L.",9785055738573,1,1,active
1809,"Field Study 4: Exploring the Curriculum","Brawneer Dalisay G.",9786801192366,5,5,active
1810,"Field Study 5","Corpus Brenda B.",9780376811875,10,10,active
1811,"Field Study 5: Learning Assessment Strategies","De Guzman Estfania S.",9782333510401,9,9,active
1812,"Field Study 6","Bilbao Purita P.",9781497315396,2,2,active
1813,"Fifth Quarter","Allen Jennifer",9781498307482,1,1,active
1814,"Fifty Years A Fisherman","Gordon Richard",9780736511896,1,1,active
1815,"Fight Fat Arter Forty","Peeke Pamela",9789406557820,1,1,active
1816,"Fight the Bubbly Battle","MaryLendra A. Peretrante",9781904322306,4,4,active
1817,"Fight the Bullly Battle","Marylenda A. Penetrante",9783332470734,1,1,active
1818,"File Structures","Mcihael J. Folk",9782013546218,8,8,active
1819,"Filed Study II","Greg Tabios Pawilen",9787602508264,1,1,active
1820,"Filipino 1 Komunikasyon sa Akademikong","Cid V. Alcaraz",9781231261637,4,4,active
1821,"Filipino 2 : Masusing Pagbasa at Malikhaing Pagsulat","Dr. Remedios A. Sanchez",9782488899574,9,9,active
1822,"Filipino 2 Pagbasa at Pagsulat sa Masining …","Cynthia B. Cruz",9789893762974,1,1,active
1823,"Filipino 2 Pagbasa at Pagsulat tungo sa Pananaliksik","Veronica C. Abangan",9785493036460,2,2,active
1824,"Filipino 2 Pagbasa at Pagsulat Tungo sa Panana…","Magdalena O Jacson",9788719120387,10,10,active
1825,"Filipino 2 Pagbasa at Pagsulat Tungo sa …","Irma V. Ugot",9788769208288,1,1,active
1826,"Filipino 2 Pagbasa at Pagsulat Tungo sa …","Magdalena O. Jakcson",9782308981380,1,1,active
1827,"Filipino 2 Pagbasa at Pagsulat Tungo …","Magdalena O. Jocson",9781588144584,8,8,active
1828,"Filipino 3 Ang Masining na Pagpapahayag","Merlinda C. Cantre",9782067323186,1,1,active
1829,"Filipino I Komonikasyon sa Akademikong Filipino","Lededica D. Leyson",9789716815726,1,1,active
1830,"Filipino I Komonikasyon sa Akademikong Filipino",Unknown,9785000000151,2,2,active
1831,"Filipino I Komunikasyon sa Akademikong Filipino","Lededica D. Leyson",9789113717852,1,1,active
1832,"Filipino I Sining ng Pakikipagtalastasan","Orlando B. Magno, Anna",9789025561840,1,1,active
1833,"Filipino I: Komonikasyon sa Akademikong Filipino","Cid V. Alcaraz",9784218299876,2,2,active
1834,"Filipino I: Sining ng Komunikasyon Para sa…","Evelyn B. Autha",9787812248905,6,6,active
1835,"Filipino Pangkolehiyo","Jose A. Arrogante",9786708670097,6,6,active
1836,"Filipino Sining ng Pakikipagtalastasan","Orlando B. Magno",9780436551581,1,1,active
1837,"Final Passeges","Ahraheim Judith",9788266913623,2,2,active
1838,"Financial Accounting","Francisco B. Amparada",9784835505428,10,10,active
1839,"Financial Accounting","Conrado T. Valix",9789608070639,10,10,active
1840,"Financial Accounting","Jan R. Williams",9786998795098,5,5,active
1841,"Financial Accounting & Report Fundamentals","Solita Firas",9788221040166,10,10,active
1842,"Financial Analysis","Erich A. Helfert",9788188044283,6,6,active
1843,"Financial Institutions","Feliciano Fajardo",9787383638167,7,7,active
1844,"Financial Investigation and Forensic Accounting","George A. Manning",9783212694281,6,6,active
1845,"Financial Management: Principles & Applications","Arthur J. Keown",9786420362584,2,2,active
1846,"Financial Statement Analysis & Security Valuation","Stephen Penman",9783144170648,7,7,active
1847,"Find Me","Rosie O'Donnell",9782554026354,2,2,active
1848,"Finding Sarah","Ferguson Sarah",9788243017641,2,2,active
1849,"Finger Lickin Fifteen","Evanovich Janet",9784489880315,2,2,active
1850,Fingerprint,"Jury G. Rocamora",9783888245275,6,6,active
1851,"Fingerprint Identification","William Leo",9785040433339,1,1,active
1852,"fingerprint Identification","Julienne Sacyaben Leyaley",9785384951636,10,10,active
1853,"Fingerprint Identification ( The Scene of Fingerprint..",Unknown,9781119787181,1,1,active
1854,"Fingerprint Indentification","Julienne Sacyaben Leyaley",9789339137328,4,4,active
1855,"Fingerprint Laboratories (SIRCHIE)",Unknown,9785306011981,7,7,active
1856,"Fingerprint Uniqueness and Persistency","Jury G. Rocamora",9785617868809,7,7,active
1857,Fingerprinting,"Edwin Taganas Montalba",9782300915611,4,4,active
1858,"Fingerprints and Other Ridge Skin Impressions","Champod Christophe",9782980365775,8,8,active
1859,"Finite Mathematics 1","Juan Apolinario C. Reyes",9784916093653,6,6,active
1860,"Finite Mathematics 2","Juan Apolinario C. Reyes",9782014911893,2,2,active
1861,"Finnegan's Week","Wanbaugh Joseph",9781843368755,2,2,active
1862,"FinnFETs and Other Multi-gate Transistors","Colinge Jean- Pierre",9789263223999,1,1,active
1863,"Fire Behavior and Arson Investigation","Bustria Leo",9782137455618,8,8,active
1864,"Fire Behavior and Arson Investigation","Leonardo A. Bustria",9784042886051,4,4,active
1865,"Fire Flies in December","Jennifer Erin Valent",9785376660812,1,1,active
1866,"Fire Investigation and Arson Investigation","Leonardo A. Bustria",9782600308359,4,4,active
1867,"Fire Investigation and Fire Technology","Villaluz Joner C.",9786910627155,7,7,active
1868,"Fire Office Examination","Cyrus B. Medina",9783123455063,9,9,active
1869,"Fire Officer Examination (FOE)","Cyrus B. Medina",9788269177688,8,8,active
1870,"Fire Oficer Examination (FOE)","Cyrus B. Medina",9782938440134,9,9,active
1871,"Fire Organization and Administration with…","Revisa William A.",9788087354377,6,6,active
1872,"Fire Organization and Administration…","Revisa William A.",9788826033594,10,10,active
1873,"Fire Technology and Arson Investigation","Virgil Bernaldez Osal",9781015709089,9,9,active
1874,"Firearm & Firearm Safety","Miller F. Peckley",9789914492071,6,6,active
1875,"Firearm and Fiream Safety","Miller F. Peckley",9789269996996,6,6,active
1876,"Firearms and Firearm Safety","Peckley Miller",9786489971840,10,10,active
1877,"Firearms And Firearms Safety","Pecley Miller F.",9788596932592,5,5,active
1878,"Firearms and toolmarks Dictionary","Erdulfo M. Grimares",9784084993236,4,4,active
1879,"Firearms and Toolmmarks Dictonary","Erdulfo M. Grimares",9782342669800,1,1,active
1880,"Firearms Identification","Erdulfo M. Grimares",9789087261764,2,2,active
1881,"Firearms Identification","J. Howard Mathews",9787234838937,1,1,active
1882,"Firearms Identificaton","J. Howard Mathews",9789538280405,6,6,active
1883,"Firearms Investigation","J. Howard Mathews",9786129965086,2,2,active
1884,"Firearms Investigations, Identification…","Julian S. Hatcher",9786958264183,1,1,active
1885,"Firearms Investiigation Identification & Evidence","Julian S. Hatcher",9789656130873,2,2,active
1886,"Firetop Mountain","Jenkins Alex",9781238595148,2,2,active
1887,"First Aid","Adonis A. Mogol",9783468239489,10,10,active
1888,"First Aid and Emergency","Marvin M. Lumigat",9780027300864,6,6,active
1889,"First Aid and Water Survival","Amando A. Alviola",9786610168316,8,8,active
1890,"First Aid, Rescue & Water Safety","Cora M. Dogui-is",9783950016802,4,4,active
1891,"First Aid, Rescue and Water Safety","Cora M. Dogui-is",9784149150765,8,8,active
1892,"First Place 4 Health","Carole Lewis",9788397620537,1,1,active
1893,"Fisher Apparatus Catalogue","Mike Harper",9784407779462,9,9,active
1894,Fishes,"George G. Goodwin",9780726629259,1,1,active
1895,"Fishes Invertabrates","Fredrick Drimmer",9788177602999,1,1,active
1896,"FITNESS for College","William Prentice",9784068841331,4,4,active
1897,"FITNESS for College",Unknown,9787312552359,5,5,active
1898,"Fitness for College and Life","William Prentice",9781781703212,7,7,active
1899,"Fitness, Performance & the Female Equestrain","Mary D. Midkiff",9789206136386,4,4,active
1900,"Five Days in Paris","Daniela Steel",9782778956130,2,2,active
1901,"Flash 4 ! Creative Web Animation","Derek Franklin",9787184449023,5,5,active
1902,"Flavors of the Philppines","Glenda Rosales-Barretto",9780264801643,2,2,active
1903,"Flee The Darkness","Jeffrey Grant R.",9780373416783,2,2,active
1904,"Flesh and Bone","Bass Jefferson",9782778221023,1,1,active
1905,"Flexible Internship Program for Criminology","Mario A. Garcia",9781798213483,9,9,active
1906,"Flight Lessons","Gaffney Patricia",9782985797366,2,2,active
1907,"Flip the Switch","Cooper Robert K.",9788318285609,1,1,active
1908,"Florante at Laura","Francisco Balagtas",9783970798665,6,6,active
1909,"Florante at Laura Francisco Balagtas","Almario Virgelio S.",9781770673687,9,9,active
1910,"Fly Fish","Santella Chris",9780506821224,1,1,active
1911,"Fonsue Recipes",Unknown,9785521650583,1,1,active
1912,"Food & Beverage Service Procedure","Cornel; Daryl Ace V.",9781469218212,7,7,active
1913,"Food & Beverage Service Procedures","Daryl Ace Cornell",9782596790893,8,8,active
1914,"Food and Beverage : Expert","3G E-Learning",9784369984805,8,8,active
1915,"Food and Beverage Cast Control System","Mendoza Evangeline",9782050938694,5,5,active
1916,"Food and Beverage Service Management","Punay Maria Lutgard Manuela",9784842495989,9,9,active
1917,"Food and Beverage Service NC II","Naguit Flordiliza B.",9781145788701,8,8,active
1918,"Food and Beverage Service Procedures","Daryl Ace Cornell",9787152386763,9,9,active
1919,"Food Engineering Tehniques and Technology","Molly Drake",9783820974614,7,7,active
1920,"Food Holidays Philippines",Unknown,9787798768299,1,1,active
1921,"Food Microbiology and Food Safety","David C. bueno",9786872258930,8,8,active
1922,"Food Processing","Jamille Jaravata",9780858062351,7,7,active
1923,"Food Processing and Packaging","Anton Kuris",9784056695793,4,4,active
1924,"Food Processing: Advanced","3G E-Learning",9780124825543,4,4,active
1925,"Food Processing:Expert","3G E-Learning",9782867963254,6,6,active
1926,"Food Production Start-up","3G E-Learning",9789423289469,10,10,active
1927,"Food Safety Sanitation and Hygiene","Helen U. Alvarez",9783891562413,1,1,active
1928,"Food Science and Nutrition","3G E-Learning",9785285725626,9,9,active
1929,"Food Selection Preparation and Cooking","Eva Nebril-Flores",9782693358958,8,8,active
1930,"Food Service and Management","Dr. Jake C Viana",9783818655075,4,4,active
1931,"Food Service Management","June Payne - Palacio",9784685095742,8,8,active
1932,"Food Service Management","Punay Maria Lutgard Manuela B.",9784303491895,10,10,active
1933,"Food Technology","3G E-Learning",9781797203850,4,4,active
1934,"Food That Harm Food That Heal",Unknown,9783401536415,8,8,active
1935,"Food Weight and Measures","Aquino Ma. Christina G.",9784715531325,6,6,active
1936,"Foodservice and Management","Ines Alcantara De Gusman",9789367813676,6,6,active
1937,"Foodservice Management: Priinciples & Practices","June Payne Palacio",9785009421414,10,10,active
1938,"Foot and Ankle Pain","Rene Collier",9785276981987,1,1,active
1939,"Foot Ball","Smith Delia",9788092704525,2,2,active
1940,"For Better, for Worse","Susan Squire",9788885622586,1,1,active
1941,"For Jayhawks Fans Only","Fulk Matt",9786059867870,2,2,active
1942,"For One More Day","Mitch Albom",9784227585489,2,2,active
1943,"Forecasting Product Liability Claims","Stallard Eric",9789655942828,2,2,active
1944,"Foreign Language","Karol Aquino",9789116502004,6,6,active
1945,"Foreign Language Japanes and French","Karol Aquino",9782453931322,4,4,active
1946,"Forensic 2 Personal Identification Techniques","Jonah B. Badua",9781551305578,9,9,active
1947,"Forensic Ballistics","Erdulfo M. Grimares",9788368214444,4,4,active
1948,"Forensic Ballistics","Domingo R. Del Rosario",9786997273672,2,2,active
1949,"Forensic Ballistics","Ricardo M. Guevara",9784620258256,2,2,active
1950,"Forensic Ballistics","Alfie P. Sarmiento",9783183281237,6,6,active
1951,"Forensic Ballistics","Manuel Georby",9781239204919,10,10,active
1952,"Forensic Ballistics","Ariel C. Manlosoc",9786018364723,4,4,active
1953,"Forensic Ballistics","William Revisa",9788750827689,5,5,active
1954,"Forensic Ballistics","Maj. Ranel  A. Maglente",9781722577544,9,9,active
1955,"Forensic Ballistics & Firearms Identification","Tomas L. Cabrillas",9785847262903,9,9,active
1956,"Forensic Ballistics Review Handbook","Miller F. Peckley",9782918768319,6,6,active
1957,"Forensic Behavioral Science","Richard Jonathan O. Taduran",9780827172173,7,7,active
1958,"Forensic Chemistry","Leo Carlo B. Rondina",9783373992059,9,9,active
1959,"Forensic Chemistry & Toxicology","William A. Revisa",9782299936215,1,1,active
1960,"Forensic Chemistry & Toxicology","Arlyn M. Dascil",9786591438828,9,9,active
1961,"Forensic Chemistry and Toxicology","Canete Arlyn",9782553983580,5,5,active
1962,"Forensic Chemistry and Toxicology","Cejes Lourdeliza Gunal",9784617773267,2,2,active
1963,"Forensic Chemistry and Toxicology","Cresente D. Delatado",9783095449794,6,6,active
1964,"Forensic Document Examination","Christian G. Domingo",9781279970294,9,9,active
1965,"Forensic Documentation Investigations","Rodolfo O. Castillo",9787120539788,5,5,active
1966,"Forensic Documents Investigation","Rodolfo O. Castillo",9781375298834,7,7,active
1967,"Forensic Documents Investigations","Castillo Rodolfo O.",9782012560833,5,5,active
1968,"Forensic Examination of Questioned Document","Mary Grace Pabito Alvarez",9780048797889,5,5,active
1969,"Forensic Examination of Questioned Documents","Alvarez Mary Grace P.",9789753585231,8,8,active
1970,"Forensic Handwriting Examination","Zedny C. Immatong",9788600304438,9,9,active
1971,"Forensic Identification and Criminal Justice","Carole Mc Cartney",9781995171524,7,7,active
1972,"Forensic Interpretation of Glass Evidences","James Michael Curran",9789102929501,1,1,active
1973,"Forensic Investigation","Sarmiento Afie P.",9784374830937,4,4,active
1974,"Forensic Pathology","Vicente J. Di Maio",9789671397190,4,4,active
1975,"Forensic Pathtology","Vincent J. De Maio",9782602213217,4,4,active
1976,"Forensic Photograpgy for Criminology…","Waynefred H. Villarba",9786720191112,2,2,active
1977,"Forensic Photography","Waynefred H. Villarba",9786122019076,7,7,active
1978,"Forensic Photography","David R. Redsicker",9785873393046,5,5,active
1979,"Forensic Photography","Ma. Elizabeth Bulan",9783665380274,8,8,active
1980,"Forensic Photography","Filiberth Patrick Tad - awan",9784812421147,9,9,active
1981,"Forensic Photography","Tomas Cabrillas",9788682509523,4,4,active
1982,"Forensic Photography For Criminology Students..","Villarba Waynefred",9789462093553,5,5,active
1983,"Forensic Question Documents Examinations","Jonas Arabejo Gonzales",9781039952973,2,2,active
1984,"Forensic Questioned Documents Examination","Gonzales Jonas Arabejo",9780137124367,10,10,active
1985,"Forensic Radiology","B.G. Brogdon",9788585642303,6,6,active
1986,"Forensic Reviewer","Christian G. Domingo",9781202706150,6,6,active
1987,"Forensic Science 1","Tomas L. Cabrillas",9782738740298,8,8,active
1988,"Forensic Science 4","Tomas L. Cabrillas",9780716690634,8,8,active
1989,"Forensics True Crime Scene Investigation","Zakaira Ercinglioglu",9782481554203,1,1,active
1990,"Forever Young","Robert Tine",9784030109568,1,1,active
1991,"Forged or Genuine?","Mely E. Sorra",9789756491577,7,7,active
1992,"Fork in the Road","Hamil Dennis",9785546234713,8,8,active
1993,"Formative Assessment for Teaching & Learning","Boyle Bill",9784760108015,1,1,active
1994,"Formulating and Implementation Policy..","Camillar Angelita Ong",9788103068318,10,10,active
1995,"Fornt Office Management and Operation","Ahmed Ismail",9786417268080,7,7,active
1996,"Foundamental of Education","Angel S. Recto",9788157129010,4,4,active
1997,"Foundamentals of C Programming","Behrouz A. Forouzan",9780713806717,6,6,active
1998,"Foundamentals of Creative Writing","Cecilia M. Brainard",9780735104587,1,1,active
1999,"Foundation Expression Blend 3 With..","Ganedioso Victor",9787436213006,2,2,active
2000,"Foundation in Strategic Management","Jeffry S. Harrison",9786258857665,8,8,active
2001,"Foundation of C Programming","Behhauz A. Forouzan",9784703180535,8,8,active
2002,"Foundation of Education","Angel S. Recto",9789627466628,1,1,active
2003,"Foundation of Friction Ridge Print Examination","Rocamora Jury",9785918327005,4,4,active
2004,"Foundation of Information Security","Miles Carr",9784666145909,4,4,active
2005,"Foundation of IT Operations Management","Verma Prafull",9781107977143,10,10,active
2006,"Foundation of the Law","Johnny D. Boggs",9780493881942,1,1,active
2007,"Foundations of C Programming","Behrouz A. Forouzan",9780531520499,8,8,active
2008,"Foundations of Criminal Justice","William Mathias",9788094976982,8,8,active
2009,"Foundations of Education II","Rosalinda A. San Mateo",9783137971665,2,2,active
2010,"Foundations of Material New Born Nursing","Trula Myers Gorrie",9788416612376,8,8,active
2011,"Foundations of Specials & Inclusive Education","Cristina Nieves",9780779433254,6,6,active
2012,"Foundations of Specials and Inclusive Educxations","Marmelo V. Abante",9782389949910,2,2,active
2013,"Four Arguments for the Elimination of Television","Jerry Mander",9780142620373,2,2,active
2014,"Fox at the Woods Edge","Gale E. Christianson",9788782116027,1,1,active
2015,"Foxes in the Henhouse","Sarding Steve",9784181359980,1,1,active
2016,Fred,"Hall David",9782117088942,2,2,active
2017,"Free Stuff and Bangains",Unknown,9788018644829,9,9,active
2018,"Free Stuff and Bargains for Seniors",Unknown,9781758839784,1,1,active
2019,"Free Stuff and Bargais for Seniors",Unknown,9787082004805,2,2,active
2020,"Free to choose","Milton Freidman",9787571236915,2,2,active
2021,"Free to Trade","Ridpath Michael",9789611287949,2,2,active
2022,"Freelance Journalism Mass Communication","Chawla Shipra",9782968827691,10,10,active
2023,Fresh,Unknown,9780409531411,2,2,active
2024,"Fresh Disasters","Wood's Stuart",9781560783275,2,2,active
2025,"Freshman English",Unknown,9788835651796,2,2,active
2026,"Freshman English Through Study & Thinking","Pesirla Angel O.",9782409649660,2,2,active
2027,"Friction Ridge Skin","Jury G. Rocamora",9783496047841,8,8,active
2028,"Friendship for Grown-Ups","Whelghel Lisa",9781702851626,1,1,active
2029,"From Chaos to Care","Lawrence David",9785936488207,1,1,active
2030,"From Crime to Justice","Leah M. Donato",9789348688392,8,8,active
2031,"From Crime to Justice The Five Pillars (Components)","Leah M. Donato",9786246728793,1,1,active
2032,"From Darkness To light","Butch Belgica",9781609114138,8,8,active
2033,"From Her to Paternity","Jay Teitel",9789359236131,1,1,active
2034,"From Here tp Paternity","Teitel Kate",9787605230452,1,1,active
2035,"From Motorcyle to Superbike","Eric Thompson",9786502544723,1,1,active
2036,"From Peanut To The Pressbox","Gold Eli",9781916503441,2,2,active
2037,"From Peanut To The Pressbox",Unknown,9789661771825,1,1,active
2038,"From Peanuts to The Pressbox","Gold Eli",9789898088062,2,2,active
2039,"From Sentence to Paragraph","Robert g. Bander",9788214174687,2,2,active
2040,"From The Hood To The Hill","Black Barry C.",9783592664867,1,1,active
2041,"Front Office Management","Sudhir Andrews",9788939698741,8,8,active
2042,"Front Office Management and Operations","Ahmed Ismail",9786941559456,8,8,active
2043,"Front Office Operations",Unknown,9780119292077,10,10,active
2044,"Front Office Operations","Grayfield T. Bajao",9783605117168,6,6,active
2045,"Front Office Operations and Management","Ahmed Ismail",9780398863654,9,9,active
2046,"Front Office Operations and Management","Sudhir Andrews",9786218945593,5,5,active
2047,"Front Office System & Procedures","Elpedia Masan Marte-Logo",9786700099421,4,4,active
2048,"Front Office System and Procedure","Elpedia M. Marte Lago",9788942046645,6,6,active
2049,"Front Office Systems and Procedure","Elpedia M. Martelago",9786760564204,2,2,active
2050,"Frontier Markets for Dummies","Graham Gavin",9784565775801,10,10,active
2051,"Full Service","Weaver Will",9784533890628,2,2,active
2052,"Fullerence 2000-Volume 9 Functionalized Fullerence","Nazarie Martin",9785466226546,1,1,active
2053,"Fully Du Jour","Cleverly Barbra",9781659953008,1,1,active
2054,"Fun With Shapes",Unknown,9782212242768,2,2,active
2055,"Functional English for Communication","Kakarla Ujjwala",9787462591604,7,7,active
2056,"Functional English for Today","Caridad De Vera",9781241158484,1,1,active
2057,"Fundamental Mathematics","Myrna Cabansay",9788600801791,10,10,active
2058,"Fundamental of Accounting","Baltazar William B.",9786778231297,8,8,active
2059,"Fundamental of Criminal Investigation","Galero-Muftuoglu Emma",9785704726425,8,8,active
2060,"Fundamental of Criminal Investigation","Filibert Patrick F.",9786121203841,9,9,active
2061,"Fundamental of Criminal Investigation","Juday S. Lopez",9787536596801,5,5,active
2062,"Fundamental of Curriculum Theory and Development","Bueno David Cababaro",9788525482426,7,7,active
2063,"Fundamental of Food Service Management","Carino Celia E.",9788385454007,4,4,active
2064,"Fundamental of Heat and Mass Transfer","Gupta Mohan",9786445475238,9,9,active
2065,"Fundamental of Meal Management","Margaret Mc Williams",9781232748977,1,1,active
2066,"Fundamental of the Criminal Investigation and Intelligence","Rhona A. Alog",9787763342721,1,1,active
2067,"Fundamental of Traffic Management and…","Valdueza Felix Lor",9783886217502,4,4,active
2068,"Fundamentals Approach in Computing","Janeiro H. Policarpio",9788019630456,9,9,active
2069,"Fundamentals in Food Service Operations","Badjao Grayfield T.",9783069358824,9,9,active
2070,"Fundamentals in Food Service Operations","Rafael M. Bachanica",9789353400187,6,6,active
2071,"Fundamentals in Lodging Operations","Bryan G. Baliste",9786778481654,4,4,active
2072,"Fundamentals in Meal Management","Maria Salud Dizon",9784445446081,5,5,active
2073,"Fundamentals Intermediate Accounting","Neil Fargher",9788517993787,5,5,active
2074,"Fundamentals of Accountancy, Business…","Paraan Ma. Evangeline L.",9780539128789,4,4,active
2075,"Fundamentals of Accounting","Rafael M. Lopez Jr.",9784869996988,8,8,active
2076,"Fundamentals of Accounting","Flocer Lao Ong",9782904579271,8,8,active
2077,"Fundamentals of Accounting","Dr. William B. Baltazar",9784724630194,1,1,active
2078,"Fundamentals of Accounting  and Inventory Management","Grayfield T. Bajao",9786424238397,8,8,active
2079,"Fundamentals of Advertasing","Ruby Mutya",9782833912187,7,7,active
2080,"Fundamentals of Basic Accounting","Leonardo I. Aliling",9780629328808,7,7,active
2081,"Fundamentals of Biological Science","Garcia Rizaldy E.",9789832210108,9,9,active
2082,"Fundamentals of Business Communication","Efren F. Abulencia",9783200186767,1,1,active
2083,"Fundamentals of Catering Housekeeping…","Shrivastava Atul",9781008987616,7,7,active
2084,"Fundamentals of Citizenship",David,9788143561404,1,1,active
2085,"Fundamentals of Computer Science & Information Tech.",Unknown,9783845319803,9,9,active
2086,"Fundamentals of Computing 1","Allen B. Tucker",9784682354699,2,2,active
2087,"Fundamentals of Criminal Investigation","florendo Adelene M.",9781003076209,6,6,active
2088,"Fundamentals of Criminal Investigation","Vicente Jezreel",9784596715005,6,6,active
2089,"Fundamentals of Criminal Investigation","Arnold Grecia Rago",9786664110651,7,7,active
2090,"Fundamentals of Criminal Investigation & Intelligence","Eleazar E. Labsts",9781134078516,6,6,active
2091,"Fundamentals of Criminal Investigation and Intelligence","Rhona A. Alog",9789949708901,7,7,active
2092,"Fundamentals of Criminal Investigation and Intelligence","Filiberth Patrick Tad - awan",9788366834828,6,6,active
2093,"Fundamentals of Criminal Investigation and Intelligence","Arnold Grecia Rago",9788999626975,7,7,active
2094,"Fundamentals of Criminal Law","Renato Abastillas",9780838688892,10,10,active
2095,"Fundamentals of Criminal Law Revised Penal Code Book 1","Renato M. Abastillas Jr.",9787879150593,4,4,active
2096,"Fundamentals of Criminolgy","Manwong Rommel",9782571976090,2,2,active
2097,"Fundamentals of Criminology","Rommel K. Manwong",9782012657892,5,5,active
2098,"Fundamentals of Criminology","Tradio C.M",9786041809529,1,1,active
2099,"Fundamentals of Criminology","Ricardo M. Guevara",9787558517778,1,1,active
2100,"Fundamentals of Criminology","Eduardo Jesster P.",9781274692115,6,6,active
2101,"Fundamentals of Defferential Equation","R. Kent Nagle",9788241996269,8,8,active
2102,"Fundamentals of Discrete Mathematics","Winston S. Sirug",9782229758917,6,6,active
2103,"Fundamentals of Ecology","Eugene P. Odum",9780454218541,2,2,active
2104,"Fundamentals of Engineering thermodynamics","Michael J. Moran",9787056820929,2,2,active
2105,"Fundamentals of Environment Science","Gerry C. Catchillar",9785709001633,5,5,active
2106,"Fundamentals of Ethics","Jovito Carino",9785640723243,9,9,active
2107,"Fundamentals of Finacial Management","Anastacio Ma. Flordeliza",9787282895401,10,10,active
2108,"Fundamentals of First Aid and Water Safety","Christian G. Domingo",9781788224734,4,4,active
2109,"Fundamentals of Food Service Operation","Rea Dela Cruz",9782616850712,4,4,active
2110,"Fundamentals of Forensic FireArms Identification","De Guzman Reynaldo D.",9785801195094,1,1,active
2111,"Fundamentals of Guidance & Couselling","Rocio Reyes Kapunan",9787115261052,5,5,active
2112,"Fundamentals of Hospitality and…","Sharma Monica",9787092300713,5,5,active
2113,"Fundamentals of Hotel Management and…","Sinha Asdesh",9786950074186,10,10,active
2114,"Fundamentals of Industrial Security","Miller F. Peckley",9784854329876,8,8,active
2115,"Fundamentals of Industrial Security Management","Antonio C. Paulite",9789893652947,7,7,active
2116,"Fundamentals of Information System Security","Kim David",9787161982734,6,6,active
2117,"Fundamentals of Information Technology","Cecilio S. Volatnte III",9784813104506,10,10,active
2118,"Fundamentals of Investigation and Intelligence","Donald T. Sumad-on",9785896321743,5,5,active
2119,"Fundamentals of Investment Management","Geoffrey A Hirt",9785748352680,5,5,active
2120,"Fundamentals of Javascript Programming","Jake R. Pomperada",9786486067393,4,4,active
2121,"Fundamentals of Management","Rafael A. Rodriguez",9783448838428,8,8,active
2122,"Fundamentals of Management Functions, Practices..","Ruby Mutya-Alminar",9783646280555,6,6,active
2123,"Fundamentals of Meal Management","Margaret Mc. Williams",9787740657954,4,4,active
2124,"Fundamentals of Nursing",Unknown,9781562392093,6,6,active
2125,"Fundamentals of Nursing","Josie Qviambao-Vlan",9788551074091,4,4,active
2126,"Fundamentals of Nursing","Jose N. Nolledo",9783111786193,4,4,active
2127,"Fundamentals of Nursing","Potter Perry",9780254760226,9,9,active
2128,"Fundamentals of Nursing Concepts…","Audrey Berman",9786953541203,1,1,active
2129,"Fundamentals of Paralegalism","Thomas E. Eimerman",9782275950020,4,4,active
2130,"Fundamentals of Political Science","Florentino G. Ayson",9786015153252,10,10,active
2131,"Fundamentals of Programming : C Language","Jasmine D. Niguidula",9787950740712,2,2,active
2132,"Fundamentals of Programming : C/C++ Language","Marvin Reyes",9787327980598,10,10,active
2133,"Fundamentals of Public Speaking & Debate","Conrado P. Aquino",9780310064930,2,2,active
2134,"Fundamentals of Research","Gaudencio V. Aquino",9780391045200,6,6,active
2135,"Fundamentals Of Software Engineering",Unknown,9786089411845,1,1,active
2136,"Fundamentals Of Speech","Catalino C. Abos",9783599285539,1,1,active
2137,"Fundamentals of Speech Communication","Efren F. Abulencia",9789520561000,2,2,active
2138,"Fundamentals of Technology-based Entrepreneurship","Jake R. Pomperada",9787990069682,7,7,active
2139,"Fundamentals of Traffic Management and..","Valdueza Felix Lor",9781867740377,4,4,active
2140,"Fundamentals of Web Development","Fabio Guilhermeda Silva",9784233944959,8,8,active
2141,"Fundemental of Criminal Investigation and Intelligence","Judy S. Lopez",9780067762554,1,1,active
2142,"Fundemental of Criminal Investigation and Intelligence","Filibert Patrick F. Tad-awan",9783250173656,1,1,active
2143,"Fundementals of  Research","Instr. Owen Harvey Balocon",9782624178426,2,2,active
2144,"Fundementals of Obligations and Contract","Atty. Victor T.  Tulalicun",9782923345116,1,1,active
2145,"Gabay sa Pagbasa, Pagsulat at Pananaliksik","Arnilla Arvin",9780906053089,4,4,active
2146,"Gabby Confessions of A Hockey Lifer","Boudreau Bruce",9788430211661,2,2,active
2147,"Gabby Confessions of hacky Lifer","Boudreau Bruce",9783290457594,2,2,active
2148,"Gabriels Well","Yorgason Blain M.",9785921299641,2,2,active
2149,"Game of My Life","Palmer Ken",9786033620279,1,1,active
2150,"Game On","Smith Emmit",9785821477095,2,2,active
2151,"Gamiting Filipino Pagbasa at Komposisyon","Paz M. Belvez",9780711523807,1,1,active
2152,"Gamiting Filipino Pagbasa at Komposiyon","Paz M. Belvez",9783621921589,1,1,active
2153,"Gas Tungsten Are welding Intermediate","3G E Learning",9781897059166,10,10,active
2154,"GCSE English Language Writing Workshop",Cambridge,9781863855884,4,4,active
2155,"Gemba Kaizen","Imai Masaaki",9789597721680,4,4,active
2156,"Gems Readings in Philippine Literature","Rodolfo C. Perez",9780053789312,8,8,active
2157,"Gender & Society","Minsoware S. Bacolod",9786928972841,8,8,active
2158,"Gender & Society with Peace Education","Shara May Espaniol",9784018227208,6,6,active
2159,"Gender and  Society","Pcol Adelene M. Florendo",9782839482325,4,4,active
2160,"Gender and Crime in Modern Europe","Margaret E. Arnot",9782041447433,9,9,active
2161,"Gender and Development","Purita P. Bilbao",9782811659936,9,9,active
2162,"Gender and Society","Adelene Maghimmay Florando",9780202030425,9,9,active
2163,"Gender, Crime & Justice","Pat Carlen",9782277521358,5,5,active
2164,"Gender, Crime & Punishment","Kathleen Daly",9783028165067,9,9,active
2165,"Gender, Crime and Criminal Justice","Sandra Walkate",9786300593770,6,6,active
2166,"General Chemistry 2","Jauco Magdalena C.",9785691983214,2,2,active
2167,"General Chemistry1","Jauco Magdalena C.",9782916174693,1,1,active
2168,"General Ecology","Krohne David",9782983104388,4,4,active
2169,"General Education: Elementary and Secondary",Unknown,9781966229131,2,2,active
2170,"General Engineering Applied Science","Jaime R. Tiong",9786708056853,4,4,active
2171,"General Mathematics Mode Simple","Roderick Z. Morales",9786706362192,2,2,active
2172,"General of God's Army","Gariepy Henry",9785504944401,2,2,active
2173,"General Physics 1 for Senior High School","Reyes Christopher G.",9786634933969,2,2,active
2174,"General Physics 2","Cristopher G. Reyes",9780496273225,6,6,active
2175,"General Psychology","Meriam Grace B. Aquino",9782611424369,7,7,active
2176,"General Psychology","Josefina Gaerlan",9782585421883,9,9,active
2177,"General Psychology","Dr. Mariano M. Arida",9788799196234,1,1,active
2178,"General Psychology","Ronaldo M. Corpuz",9781996433850,2,2,active
2179,"General Psychology Simplified","Frando Milagros F.",9783247250582,10,10,active
2180,"General Psychology w/ Values Development …","Consuela G. Sevilla",9783343031153,1,1,active
2181,"General Sociology (society, Culture & Population)","Roberta L. Omas-as",9788760545764,10,10,active
2182,"General Sociology Focus of the Philippines","Isabel Panopio",9787576945355,2,2,active
2183,"General Statistics","Antonia C. Sta. Maria",9786597466986,1,1,active
2184,"General Tanker Familiarization","Capt. Wilijado P. Abuild",9781634212540,7,7,active
2185,"General Zoology",Unknown,9780809594818,6,6,active
2186,"General, Organic and Biochemistry","Katherine J. Denniston",9782692559660,2,2,active
2187,"Generation of Recipes",Unknown,9787213074233,2,2,active
2188,Generosity,"Powers Aichrd",9789142614047,2,2,active
2189,Geniometry,"Joyce White",9788933261453,9,9,active
2190,"Gentleman Gets Dressed Up","Bridges John",9783079637315,2,2,active
2191,Geography,Unknown,9780817852214,1,1,active
2192,"Geometry Applied to the Mensuration of Lines…","Callender B. Frankin",9785871845233,4,4,active
2193,"GEOMETRY Concepts and Skills","Stiff Larson Boswell",9784268744708,6,6,active
2194,"George Washington's Teeth","Deborah Chandra",9787320865236,1,1,active
2195,"Getting Started in Cooking International","Hillario Jose S.",9787729665635,7,7,active
2196,"Getting Started in the Food Service Industry","Sinferosa Yasa",9787014005276,5,5,active
2197,"Getting the Most for your Medical Dollar","Charles B. Inlander",9781055800029,8,8,active
2198,"Gift Basket Loleas",Unknown,9782214257319,2,2,active
2199,"Gift Jar Recipes",Unknown,9780943913681,2,2,active
2200,"Gift of Peace","Elizabeth McMahon Jeep",9787203136958,1,1,active
2201,"Gifts in a Jar",Unknown,9782862092973,2,2,active
2202,"Gimme Shelter","Williams Mary Elizabeth",9785259533226,1,1,active
2203,"Ginseng and Other Tales From Manila","Villanueva Marianne",9787393899206,5,5,active
2204,"Girlhood in America","Miriam Forman",9785735323662,2,2,active
2205,"Give Your Goosebumps","R.L. STINE",9788507610878,1,1,active
2206,"Give Yourself Goosebumps","Ship of Ghouls",9788269718232,1,1,active
2207,"Glencoe Algebra 1",Glencoe,9780107126155,2,2,active
2208,"Glencoe Health",Glencoe,9788821764844,1,1,active
2209,"Global Crisis and Sustainability Tchnologies","Uchino Kenji",9786735742231,10,10,active
2210,"Global Culture & Tourism Geography","Lynn U. Donesa",9782228019446,5,5,active
2211,"Global Culture & Tourism Geography","Marie V. Angeles",9785892225601,5,5,active
2212,"Global Culture and Tourism Geography","Rene D. Osorno",9782953506372,2,2,active
2213,"Global Geography","Milton Finkelstein",9783118046740,10,10,active
2214,"Global Maritime Distress and Safety System Shipboard Comapnion","Jose V. Banzuelo",9783075384183,4,4,active
2215,"Global Report on Crime and Justice","Groeme Newman",9782013626088,6,6,active
2216,"Gluten Free Diet","Rowland Steven",9784639756156,10,10,active
2217,"Glycemic Index Diet for Dummies","Raffetto Meri",9784705549125,9,9,active
2218,"Gnome Land","Egleton Margaret",9785164119553,1,1,active
2219,"Go Gatous?","Golenbock Peter",9784091969392,2,2,active
2220,"Goals for the Correlation of Elementary Science & Mathematics",Unknown,9787875207024,2,2,active
2221,"God Bless Texas",Unknown,9784262019710,1,1,active
2222,"Godly and Righteous, Deevish & Persevere","Raymond Chapman",9781241393694,1,1,active
2223,"Going Public..","James Arkebauer",9787897609875,7,7,active
2224,"Going Rogue","Palin Sarah",9781267731920,1,1,active
2225,"Going the Other Way","Bean Billy",9787607598895,1,1,active
2226,"Going To Sleep on the Farm","Levison Cheyette Wendy",9788653394318,2,2,active
2227,"Golf Course Turf Management","Danny H. Quast",9781654308957,8,8,active
2228,"Golf in my Own Damn Way","Daly John",9783120219156,1,1,active
2229,"Golf Quotations","Exley Helan",9785764497471,1,1,active
2230,"Golfers on Golf","Macrury Downs",9780026876445,1,1,active
2231,"Good - Bye T The Trees","Shietman Vicky",9787649797416,2,2,active
2232,"Good Eats! A Treasury of Favorites….",Unknown,9783656045007,2,2,active
2233,"Good Strategy, Bad Strategy","Richard Rumelt",9783553730969,7,7,active
2234,"Goodbye Amanda the Good","Susan Shreve",9789692771191,2,2,active
2235,"Goodbye, My Friend","Agels Wear Fur",9782963530596,2,2,active
2236,Goosebumps,"R.L. Stine",9780255128278,2,2,active
2237,Goosebumps,"Stino Megan",9783643159489,2,2,active
2238,Goosebumps,"Rus Revenge",9789654663458,2,2,active
2239,"Goosebumps ( The Curse of the Mummy's Tomb)","R.L Stine",9784344149168,2,2,active
2240,"Goosebumps Series 2000","R.L Stine",9789344974390,1,1,active
2241,"Goosebumps the Curse of the Nummy's Tomb..","R.L. Stine",9786408822307,2,2,active
2242,"Goosebums Attach of the Mutant","R.L. Stino",9788629739884,2,2,active
2243,"Gospel Principles",Unknown,9784132109725,8,8,active
2244,"Got Logic?","Ivan Brian L. Inductivo",9782170754853,1,1,active
2245,"Government & Politics","Rabbon, Calixto",9784655792206,5,5,active
2246,"Government Accounting A Self Instructional","Hermogenes P. Pobre",9780044964612,5,5,active
2247,"Government and Politics","Rabbon, Calixto",9789390025121,5,5,active
2248,"Grab Basic Electronics","Beranard Grab",9781375658966,10,10,active
2249,"Grace Like A River","Parkening Christopher",9785957086192,1,1,active
2250,"Grace Under Fire","Carroll Andrew",9781458434562,1,1,active
2251,"Gracie A Love Story","Burns George",9783113885030,2,2,active
2252,"Grammar and Composition 3","Gary Forlini",9782362203343,2,2,active
2253,"Grandmother & Grandchildren","Hom Susan K.",9784246310437,2,2,active
2254,"Graphic Communications","Richard J. Broekhuizen",9787968680086,9,9,active
2255,"Grass Roof, Tin Roof","Dao Strom",9782946902174,2,2,active
2256,"Great British Dishes the healthy Way",Unknown,9784174304355,2,2,active
2257,"Great Food",Unknown,9782385022891,1,1,active
2258,"Great invention","Richard Wood",9786652752337,2,2,active
2259,"Great Photographers","Artemio I. Panganiban",9788293020257,1,1,active
2260,"Greedy Bastards","Ratigon Dylan",9789133030337,2,2,active
2261,"Green Criminology","Mario A. Garcia",9786771167500,6,6,active
2262,"Green River, Running Red","Anne Rule",9786279955302,7,7,active
2263,"Gregary, Man and The Mean One","David Gifaldi",9784530123989,1,1,active
2264,"Gregg (Shorthand for Colleges)",Unknown,9784723034207,10,10,active
2265,"Gregg Shorthand","Charles E. Zoubek",9788471901729,5,5,active
2266,"Gregg Shorthand 1","Leslie / Zoubek",9782405076484,5,5,active
2267,"Gregg Shorthand 1","Louis A. Leslie",9781775461999,2,2,active
2268,"Gregg Shorthand 2","Louis A. Leslie",9784065838723,1,1,active
2269,"Gregg Shorthand for College","Louis A. Leslie",9782581225904,2,2,active
2270,"Gregg Shortland","Charles E. Zoubek",9789566844822,10,10,active
2271,"Grimm's Fairy Tales","Grimor Wilhem",9787337912121,1,1,active
2272,"Grolier International Encyclopedia",Unknown,9781018780351,4,4,active
2273,"GSCO Networking all-in-one for Dummies","Tetz Edward",9788690170746,9,9,active
2274,"Guest In The Promised Land","Hunter Kristin",9783925199943,1,1,active
2275,"Guide Notes and Learning Module in General",Unknown,9782951712225,2,2,active
2276,"Guide Notes in Food Safety and the Hazard…","Hillario Jose S.",9786433872209,7,7,active
2277,"Guide Notes in the Food Safety and hazard..","Jose S. Hilario",9784221626546,6,6,active
2278,"Guide to Economics for Filipinos","Bernardo M. Villegas",9783308334442,2,2,active
2279,"Guide to Effective Barangay Administration","Santos T. Arana",9780488789956,7,7,active
2280,"Guide to Effective Barangay Admin….","Santos Arana T.",9784702059689,4,4,active
2281,"Guide to Global VIP's","Robert Lim Joseph",9785195377496,9,9,active
2282,"Guide to Network Defense and Countermeasure","Randy Weaver",9782663295634,9,9,active
2283,"Guide to Supporting Microsoft Private .","Ron Carswel",9782777522596,6,6,active
2284,"Guide to the Hipaa Privacy Rule","Kathy Rockel",9780616581292,5,5,active
2285,"Guide TO Visiting Vineyards","Anthony Hogs",9780592294117,1,1,active
2286,"Guide to Wireless Communication","Jorge L. Alenewa",9786302955965,2,2,active
2287,"Guinnes World Rrecord 2024",Unknown,9786372629421,1,1,active
2288,"Gun Digest","John T. Amber",9786615498081,4,4,active
2289,"Guns and How they Work","Hagg L.",9781331380047,2,2,active
2290,"Gunshot Wounds","Vicente J. M. Di Maio",9788321122120,8,8,active
2291,"Gymnastics for Girls","Francisca R. Aquino",9785481582689,1,1,active
2292,Gypped,"Clark Carol Higgins",9788764019186,2,2,active
2293,"Half Broke Horses","Walls Jeannette",9784880644202,2,2,active
2294,Hanalulu,"Brennert Alan",9786298778739,1,1,active
2295,"Handbook in Forensic Photography","Joenard Contreras Duno",9785856646411,10,10,active
2296,"Handbook in Human Behavior & Victimology","Joenard Contreras Duno",9786234219265,8,8,active
2297,"Handbook in Police Intelligence","Rommel K. Manwong",9782213204109,10,10,active
2298,"Handbook in Social Philosophy","Prisciliano T. Bauzon",9782948314784,6,6,active
2299,"Handbook of Adoption of New Technology..","Pearson Arnold",9781179726991,8,8,active
2300,"Handbook of Application of I.T and Management ..","Huffman Claude",9789498128311,8,8,active
2301,"Handbook of Common Communicable & Infections…","Dionesia M. Navales",9780366602001,1,1,active
2302,"Handbook of Criminal Investigation","Tim Newburn",9785328538633,4,4,active
2303,"Handbook of Critical Studies in Applied …","Warwick Roberts",9781050524388,10,10,active
2304,"Handbook of Emergency Cardiovascular Care",Unknown,9788058269297,1,1,active
2305,"Handbook of English Grammar","Corazon J. Amores",9789007686271,10,10,active
2306,"Handbook of Environment Engineering",Unknown,9786332838962,10,10,active
2307,"Handbook of Fetal Heart Rate Monitoring","Julian T. Parer",9783376185182,9,9,active
2308,"Handbook of Forensic Science FBI",Unknown,9782671368412,2,2,active
2309,"Handbook of Information Security","Coon Audrey",9781328233929,4,4,active
2310,"Handbook of Orthopaedic Surgery","Robert Brashear Jr.",9788835279181,1,1,active
2311,"Handbook of Prisons","Yvonne Jewkes",9785067761064,7,7,active
2312,"Handbook of Sensors and Transducers","Phillip Jeorge",9785920881434,10,10,active
2313,"Handbook of Technological Methods and…","Thurber Carol",9781927976173,10,10,active
2314,"Handbook of Victims and Victimmology","Sandra Walklate",9781596983847,8,8,active
2315,"Handbook on Cintract Drafting","Rodolfo R. Waga",9787202665688,2,2,active
2316,"Handbook on First Aid, Rescie & Water","Vicente Jezreel B.",9782959125737,7,7,active
2317,"Handbook on First Aid, Rescue and Water..","Jezreel B. vicente",9789899255395,6,6,active
2318,"Handbook on Marine Metorology","Joan D. Cordeta",9786074299076,6,6,active
2319,"Handbook on Markmanship and Combat Shooting","Vicente Jezrel B.",9787296694175,6,6,active
2320,"Handbook on Obligations & Contracts","Jose N. Holicao",9789670808970,8,8,active
2321,"Handbook on the Law on Pleadings","Marcial Balgos",9787485994642,6,6,active
2322,"Handbooks of Petal heart Rate Monitoring","Julian T. Barer",9788398416733,1,1,active
2323,"Hands on Sociology using Computers","William Feigelman",9787853698813,6,6,active
2324,"Hands-On CAD KEY","Timothy J. Sexton",9784980445099,7,7,active
2325,"Handwriting Analysis Putting It to Work…","Andrea Mc Nichol",9788605210260,1,1,active
2326,Handyman,"Nichols Linda",9787066489000,1,1,active
2327,"Happy Birthday",Unknown,9784845813087,1,1,active
2328,"Hapy Birthday August 26",Unknown,9780574883995,1,1,active
2329,"Harper's Bible Commentary","William Neil",9784185630276,2,2,active
2330,"Harvey Penick's Little Red Book","Penick Harvey",9780003056617,2,2,active
2331,"Hatcher's Notebook","Julian S. Hartcher",9789530564183,8,8,active
2332,"Hazardous Materials Chemistry","Armando S. Bevelacqua",9789378467905,6,6,active
2333,"Hazardous Materials Incidents","Chris Hawley",9787018726009,8,8,active
2334,"Healing The Child","Cain Nancy",9783651034440,1,1,active
2335,"Healing Wonders of Charcoal","Severino S. Paypa",9782990674560,2,2,active
2336,"Healing Wonders of Diet","Varona Blencenda Miranda",9785240622151,2,2,active
2337,"Healing Wonders of Water","Ladion Herminia De Gusman",9789967256224,2,2,active
2338,"Health & Fitness","Lisa Bunting",9781905334704,1,1,active
2339,"Health & Fitness","Franklin Watts",9787476484558,2,2,active
2340,"Health & Home",Unknown,9789652138354,1,1,active
2341,"Health & Home","Mara Pardo de Tavera",9787124553124,1,1,active
2342,"Health & Wellness Texas","Linda Meeks",9780362211733,1,1,active
2343,"Health & Wellness; Your Relationships","Linda Meeks",9787726488398,1,1,active
2344,"Health and Home",Unknown,9788558522946,2,2,active
2345,"Health Care","Rondilla Aida",9785251618570,5,5,active
2346,"Health Care Choices for Today's…","Marc S. Miller",9789171050809,2,2,active
2347,"Health Care Ethics","Marvin Julian Jambojan",9784914774479,2,2,active
2348,"Health Hedonism & Hypochondria","Ian Bradley",9785352478417,1,1,active
2349,"Healthy Gourmet Recipe",Unknown,9781594973444,2,2,active
2350,"Heart Stones",Unknown,9780537880337,1,1,active
2351,"Heart to Heart",Unknown,9788361133896,1,1,active
2352,"Heart Wood","Burke James Lee",9786087882814,1,1,active
2353,"Heat Transmission","William H. McAdams",9782787304861,2,2,active
2354,"Heathrow Nights","Mark Jan",9785152174656,1,1,active
2355,"Heavenly Cookies Cookbook","Dixon Janette",9785378018918,1,1,active
2356,"Hell to Pay","Olsen Barbara",9786734467173,2,2,active
2357,"Helping Yourself with Foot Reflexalogy","Mildred Carter",9786296914337,2,2,active
2358,"Hematology 2",Unknown,9782999466456,2,2,active
2359,"Henrrietta's Dream","Pink Henrietta",9789999001083,1,1,active
2360,"Hentage Tourism","Clarence Joy D. Alferez",9787390835214,2,2,active
2361,"Her Mother's Hope","Rivers Francine",9788968442469,1,1,active
2362,"Her Mothers Hope","Rivers Francine",9788849979572,2,2,active
2363,"Heritage Tourism","Princess Elisha S. Abad",9788575958285,1,1,active
2364,"Hickey Serial Murders & Their Victims","Eric W. Hickey",9781902217970,9,9,active
2365,"Hidden Prey","Sandford John",9782488397179,1,1,active
2366,"High and Mighty","Bradsher Keith",9785984451437,1,1,active
2367,"High Concept","Fleming Charles",9787286811230,2,2,active
2368,"High Country","Barr Nevada",9783885681199,1,1,active
2369,"Highland Heritage","Ray Celeste",9789781459009,1,1,active
2370,Highlights,"Rosalynn De Guzman",9789921779059,9,9,active
2371,"Hijos triunfadored","Pelt Nancy Van",9782866933517,2,2,active
2372,Himalaya,"Palin Michael",9788807053269,2,2,active
2373,"Historical, Philosophical and Legal Foundations…","John W. Best",9781193910383,1,1,active
2374,"History of the Filipino People","Teodoro A. Agoncillo",9789742551360,5,5,active
2375,"History of the Millenium","Barry Dave",9789085818106,1,1,active
2376,"History of the Orient","Filicitas T. Leogardo",9785024373613,6,6,active
2377,"Hnadbook on Markmanship and Combatshooting","Vicente Jezreel B.",9788736627135,6,6,active
2378,"Hokus Pokus Einar Askell","Gunilla Bergstrom",9788969335395,2,2,active
2379,"Holding Fast","James Karen",9780585615479,1,1,active
2380,"Hollywood Station","Wambaugh Joseph",9781566397926,1,1,active
2381,"Holt Biology Vediodiscs","Holt, Rinehart & Winston",9785116436905,6,6,active
2382,"Holt Social Studies Regions","Joann Cangemi",9788377270288,1,1,active
2383,"Holy Wood Crows","Wambaugh Joseph",9786605342813,2,2,active
2384,"Home Ayurveda Spa","Anna Selby",9784416101971,2,2,active
2385,"Home Builders","Tumangay Miriam Sarno",9783584640510,2,2,active
2386,"Home Court Advantage","Leman Revin",9783880273047,1,1,active
2387,"Home Court Avanture","Lemon Kevin",9787636281447,1,1,active
2388,"Home Heating & Cooling",Unknown,9787189395301,2,2,active
2389,"Home School","Webb Charles",9789067649094,2,2,active
2390,"Home Spa","Chrissie Painnel- Malkin",9782884987455,1,1,active
2391,"Homelands Beyond the seas","Ernest L. Thurston",9785135872715,10,10,active
2392,"Honorable enemies","Joe Weber",9784306881167,2,2,active
2393,"Hoping For a Cure Alternative Cancer Treatment…","Hansen Katey",9780343988180,2,2,active
2394,Hopping,"McGrath Melanie",9783877583333,2,2,active
2395,"Hopscotch Love","Grimes Nikki",9784770413093,2,2,active
2396,Horizontes,"Ana Margarita Guzman",9789153860280,1,1,active
2397,"Hornet's Nest","Cornwell Patricia",9786254204128,1,1,active
2398,"Horns. Hogs and Nixon Coming","Frei Terry",9781905772049,1,1,active
2399,"Horrid Henry's Annual 2011","Simon Francesca",9781007941930,2,2,active
2400,"Hospitality Career Opportunities","Tanj Hotelier",9784538109794,5,5,active
2401,"Hospitality IV","Jhon R. Walker",9781224870983,6,6,active
2402,"Hostage Negotiation","Vicente G. Vinarao",9782649632255,7,7,active
2403,"Hot Commodities","Rogers jim",9787422404326,1,1,active
2404,"Hotel & Motel Management and Operations","William S. Gray",9781189003464,7,7,active
2405,"Hotel and Lodging Management","Alan T. Stutts",9786163070289,8,8,active
2406,"Hotel and Motel Management and Operations","William S. Gray",9787202009536,7,7,active
2407,"Hotel and Motel Managemnet and Operations","William s. Gray",9786219536899,2,2,active
2408,"Hotel and Resort Front Office Management","Medina Robert G.",9780577950014,4,4,active
2409,"Hotel Front Office","Anfrew's Sudhir",9783259007396,7,7,active
2410,"Hotel Front Office Management","James A Bardi",9781307221138,7,7,active
2411,"Hotel Housekeeping & Operations","Sudhir Andrews",9786908716724,8,8,active
2412,"Hotel Housekeeping Management & Operations","Sudhir Andrews",9781045461711,5,5,active
2413,"Hotel Operations","Marmelo V. Abante",9782817074436,8,8,active
2414,"Hotel Restaurant & Travel Law","Karen L. Morris",9780234422526,2,2,active
2415,"Hotel Rooms Division Management and Control","Bernardo B. Dolfo",9786025239410,4,4,active
2416,"Hotel Rooms Division Mgt. & Control System","Rodolfa Bernardo B.",9780944772690,5,5,active
2417,"Hound Heaven","High Linda Oatman",9783265513270,1,1,active
2418,"Housekeeping Expert","3G E Learning",9781794802452,7,7,active
2419,"Housekeeping Fundamentals","Caronan Mary Grace D.",9785985160215,10,10,active
2420,"Housekeeping Hygiene and Sanitation","Khatan Rajendra Kumar",9789158912687,4,4,active
2421,"Housekeeping In Hospitality Operation","3G E-Learning",9784986478688,7,7,active
2422,"Housekeeping Management","Amelia Samson Roldan",9786237600886,9,9,active
2423,"Housekeeping Mode Easy","Ma. Aurora L. Sicat",9784740837812,6,6,active
2424,"Housekeeping Operations","Osorno Rene D.",9781907499210,8,8,active
2425,"Housekeeping Operations","Noah Foster",9784006983697,2,2,active
2426,"How Did I Get Here From There?","Rayner Claire",9783534848645,1,1,active
2427,"How Fast is it?","Hillman Ben",9780821398654,2,2,active
2428,"How is a Crayon made?","Oz Charles",9786220212379,2,2,active
2429,"How Italian Food","Mariano John F.",9780550330000,1,1,active
2430,"How Maps and Globes Help us","David Hackler",9788863467390,4,4,active
2431,"How My Body Works","Play An Orbis",9789008899113,1,1,active
2432,"How things Work",Unknown,9781600916922,2,2,active
2433,"How to Catch Trophy Freshwater Game Fish","Richey David",9782737989797,1,1,active
2434,"How to Change Someone You Love","Kamm Brad",9786085481866,1,1,active
2435,"How to cook Like A Top Chop","Rick Bayless",9784630009985,2,2,active
2436,"How to Design and Evaluate Research in ..","Jack R. Traenkel",9783361137110,2,2,active
2437,"How to Design and Evaluate Research in…","Jack R. Fraenkel",9785198545823,1,1,active
2438,"How to do about anything on a computer",Unknown,9782034015359,2,2,active
2439,"How To Do Just About Anything On a Computer",Unknown,9784660756996,1,1,active
2440,"How To Do Just About Anything on a Com…",Unknown,9784946672019,2,2,active
2441,"How To Form Your Own Corporation w/out","Ted Nicholas",9788240281823,4,4,active
2442,"How To Get and Key Accounts","L.H. Clark",9783879402625,1,1,active
2443,"How to Heal Yorself when No One Else Can","Amy B. Scher",9788581745275,1,1,active
2444,"How To Say It","Rosalie Maggio",9785364235701,1,1,active
2445,"How To Stop Smoking Forever",Unknown,9784129182854,1,1,active
2446,"How to Write About Contemporary Art","William Gilda",9788161255903,4,4,active
2447,"How Tough Could It Be?","Murphy Austin",9786100792304,2,2,active
2448,"Howling Near Heaven","Seigel Marcia B.",9786600128382,2,2,active
2449,"HP CD- Writer Plus",Unknown,9787101232967,5,5,active
2450,"HR in Hospitality Management","3G E-Learning",9785120485074,4,4,active
2451,HTML,"Evangeline Madrid- Hirata",9786534460428,2,2,active
2452,HTML,"Tito B. Amoto Jr.",9787634601919,1,1,active
2453,"HTML & Web Design","Junard Lebajan",9783057347243,6,6,active
2454,"HTML (Special Ed)","Evangeline Madrid - Hirata",9785861768221,1,1,active
2455,"HTML 5 and CSC3 Introductory","Vodnik Sasha",9781272670863,6,6,active
2456,"HTML 5 Games","Seidelin Jacob",9786656224199,10,10,active
2457,"HTML and CSS Introductory","Vodnik Sasha",9786878494776,7,7,active
2458,"HTML and Web Design","Junard lebajan",9781290350068,10,10,active
2459,"Huck Finn Among the Critics","M. Thomas Inge",9788489742239,1,1,active
2460,"Hugh Johnson's Pocket Wine Book","Mitchell Beazley",9784340466825,2,2,active
2461,"Hugh Johnsons Pocket Wine Book 2003","Beazley Mitchell",9782156495251,1,1,active
2462,"Hugh Johsons","Metchell Beazley",9789206441114,2,2,active
2463,"Human Anatomy and Physiology","Terry R. Martin",9783881827300,2,2,active
2464,"Human and Cultural Geopgraphy","Fred M. Shelley",9786343594888,10,10,active
2465,"Human Behavior","William Revisa",9782188496806,10,10,active
2466,"Human Behavior & Crisis Management","Edwardo Jesster P.",9786405110216,7,7,active
2467,"Human Behavior & Victimology","Dempsey O. Depayso",9785434123013,5,5,active
2468,"Human Behavior & Victimology","Arnold Greccia Rago",9786049860379,9,9,active
2469,"Human Behavior & Victimology","Joenard Contreras Duno",9781860032035,5,5,active
2470,"Human Behavior and Crisis Management","Juan L. agas",9789789990115,4,4,active
2471,"Human Behavior And Crisis Management","Guevara Richardo",9784003471319,10,10,active
2472,"Human Behavior And Crisis Management","Eduardo Jesster",9787197860167,10,10,active
2473,"Human Behavior and Crisis Management","Castillo Rodolfo V.",9785908419475,5,5,active
2474,"Human Behavior And Victimology","Arnold Grecia Rago",9788550113753,10,10,active
2475,"Human Behavior and Victonology","Dempsey O. Depasyo",9785821072887,5,5,active
2476,"Human Behavior at Work","Davis, Keith",9788072790371,2,2,active
2477,"Human Behavior in Organization","Robert G. Medina",9786160881970,4,4,active
2478,"Human Behavior In Organization","Conception Rodil Martires",9782239964773,10,10,active
2479,"Human behavior in Organization","Ricky W. Griffin",9781837530762,10,10,active
2480,"Human Behavior Management","Pedrito R. Pereda",9780248085571,1,1,active
2481,"Human Bilogy and Health","Keith Kasnot",9788002443230,10,10,active
2482,"Human Development","Nica Dalisan-Togana",9782216906963,7,7,active
2483,"Human NeuroAnatomy","Malcolinn B. Carpenter",9785746706751,8,8,active
2484,"Human Relations And Social Development","Yasushi Kikuchi",9786913952155,4,4,active
2485,"Human Resource Forcasting & Planning","Marivic Flores",9781642610703,4,4,active
2486,"Human Resource Information System","Francis Banaag",9783508424318,5,5,active
2487,"Human Resource Management","Pedrito R. Pereda",9788392484813,8,8,active
2488,"Human Rights and  International Humanitarian Law","Jacinto M. Dela Cruz Jr.",9780041691054,5,5,active
2489,"Human Rights Education","Victor T. Tulalian",9783021516750,10,10,active
2490,"Human Rights Education","Danilo L. Tancangco",9788646339531,10,10,active
2491,"Human Trafficking","Maggy Lee",9788110501471,6,6,active
2492,"Human Trafficking","Danilo Tancangco",9784278961577,7,7,active
2493,Humanities,"Leland Reyes",9788551281772,1,1,active
2494,"Humanities Today","Doria Kristina Molina",9781239597813,2,2,active
2495,"Hunter's Moon","Karen Robards",9785426097230,2,2,active
2496,"I Am Scout","Shields charles J.",9780244654672,2,2,active
2497,"I Call The Shots","Mller Johny",9782051710732,2,2,active
2498,"I Call The Shots","Inlander Charles b.",9788715647833,1,1,active
2499,"I Cant Believe I Said That!","Gifford Kathie Lee",9780317543803,2,2,active
2500,"I Know a Place","Beverly Armento",9787414857260,1,1,active
2501,"I Love You","Martinborough Gordon O.",9782925468622,1,1,active
2502,"I Pledge Allegiance","D.K. Webb",9782884076647,2,2,active
2503,"I Put A Spell on You","Selzer Adam",9780763271350,1,1,active
2504,"I.C. Topia (Programming and Database)","Joy T. de Jesus Jr.",9788676259236,5,5,active
2505,"I.T Bytes","A.R. Del Rosario",9788790604882,2,2,active
2506,"I.T Project Management","Jay Estaris",9789320553403,7,7,active
2507,"IAI 2006 ( Membership Directory )",Unknown,9780892739615,6,6,active
2508,"IBM Dictionary of Computing",Unknown,9789764053569,6,6,active
2509,"IBM Pc Assembly Language & Program","Peter Abel",9780789775542,2,2,active
2510,"Ibong Adarna","Florante C. Garcia",9786190384229,1,1,active
2511,"Ibong Adarna","Almario Virgilio S.",9783627320225,2,2,active
2512,"Ibong Adarna (Isang Makabuluhang …","Florante C. Garcia",9787111757696,1,1,active
2513,"Ice Cream Delights",Unknown,9787162042987,1,1,active
2514,"Ice Cream Maker Recipes",Unknown,9781448698301,2,2,active
2515,"ICT Fundamentals and Microsoft Office","Cyd Leongson",9782169039220,6,6,active
2516,"If Wishes Were Horses","Barday Robert",9782698014262,1,1,active
2517,"If You Leave Me, Can I Come Too?","Heimel Cynthia",9787106801779,2,2,active
2518,"IIrish Trivia on Top","Grace Jennifer",9783163705005,1,1,active
2519,"Impact Player","Richardson Bobby",9789332672444,2,2,active
2520,"Imposible Odds","Duncan Dave",9789317294760,2,2,active
2521,"Impossible Colds","Duncan Dave",9788083906549,1,1,active
2522,"Impossible Odds","Duncan Dave",9782599851935,1,1,active
2523,"Improving Energy Decicions","Franke Bert",9789327272819,9,9,active
2524,"Improving Students Sttudy Skills & Reading","Baraceros Esther L.",9789163504969,5,5,active
2525,"In Defence of Lawyers","Tulalian Victor",9782667652723,4,4,active
2526,"In Defense of Lawyers","Tulalian Victor T.",9784539749951,8,8,active
2527,"In God's Image","Miguel Rapatan",9787088640670,4,4,active
2528,"In its Steps","Charles M. Sheldon",9786020801926,2,2,active
2529,"In One Era and Out The Other","Levenson Sam",9782215439042,1,1,active
2530,"In Pursuit of the Big Horse","Lee Philip Forman",9788909322539,2,2,active
2531,"In Search of Excellence","Thomas J. Peters",9783202351026,1,1,active
2532,"In Telekis Footsteps","Heaton Tom",9785501935457,2,2,active
2533,"in the Company of Cheerful Ladies","Mc Call Smith Alexander",9783698884398,1,1,active
2534,"In The Kitchen With Rosie","Daley Rosie",9783324362962,1,1,active
2535,"In The Water","Bundey Nikki",9780805983128,1,1,active
2536,"In the Water They Can't see you Cry","Beard Amanda",9784129075965,2,2,active
2537,"In This Mountain","Karon Jan",9789992012376,2,2,active
2538,"In This Steps","Charles M. Sheldon",9783177495428,2,2,active
2539,"Incident in Mona Passage","Douglas Savage",9780629419377,1,1,active
2540,"Inclusive Education in Early Childhood","Helen B. Boholano",9789192267132,6,6,active
2541,"Income Taxation","Susan Ballada",9787536264755,4,4,active
2542,"Income Taxation","Ballada Jovian A.",9788646120962,5,5,active
2543,"Indian Recipe",Unknown,9787300992846,1,1,active
2544,"Indian Restaurant Curry & Recipe",Unknown,9782403211535,2,2,active
2545,"Indigenous Tourism the Commodification and Management of Culture","Mark Walsh",9785505143216,10,10,active
2546,"Industrial & Corporate Security Management","Joel M. Ajero",9781430877974,8,8,active
2547,"Industrial Electricity and Motor Controls","Miller Rex",9782479254221,9,9,active
2548,"Industrial Security Concepts","Dempsey O. Depayso",9788834581926,4,4,active
2549,"Industrial Security Management","Miller F. Peckley",9780487706763,9,9,active
2550,"Industrial Security Management","Nathaniel E. Laxa",9789333299862,10,10,active
2551,"Industrial Security Management","Bobier Dino B.",9781590257845,6,6,active
2552,"Industrial Security Management","Christian  Domingo",9784085858831,7,7,active
2553,"Industrial Security Management Manual","W.M Corpuz",9788256726202,10,10,active
2554,"Infancy in America","Alice Sterling Honig",9786729254351,2,2,active
2555,"Information Assurance & Security 1 & 2","Rolando Lansigan",9785196282225,9,9,active
2556,"Information Assurance ans Society 1 and 2","Dr. Rolando Lansigan",9785018256243,10,10,active
2557,"Information Management.","Dan Michael A. Cortez",9782863942017,7,7,active
2558,"Information Processing Keyboarding…","Judith A. Chiri",9782341499293,1,1,active
2559,"Information Processing Teacher Ed w/ Student…","Judith A. Chiri",9780966270266,4,4,active
2560,"Information Prosessing Keyboarding…","Judith A. Chiri",9780450956324,2,2,active
2561,"Information Security Analytics","Talabis Mark Ryan",9787400391013,4,4,active
2562,"Information Security: Principles and New Concepts","Carter Kadema",9783353892225,8,8,active
2563,"Information Systems Essentials","Stair Ralph M.",9787119360065,6,6,active
2564,"Information Technology Auditing & Assurance","James A. Han",9788277056463,4,4,active
2565,"Information Technology Essentials","Jocelyn G. Sta. Ines",9786076264386,4,4,active
2566,"Innovation and Progress in Artificial Intelligence","Rogerson Jeremy",9785009537238,9,9,active
2567,"Innovative Food Science & Emerging Technology","3G. E-Learning",9786176231332,6,6,active
2568,"Inquires, Investigations and Immersion","Basilan Ma. Leticia Jose C.",9786109441647,10,10,active
2569,"Inroduction of Philosophy of the Human ..","Mendoza Ernesto H.",9783165441376,5,5,active
2570,"Inrtoduction to Legal Philosophy","Crislito Pascual",9787768576060,5,5,active
2571,"Inside the Machine","Stokes Jon",9783494290461,10,10,active
2572,"Insider's Recipes Master Edition",Unknown,9787551887014,1,1,active
2573,"Insieme an Intermediate Italian Course","Romana habekovic",9787999324201,10,10,active
2574,"Installing Options in Your Personal Computer",Unknown,9784837444176,1,1,active
2575,"Instant Java Server Pages","Paul Tremdelt",9783456538693,1,1,active
2576,"Institutional  Connections","Eric L. Danglosi",9787902548533,2,2,active
2577,"Institutional Correction","Guererro Brian B.",9782689047231,7,7,active
2578,"Institutional Correction","Joner C. Villaluz",9786410095386,8,8,active
2579,"Institutional Correction with Addendum on","Villaluz Joner C.",9785742164357,2,2,active
2580,"Institutional Correction: The Institution- Based","Guerrerro Brian",9789900937814,10,10,active
2581,"Institutional Corrections","Annie A. Tumitit",9786047614370,6,6,active
2582,"Institutional Corrections","Eric L. Danglosi",9788443706611,8,8,active
2583,"Institutional Corrections with Adderdum on Act no.4103","Joner C. Villauz",9787564672638,8,8,active
2584,"Institutonal Materials in Drug Education","Manwong Rommel",9788154185897,7,7,active
2585,"Instructional Handbook On Police Photog..","Kalalang Sally S.",9780027729108,8,8,active
2586,"Instructional Handbook on Police Photography","Sally S. Kalalang",9788450786040,10,10,active
2587,"Instructional Materials in Theories of Crime Causation","Marvin M. Lumigat",9785660503375,5,5,active
2588,"Instructional Module on Special Crime investigation","Rommel K. Manwong",9786983306773,6,6,active
2589,"Instructional Module on Special Crime Investigation","Villaluz Joner C.",9783067182223,9,9,active
2590,"Instructional Module on Special Crime…","Villaluz Joner",9786794190875,7,7,active
2591,"Instructional Modules in Human Behavior  and Victimology","Arnold Grecia",9785385906734,2,2,active
2592,"Instruduction Materials in Drug Education..","Manwong Rommel K.",9786342898765,8,8,active
2593,Instrumentation,"3G E- Learning",9785504922171,4,4,active
2594,"Instrumentation and Control Systems","Bolton William",9784861867064,4,4,active
2595,"Instruments and Measurements for Electronics","Clyde N. Herrick",9783201629072,2,2,active
2596,"Integral Calculus","Montero Thelma C.",9789928919823,1,1,active
2597,"Integral Calculus","Molina Ma. Felisa A.",9781826533712,2,2,active
2598,"Integral Calculus","Lactuan Leo L.",9780864942692,7,7,active
2599,"Integrated Accounting for Windows","Dale H. Klooster",9782039831350,6,6,active
2600,"Integrated Accounting on Microcomputers","Dale H. Klooster",9789014599670,6,6,active
2601,"Integrated Cirtuit","3G E- Learning",9786921958736,4,4,active
2602,"Integrated Management of Chilhood Illness",Unknown,9785498243887,4,4,active
2603,"Intensive Care","John F. Murry",9784302178162,9,9,active
2604,"Interactive Reader","Holt McDougal",9788066431587,2,2,active
2605,"Intermediate Accounting","S.S. Pasion",9780164928150,8,8,active
2606,"Intermediate Accounting","K. Fred Skousen",9783701709267,4,4,active
2607,"Intermediate Accounting","Harry Simons",9784070308808,9,9,active
2608,"Intermediate Accounting","Walter B. Meigs",9781726282963,8,8,active
2609,"Intermediate Algebra","Margaret L. Lial",9782448500724,8,8,active
2610,"Intermediate Algebra",Edgerton,9788959274116,8,8,active
2611,"Intermediate Problem Solving & Data Structures","Paul Helman",9788069196124,7,7,active
2612,"Intermediate Statistics","Gabriel G. Uriarte",9787662080823,10,10,active
2613,"International Anti-Collision","Cecilio Ramirez",9780391702639,10,10,active
2614,"International Marketing","Philip R. Cateora",9784443596245,9,9,active
2615,"International Marketing Principles","Michael R. Czinkota",9788701204248,6,6,active
2616,"International Marketing Research","C. Samuel Craig",9785369091234,1,1,active
2617,"International Politics on the World Stage","John T. Rourke",9785302849762,7,7,active
2618,"International Relations Conflict & Coopertaion","Conway W. Henderson",9780396702436,10,10,active
2619,"Internet Gambling Report II","Anthony Cabot",9785240553646,7,7,active
2620,"Internet Marketing & E-Commerce","Ward A. Hanson",9781875403646,8,8,active
2621,"Internet of Things Design and Implementation","Amelia Ward",9788821597732,10,10,active
2622,"Internet Programming w/VB Script & Javascript","Kathleen Kalata",9785466232363,8,8,active
2623,"Interpretation of Bloodstain Evidence","William G. Eckert",9786679986494,1,1,active
2624,"Interviewing and Investigation","Don Rabon",9782594972208,4,4,active
2625,"Intitutional Connections","Mechelle C. Gempesao",9782986226995,2,2,active
2626,"Intoduction to AutomatacTheory, Languages, and Computation","John E. hopcroft",9780666179968,1,1,active
2627,"Intoduction to Cybercrime and Environmental Laws","Adelene Maghinay Florendo",9783569992993,5,5,active
2628,"Intoduction To Java Programming","Pomperada Jake R.",9788335876880,10,10,active
2629,"Intoduction to MICE","Grayfield T. Bajao",9787792560417,7,7,active
2630,"Intorducing Needs and English for Specific …","James Dean Brown",9784820849315,5,5,active
2631,"Intorduction to Analytical Chemistry","Douglas A. Skoog",9783983912263,2,2,active
2632,"Intorduction to MySQL","Alexander A Hernandez",9780014407620,4,4,active
2633,"Intro. Cybercrime & Environmental Laws","Gerry J. Cano",9789143049138,10,10,active
2634,"Intro. Philippine Criminal Justice System","Brian B. Guerrero",9781038975287,6,6,active
2635,"Intro. to Cybercrime & Environmental Laws","Filibert Patrick F. Tad-awn",9782099865647,7,7,active
2636,"Intro. to Industrial Security Concepts","Dempsey O. Depayso",9782405920824,5,5,active
2637,"Intro. to Philippine Indigenous Communities","Dr. Bonifacio P. Bairan",9785309766918,5,5,active
2638,"Intro. to Qualitative Research Writing","Carlos Domingo Castino",9784896298055,8,8,active
2639,"Introducing English for Specific Purposes","Anthony Laurence",9788201753079,2,2,active
2640,"Introducing Linguistics","Sasha Ortega",9786618695722,8,8,active
2641,"Introduction cybercrime And Environmental Crimes","Mario A. Garcia",9784043474127,10,10,active
2642,"Introduction to  Forensic Science","Miller F. Peckley",9783137956105,6,6,active
2643,"Introduction to Advertising & Promotion","George E. Belch",9787773217507,4,4,active
2644,"Introduction to Analysis Chemistry","Douglas A. Skoog",9786192025991,5,5,active
2645,"Introduction to Analytical Chemistry","Douglas A. Skoong",9781938733703,8,8,active
2646,"Introduction to ART Appreciation","Arida Mariano M.",9784244474896,5,5,active
2647,"Introduction to Artificial Intelligence","Jake Pomperada",9784760786237,4,4,active
2648,"Introduction to Automata Theory, language","John E. Hopcroft",9781076519177,6,6,active
2649,"Introduction To C++ Programming","Pomperada Jake R.",9780851732893,9,9,active
2650,"Introduction to Calculus","Mapa Felina G.",9781456340919,6,6,active
2651,"Introduction to Circuit Theory","Madison Arnie",9785805581152,8,8,active
2652,"Introduction to Computer & Info Processing","Larry Long",9784496539169,2,2,active
2653,"Introduction to Computer Concepts","Juny Pilapil La Putt",9787700409302,1,1,active
2654,"Introduction to Computer Engineering","Franco P. Preparata",9784541840394,9,9,active
2655,"Introduction to Computer Fundamentals ..","Copernicus P. Pepito",9788221803969,10,10,active
2656,"Introduction to Computer Networking","Jake Rodriguez",9782038588644,7,7,active
2657,"Introduction to Computer Operations",Unknown,9780788026522,9,9,active
2658,"Introduction to Computer Programming & Logic","Abante Marmelo V.",9785164693336,8,8,active
2659,"Introduction to Computer Programming with Java","Jake Rodriguez Pomperada",9786230397448,6,6,active
2660,"Introduction to Computer Studies","Jake Rodriguez - Pomperada",9780880670890,10,10,active
2661,"Introduction to Computer Tech.","Effraim Turban",9780920199183,2,2,active
2662,"Introduction to Computers","Alexis Leon",9783113266112,2,2,active
2663,"Introduction to Computers & Info. Processing","Larry Long",9788485805266,2,2,active
2664,"Introduction to Criminolgy and Psychology…","Alviola Armando",9782119604720,5,5,active
2665,"Introduction to Criminology","Frank E. Hagan",9780539707748,1,1,active
2666,"Introduction to Criminology","Hugh D. Barlow",9784470823178,2,2,active
2667,"Introduction to Criminology","Ma. Theresa Ramonida Amparado",9781461995395,10,10,active
2668,"Introduction to Criminology","Dennis Delos Santos Lagumen",9786766262357,6,6,active
2669,"Introduction to Criminology","Adelene Maghinay",9789605302610,9,9,active
2670,"Introduction to Criminology","Tomas L. Cabrillas",9788402578709,9,9,active
2671,"Introduction to Criminology","Nicholas S. Caballero",9786860506302,5,5,active
2672,"Introduction to Criminology","Joenard Contreras Duno",9786360502811,7,7,active
2673,"Introduction to Criminology","Marcelo G. Catalino",9786409891036,9,9,active
2674,"Introduction To Criminology & Psychology …","Kalalang Sally S.",9789120302522,1,1,active
2675,"Introduction to Criminology & Psychology..","Alviola Armando A.",9789452375973,1,1,active
2676,"Introduction to Criminology and Psychology of Crimes","Julienne Sacyaben Leyaley",9789531926003,9,9,active
2677,"introduction to Criminology and Psychology..","Sally S. Kalalang",9780275745448,2,2,active
2678,"Introduction to Criminology, Thesis, Methods….","Frank E. Hagan",9789205489445,9,9,active
2679,"Introduction to Critical Nursing","Marilyn Lamborn",9783811808188,2,2,active
2680,"Introduction to Cruise Line","Nathaniel E. Laxa",9786558344568,8,8,active
2681,"Introduction to Cybercrime and Enviromenatal Law","Filiberth Patrick Tad - awan",9782295217974,7,7,active
2682,"Introduction to Cybercrime and Environmental Laws","Gerry S. Caño",9785660361623,4,4,active
2683,"Introduction to Cybercrime Investigation","Ambrosio Polok Petran",9788607047260,6,6,active
2684,"Introduction to Data Structures and Algorithms","Jake Rodriguez - Pomperada",9780235158509,7,7,active
2685,"Introduction to Desktop Publishing","Gabriela Lee",9785301731679,1,1,active
2686,"Introduction to Digital Logic Design","John Hayes",9785605879053,1,1,active
2687,"Introduction to Dynamic System Analysis","T.D Burton",9782441339543,5,5,active
2688,"Introduction to E- Commerce","Jeffrey F. Rayport",9789406453153,7,7,active
2689,"Introduction to Earth Science","Thompson Graham R.",9789057191893,2,2,active
2690,"Introduction to Economics","Roman D. Leano Jr.",9786646936569,8,8,active
2691,"Introduction to Economics IV","Cruz Peter T.",9788335974876,4,4,active
2692,"Introduction to Environmental Engineering","P. Aarne Vesilind",9788057023777,2,2,active
2693,"Introduction to Financial Accounting","Charles T. Horagren",9788430192205,1,1,active
2694,"Introduction to Fire Protection","Klinoff Robert",9785673332979,8,8,active
2695,"Introduction to Forensic Science","William G. Eckert",9782396440288,5,5,active
2696,"Introduction to Fox Pro","Copernicus P. Pepito",9785326769923,1,1,active
2697,"Introduction to Hospitality","John R. Walker",9782773923854,2,2,active
2698,"Introduction to HTML 5","Corpernicus P. Pepito",9782023209141,9,9,active
2699,"Introduction to HTML 5 ( Series 1- Simple Web)","Copernicus P. Pepito",9781693328442,1,1,active
2700,"Introduction to HTML 6 Programming","Copernicus P. Pepito",9783471998298,1,1,active
2701,"Introduction to Human Computer Interaction","Teodoro Revano",9787551545266,4,4,active
2702,"Introduction to Humanities ( Arts of Living )","Estolas, Josefina V.",9787569991383,1,1,active
2703,"Introduction to Humanities and the…","Claudio V. Tabotabo",9781006433221,5,5,active
2704,"Introduction To I.T. Application Tools in Business","Jake R. Pomperada",9782277773313,2,2,active
2705,"Introduction to ICT Specialization 1","Villa Samuel Jr.",9788066470708,7,7,active
2706,"Introduction to Info. Tech & Open Office","Charmagne M. Feria",9788503605953,5,5,active
2707,"Introduction To Information Technology","Faustino O. Reyes II",9789842410741,5,5,active
2708,"Introduction to Information Technology & Computer Fundamentals","Jerelyn Besuena",9780274067589,9,9,active
2709,"Introduction to Information Technology & Computer Fundamentals II","Jerelyn S. Besuena",9786762590621,5,5,active
2710,"Introduction to Information Technology and Computer","Jerelyn S. Besuena",9780363856469,4,4,active
2711,"Introduction to Inforrmation Technology","Charmagne M. Feria",9784974597933,1,1,active
2712,"Introduction to Infromation Technology","Charmagne Munoz Feria",9788399798494,1,1,active
2713,"Introduction to IT Application Tools in Business","Jake R. Pomperada",9781498609951,10,10,active
2714,"Introduction To Java 6 Programming","Copernicus P. Pepito",9785049326649,10,10,active
2715,"Introduction to JAVA Programming","Jake Pomperada",9782239461210,5,5,active
2716,"Introduction to JavaScript Programing","Copernicus P. Pepito",9788981159481,5,5,active
2717,"Introduction to JQuery Programming","Jake R. Pomperada",9783400127621,6,6,active
2718,"Introduction to Law","Vicente J. Francisco",9783984742258,5,5,active
2719,"Introduction to Law and The Legal System","Harold J. Grilliot",9787871888227,7,7,active
2720,"Introduction to Law Enforcement & Crimininal Justice","Henry M. Wrobleski",9787887058416,5,5,active
2721,"Introduction to Linguistics","Fromkin Victoria",9788061349566,7,7,active
2722,"Introduction to Linguistics","Jennifer Gonzales",9787998460580,6,6,active
2723,"Introduction to Literature","Lucivilla L. Marcos",9787949638303,2,2,active
2724,"Introduction to Literature English 104","Ruby B. Senatin",9789723610802,10,10,active
2725,"Introduction to Logic","Corazon L. Cruz",9786166201659,1,1,active
2726,"Introduction to Logic","Andrew H. Bachhuber",9785786457866,6,6,active
2727,"Introduction to Logic Design","Alan B. Marcovitz",9785575124764,6,6,active
2728,"Introduction to Mass Communications","Warren K. Agee",9780006875864,6,6,active
2729,"Introduction to Meeting, Incentives, Conferences & Events","Zenaida Lansangan",9788240516659,10,10,active
2730,"Introduction to Meeting, Incentives, Conferences & Events","Chester Dave G. Arenas",9785122444185,6,6,active
2731,"Introduction to Meetings, Incentives, Conventions & Exhibition (MICE) & Special Events for Tourism and Hospitality","Maria Arlene Disimulacion",9789740233862,8,8,active
2732,"Introduction to Operational Amplifier Theory…","John Wait",9786083570173,8,8,active
2733,"Introduction to Operations Research","Fredrick S. Hiller",9783630944234,1,1,active
2734,"Introduction to Organization and Management","Wilfred Min C. Velasco",9786020508986,8,8,active
2735,"Introduction to Philippine Criminal Justice ...","Guerrero Brian B.",9780941349093,5,5,active
2736,"Introduction to Phillipine Indigenous","Dr. Bonifacio P. Bairan",9781979797245,2,2,active
2737,"Introduction to Philosophy",Montemayor,9782841356942,6,6,active
2738,"Introduction to Philosophy","Christine Carmela R. Ramos",9784507356747,1,1,active
2739,"Introduction to Philosophy","Bonifacio P. Bairan",9780957394056,8,8,active
2740,"Introduction to Philosophy II","Christine Carmela R. Ramos",9788026029441,8,8,active
2741,"Introduction To Physical Geography","Robert N. Wallen",9780315892583,1,1,active
2742,"Introduction to Physical Theraphy and…","Tyrone Reyes",9789073420311,2,2,active
2743,"Introduction to Probability & Statistics","William Wendenhall",9787748675950,2,2,active
2744,"Introduction to Probability and Random…","Nik Hossein",9784186482300,1,1,active
2745,"Introduction to Psychology","Edward E. Smith",9789586841962,1,1,active
2746,"Introduction to Psychology","Rita L. Atkison",9783326058696,1,1,active
2747,"Introduction to Psychology","Jose Maria G. Pelayo III",9784276748316,10,10,active
2748,"Introduction to Psychology VII","Rod Protnik",9787306629319,10,10,active
2749,"Introduction to Research","Jessie F. Sergote",9781817882423,6,6,active
2750,"Introduction to Secure Programming","Rolan O. Algabra",9785594698901,7,7,active
2751,"Introduction to Sociology & Anthropology","Victorio Saquilayan",9782327237178,7,7,active
2752,"Introduction to Software Engineering","3G E Learning",9782237900650,1,1,active
2753,"Introduction to Special Education","Julieta A. Gregorio",9784870847798,10,10,active
2754,"Introduction to SQL Server 2008 Database Programming","Copernicus P.Pepito",9784176755391,2,2,active
2755,"Introduction to Statistical Methods","Christina P.Parel",9788890737817,1,1,active
2756,"Introduction to Statistics","Rene N. Argenal",9789157908940,2,2,active
2757,"Introduction to System Administration and Maintenance","Jake Rodriguez",9788962683844,6,6,active
2758,"Introduction to the Forensic Sciences","Richard Jonathan O. Taduran",9786380207611,2,2,active
2759,"Introduction to the Humanities","Custodiosa A. Sanchez",9783961219056,1,1,active
2760,"Introduction to the Humanities & Visual Performing","Lucivilla L. Marcos",9781881298861,9,9,active
2761,"introduction to the Humanities (Painting….","Doris Van de Bogart",9781820706693,10,10,active
2762,"Introduction to Tourism & Hospitality Industry","Sudhir Andrews",9781079237290,4,4,active
2763,"Introduction to Tourism & Hospitality Management","Rene D. Osorno",9786893348641,1,1,active
2764,"Introduction to Tourism and Hospitality Management","Gunther Faulkner",9787035067574,8,8,active
2765,"Introduction to Traffic Investigation and…","Aric Steven Frazier",9789683355706,8,8,active
2766,"Introduction to Turbo Pascal Programming","Copernicus P. Pepito",9787312315558,2,2,active
2767,"Introduction to Visual Basic 2008 Programing","Copernicus P. Pepito",9780570521877,9,9,active
2768,"Introduction to Windows","Rosario B. Butaran",9788444045887,1,1,active
2769,"Introductions to Philippine Criminal Justice System 2nd Edition","Atty. Brian B. Guerero",9781141470129,5,5,active
2770,"Introductions to Religions Experiences & Sprituality","Dr. Bonifacio P. Velasco",9785036871565,5,5,active
2771,"Introductions to World Religions And Beliefs","Ariola Mariano M.",9788910977971,10,10,active
2772,"Introductory Accounting","Solita A. Frias",9780234456842,8,8,active
2773,"Introductory Algebra 1","Jacobs Russel F.",9786794036647,6,6,active
2774,"Introductory Economics ( with Taxation, Agrarian Reform, & Cooperatives)","Roberta Laraga Omasas",9780163295734,10,10,active
2775,"Intruduction to Mathematical Modeling","Humi Mayer",9787831597572,10,10,active
2776,Intrumentation,Unknown,9782927318680,9,9,active
2777,"Intrumentation and Control System","Bolton William",9783029158549,10,10,active
2778,"Intrumentation Process Control","Kirk Franklyn",9782332416513,9,9,active
2779,"Intrustional Methodology in Languange….","Wright Rondall",9785483966074,8,8,active
2780,"Intstitutional Correction","Guerrero Brian B.",9784467462151,5,5,active
2781,"Inventory Management Control","Francis Banaag",9789584174918,9,9,active
2782,"Investagator's Handbook","Vicente G. Vinarao",9781705022184,7,7,active
2783,"Investigating Computer- Related Crime","Peter Stephenson",9781698141343,9,9,active
2784,"Investigation Mathematics","Hatfield Larry L.",9784760948376,10,10,active
2785,"Investigation of Crimes Against Children &…","Florendo Adelene",9787402928644,10,10,active
2786,"Investigation of Crimes Against Children and Women","Florendo Adelene M.",9783302650999,9,9,active
2787,"Investigations of Crime Agains Children ..","Joner C. Villaluz",9782183667713,7,7,active
2788,"Investigator's Handbook","Vicente G. Vinarao",9786661025637,2,2,active
2789,"Investment Management and Personal Finance","Nenita D. Mejorada",9782022234991,6,6,active
2790,"Invetigating Computer- Related Crime","Peter Stephenson",9781376836752,1,1,active
2791,"iOS 11 Programming fundamental in Swift","Neuburg Matt",9780177915246,8,8,active
2792,"Ipod + Itunes Starter Kit","Miser Brad",9786144092330,6,6,active
2793,"Is It Me?","Wogan Terry",9781746564261,2,2,active
2794,"Isang Gabi Sa Quezon Avenue at ib…","Dela Cruz Mark Anthony",9780186372634,10,10,active
2795,"Island Race","Mc Carthy John",9789956955923,1,1,active
2796,"It Can Happen Here","Conasson Joe",9787764149008,1,1,active
2797,"It Pays to Be a Senior",Unknown,9788502551343,1,1,active
2798,"It Still Moves","Petrusich Amanda",9784867228838,2,2,active
2799,"It's Not Your Fault","Marx Russell",9784733145467,1,1,active
2800,"It's Only Temporary","Handler Evan",9785749325119,1,1,active
2801,"Jack & Jill","James Paterson",9789788795315,2,2,active
2802,"Jacob Have I Loved","Paterson Katherine",9780409543773,1,1,active
2803,"Jaime Oliver The Naked Chef 2",Unknown,9786183085805,2,2,active
2804,"Jamie Oliver Sainsburgy's Recipes",Unknown,9781873143919,1,1,active
2805,"Janathan Through Santa's Eyes","Comment Jesffrey W.",9781143678622,2,2,active
2806,"Japan;The Essential Guide to custom and Culture","Paul Norbury",9781078187107,9,9,active
2807,"Japanese Recipe",Unknown,9788564257061,2,2,active
2808,"Japanese Soul Cooking","Ono Tadashi",9788026933151,9,9,active
2809,Java,"C. Thomas Wu",9782306002308,6,6,active
2810,"Java and Web Design","3G E Learning",9788655052247,5,5,active
2811,"Java Prigramming Concepts & Applications","Joyce Farrwell",9781142066703,9,9,active
2812,"Java Programming",Unknown,9785145992014,4,4,active
2813,"Java Programming","Mapua Information Tech",9786633822226,10,10,active
2814,"Java Programming Form Problem Analysis….","D.S. Malik",9780053922207,6,6,active
2815,"Java Programming Problem Analysis To..","D.S Malik",9786201901131,2,2,active
2816,"Java TM Programming","Joyce Farrell",9788433913326,6,6,active
2817,Jazz,"Toni Morrison",9782861323948,2,2,active
2818,"Jazz: The Inside Track","Timothy Berry",9786452342868,2,2,active
2819,Jennie,"Preston Douglas",9784976024987,2,2,active
2820,"Jerky Recipes",Unknown,9786342095362,2,2,active
2821,"Jesus and You","James Finley",9787349852972,2,2,active
2822,"Jesus Nation","Stowell Joe",9785615266553,1,1,active
2823,"Jesus Our Guide","Eugene Kevane",9784762538094,1,1,active
2824,"Jew Made in England","Blond Anthony",9786414753367,2,2,active
2825,"Jimmy Dean's Own Story","Dean Jimmy",9782474665350,2,2,active
2826,"Job Analysis Design","Nemesio Barboza",9788962985320,1,1,active
2827,"Johnson's Materials of Construction","M.O. Withey",9783679241578,2,2,active
2828,"Jona Bibis's Excellent Fortunes","Besty Woodman",9782763835433,1,1,active
2829,"Jona Board Book","Joseph Baby Jesus",9786858639067,2,2,active
2830,"Jonathan Livingston Seagull a Story","Richard Bach",9786824979395,1,1,active
2831,"Jose P. Laurel: On Polity, Economy and Education","Clemen C. Aquino",9788161538112,8,8,active
2832,"Jose P. Rizal A College Textbook on…","Virlyn Jaime-Francisco",9788371030734,2,2,active
2833,"Jose Rizal El Filibusterismo","Almario Virgelio S.",9782607201486,7,7,active
2834,"Jose Rizal Noli Me Tangere","Almario Virgelio S.",9787808264933,2,2,active
2835,"Jose Rizal: Life, Works, and Writings..","Gregorio F. Zaide",9782146394762,1,1,active
2836,"Jose Rizal: Social Reformer and Patriot","De Viana Augusto",9785429264561,5,5,active
2837,"Jose Rizal: The Man and the Hero","Pasiqui Ronnie Espergal",9783917299408,5,5,active
2838,Josuha,"Joseph F. Girzone",9786948112661,1,1,active
2839,"Journalism and Communication Studies","Abhishek Kumar",9784971967067,9,9,active
2840,"Joy of Canning",Unknown,9783539101615,1,1,active
2841,"Joyful Moments with God",Unknown,9785901639948,5,5,active
2842,"Juana Meets Gabriel","Nowel Daphe A.",9781333443764,1,1,active
2843,Jubana,"Andrews Gigi",9783481409845,2,2,active
2844,"June 29,1999","Wiesner David",9780167930143,1,1,active
2845,"Junior Dictionary","Susan Purcell",9781604991000,1,1,active
2846,"Junior English in Action","J.C. Tressler",9784202886617,10,10,active
2847,"Junior Units in English","Harry G. Paul",9788019903420,7,7,active
2848,"Justified by Faith","John Mac Arthur Jr.",9783485484206,4,4,active
2849,"Juvenile Delinquency","Armando A. Alviola",9785316079179,1,1,active
2850,"Juvenile Delinquency","Shoemaker Donald J.",9789138601570,10,10,active
2851,"Juvenile Delinquency","Jannel C. Canaman",9781713219408,4,4,active
2852,"Juvenile Delinquency and Juvenile Justice System","JOnah B. Badua",9784702881419,5,5,active
2853,"Juvenile Deliquency & Crime Prevention","Guevara Ricardo M.",9782874527197,4,4,active
2854,"Juvenile Deliquency & Justice System","Victor T. Tulalian",9786785764634,5,5,active
2855,"Juvenile Deliquency & Juvenile Justice","Jordan L. Marian",9783810749161,1,1,active
2856,"Juvenile Deliquency & Violence Against Women","Liza Joy B. Barican",9789423215406,4,4,active
2857,"Juvenile Deliquency & Violence Against Women and Their Children","Liza Joy B. Barican",9783153506964,4,4,active
2858,"Juvenile Deliquency and Crime Prevention","Ricardo M. Guevara",9786168455258,1,1,active
2859,"Juvenile Deliquency and Crime Prevention","Eduardo Jesster P.",9787410254711,1,1,active
2860,"Juvenile Deliquency and Juvenile Justice","Jordan L. Mariano",9787989948851,9,9,active
2861,"Juvenile Deliquency, Theory, Practice…","Larry J. Seigel",9786948993000,7,7,active
2862,"Juvenile Justice & Youth Violence","James C. Howell",9781956756357,6,6,active
2863,"Juvenile Justice as a System","Allan R. Coffey",9788422717263,6,6,active
2864,"Juvenile Justice System ( Instructor's Manual )",Unknown,9782565046075,2,2,active
2865,"Juvenille Delinquency and Crime Prevention","Eduardo Jesster",9780144130689,1,1,active
2866,"Kakayahang Pilipino sa Komunikasyon Filipino","Jose A. Arrogante",9786240871006,9,9,active
2867,Kaleidoscope,"Marriott Blanche",9786890417289,2,2,active
2868,"Kalipunan ng Tula","Rene Abba",9780762381159,1,1,active
2869,"Kasaysayan ng Bagong Filipino","Teodoro A. Agoncillo",9782232822285,10,10,active
2870,"Kasaysayan ng Bayang Pilipino","Teodoro A. Agoncillo",9784084752833,1,1,active
2871,"Kate Remembered","Berg Scott A.",9789994004102,2,2,active
2872,"Keane The Autobiography","Keane Roy",9787913511359,2,2,active
2873,"Keeping Well","Folkes John Guy",9785357228925,1,1,active
2874,"Keyboarding and Document Processing","Raquel S. Orena",9786415780973,1,1,active
2875,"Kinematics and Dynamics of Machinery","Charles E. Wilson",9783028010411,8,8,active
2876,"Kingdom and Community","John C. Gager",9784534195289,8,8,active
2877,"Kingdom Under Glass","Kirk Jay",9784478674284,1,1,active
2878,"Kitchen Essential & Basic Food Preparation","Nico B. Remaneses",9782188930638,4,4,active
2879,"Kitchen Essentials & Basic Food Preparation","Osorno Rene D.",9785780378914,10,10,active
2880,"Kitchen Essentials & Basic Food Preparation","Daryl Ace V. Cornell",9782139743690,9,9,active
2881,"Kitchen Essentials & Basic Food Preparation","Ma. Rhoda D. Dinaga",9780558557591,8,8,active
2882,"Kitchen Essentials and Basic Food Prep.","Rene D. Osorno",9784084290694,8,8,active
2883,"Kitchen Planning and Management","Julian Hayes",9789045289861,7,7,active
2884,"Knit Two","Jacobs Kate",9786106567333,1,1,active
2885,"Knit Two","Angela King",9784570165277,2,2,active
2886,"Knitting Classic Style","Avery Veronik",9781368149808,7,7,active
2887,"Knittng 200 Q & A","Taylor Rita",9785308437697,1,1,active
2888,"Know This Marketing Basics","Christ Paul",9782964447725,8,8,active
2889,"Know Your Philippine Trees","A. Fabros",9780842324236,2,2,active
2890,"Know Your Spices",Unknown,9788004172411,2,2,active
2891,"Knowledge Based Systems for Strategic","Robert J. Mockler",9785536915851,9,9,active
2892,"Knowledge. Skills. Attitued in Tour Guiding","Ma. Dolores N. Salamanca",9787490627962,6,6,active
2893,"Komonikasyon sa Akademikong Filipino I","Veronica C. Abangan",9782425703339,1,1,active
2894,"Komunikasyon sa Akademikong Filipino","Resurrecion Doctor-Dinglasan",9782959452314,9,9,active
2895,"Komunikasyon sa Akademikong Filipino","Arnilla Arvin Kim",9788286304029,6,6,active
2896,"Komunikasyon sa Akademikong Filipino","Sanchez Remedios",9786629917219,8,8,active
2897,"Komunikasyon sa akademikong Filipino","Leticia D. Espina",9784292204162,7,7,active
2898,"Komunikasyon sa Akademikong Pilipino","Irma V. Ugot",9788215392660,2,2,active
2899,"Komunikasyon sa Makabagong Filipino","Jioffre A. Acopra",9783706325035,8,8,active
2900,"Korean Spices",Unknown,9783928048507,1,1,active
2901,"Korespondensiya sa Filipino","Narciso V. Matienzo",9782061901939,1,1,active
2902,"Labor Economics","Danilo Marcelo Jr.",9783359379713,9,9,active
2903,"Labor Laws & Social Legislation","Lito Penaflor",9780000295613,8,8,active
2904,"Labor, Agrarian and social Legislation","Artemio C. Sanchez",9782256471858,2,2,active
2905,"Laboratory Manual Chemistry the Molecular",Unknown,9789407992309,6,6,active
2906,"Laboratory Manual for Forensic Chemestry…","Dascil Arlyn M.",9785323167784,2,2,active
2907,"Laboratory Manual for Forensic Chemistry &…","Ma. Cristina B. Sangil",9781456474379,10,10,active
2908,"Laboratory Manual For Forensic Chemistry and…","Canete Arlyn",9781945391170,4,4,active
2909,"Laboratory Manual for Forensic Chemistry…","Cejes Lourdeliza Gunal",9786665052769,7,7,active
2910,"Laboratory Manual in Criminalistic 2","Villarba Waynefred H.",9782092815786,4,4,active
2911,"Laboratory Manual in Criminalistics","Ma. Cristina B. Sangil",9786190223115,1,1,active
2912,"Laboratory Manual in Criminalistics 2","Waynefred H. Villarba",9787870676351,7,7,active
2913,"Laboratory Manual in Forensic Ballistics","William A Revisa",9782237185927,5,5,active
2914,"Laboratory Manual in Forensic Chemistry","Filicisima M. Francisco",9782684856371,4,4,active
2915,"Laboratory Manual in Personal Identification","Luisito B. Vibar",9781429430005,4,4,active
2916,"Laboratory Manual in Photography","Nabe Nestor",9783753989235,9,9,active
2917,"Laboratory Manual in Polygraphy","Chavez Carmelita",9781324659860,9,9,active
2918,"Laboratory Manual on Food Fermentation","Eva Nebril - Flore",9789327841787,7,7,active
2919,"Laboratory Manual on Personal Identification","Revisa William",9787659153820,5,5,active
2920,"Ladder of Yeas","Tyler Anne",9781140652663,1,1,active
2921,"Land Tiles and Deeds","Antonio H. Noblejas",9782673512721,2,2,active
2922,"Land Titles & Deeds","Narciso Pena",9785533756563,6,6,active
2923,"Landing It","Hamilton Scott",9786487849622,2,2,active
2924,"Language and Literature","De Castro Ana",9784945104627,1,1,active
2925,"Language Based Approaches to Support Reading","Evans Brian R.",9780692965689,6,6,active
2926,"Language Culture and Society","Janet Mananay",9781206276727,6,6,active
2927,"Language for Meaning",Unknown,9785097934421,1,1,active
2928,"Language Learning Material Development","Ethel De Leon- Abao",9782914650229,4,4,active
2929,"Language Learning Materials Development","Ethel De Leon Abao",9783477804579,10,10,active
2930,"Language Readers","Greene Jane Fell",9782518407038,2,2,active
2931,"Language Socialization Across Cultures","Nemelka Christopher",9789821478236,5,5,active
2932,"Language, Culture & Society","Janet Mananay",9787209451673,5,5,active
2933,"Laplace Transforms","Rex T. Noda",9787063632867,2,2,active
2934,"Late Bloomer","Pritchard Melissa",9780112200840,1,1,active
2935,"Law & Ethics for Medical Carrers","Karen Judson",9782648333672,2,2,active
2936,"Law and Jurisprudence on Dismissal","Amado C. Dizon",9780828967136,2,2,active
2937,"Law Country","Siddems Anne River",9780549469209,2,2,active
2938,"Law Dictionary","Steven h. Gifis",9785649013246,8,8,active
2939,"Law Enforcement (Police) Operation and Planning","Adelene Maghinay Florendo",9785193500117,8,8,active
2940,"Law Enforcement (Police) Operations and Planning","Adelene Maghinay Florendo",9784617580803,6,6,active
2941,"Law Enforcement Administration","Rommel K. Manwong",9788890441042,5,5,active
2942,"Law Enforcement Administration","Rhem Rick N. Corpuz",9784315668513,4,4,active
2943,"Law Enforcement Administration Compendium","Miller F. Peckley",9783538148376,9,9,active
2944,"Law Enforcement and Administration","Rommel K. Manwong",9787558030901,6,6,active
2945,"Law Enforcement Opearations & Planning","Danilo L. Tancangco",9786856471775,4,4,active
2946,"Law Enforcement Opearations & Planning","Judy S. Lopez",9784019027166,8,8,active
2947,"Law Enforcement Opearations & Planning with Crime Mapping","Bayani H. Salamanca",9788837161156,8,8,active
2948,"Law Enforcement Operations and Planning with Crime Mapping","Judy S. Lopez",9786686119977,8,8,active
2949,"Law Enforcement Operations and Planning with Crime Mapping","Fernando B. Padduyao",9786759833267,10,10,active
2950,"Law Enforcement Orfanization and Administration","Judy S. Lopez",9787050583530,1,1,active
2951,"Law Enforcement Organization and Administration","Ambrosio Polok Petran",9785819565728,6,6,active
2952,"Law Enforcment Organization","Rommel K. Manwong",9785353399827,8,8,active
2953,"Law Enformation Organization","Judy S. Lopez",9782662177580,6,6,active
2954,"Law of the Internet and Information Tech.","Samuels Darren",9781584668794,4,4,active
2955,"Law On Insurance","Atty. Victor T.  Tulalian",9780302853276,1,1,active
2956,"Le Repertoires De La Cuisine",Unknown,9787669834511,1,1,active
2957,"Leadbetter's Quick Tip","Leadbetter David",9780252854613,2,2,active
2958,"Leadership and Managment In Diffrent Arts and Fields","Wilfred Min C. Velasco",9780873089722,5,5,active
2959,"Leading From The front The Autobiography","Gatting Mike",9787382777713,1,1,active
2960,"Leagal Writing: Logic and Language in Law","Francisco O. Javines",9788425278631,4,4,active
2961,"Learn and Practice Hotel housekeeping","Celia A. Carino",9789007121024,4,4,active
2962,"Learn Japanese Book for Beginners","Yuto Kanazawa",9782344730577,2,2,active
2963,"Learn to SPeak Well","Larry Javier Ambion",9787196199718,2,2,active
2964,"Learnig Statistics the Easy way","Gabriel G. Uriarte",9785965667642,7,7,active
2965,"Learning Biology today","David J. Cotter",9789968334402,4,4,active
2966,"Learning General Psychology","Gabriel G. Uriarte",9789522426536,4,4,active
2967,"Learning Hospitality Accounting","Pineda Ariel D.",9787932219144,10,10,active
2968,"Learning Windows XP & Internet the Easy Way","Josephine c. Sto. Domingo",9789070547363,5,5,active
2969,"Learning Windows XP and Internet","Josephine C. Sto. Domingo",9781579115012,4,4,active
2970,"Learning Windows XP and Internet the Easy..","Josephine C. Domingo",9781626008021,4,4,active
2971,"Leaving Home","Keillor Garrison",9785893475975,2,2,active
2972,"Leaving Whiskey Bend","Garlock Dorothy",9783548835716,1,1,active
2973,"Lecture Manual in Personal Identificatio Techniques","Joenard Contreras Duno",9782149679149,8,8,active
2974,"Lecture Notes in FILIPINO 1","Rizarri Jovian A.",9783866432031,2,2,active
2975,"Lectures on Ordinary Differential Equations","Hurewicz Witold",9787266528240,1,1,active
2976,"Legacy of Silence","Plain Belva",9788549272409,2,2,active
2977,"Legal and Judical Ethics","Ruperto G. Martin",9780208601469,4,4,active
2978,"Legal Aspect in Tourism & Hospitality","Danny Araneta Cabulay",9780519085439,10,10,active
2979,"Legal Aspects","Melinda Bascos",9787163033564,1,1,active
2980,"Legal Aspects","Ian Mitchell",9786930100096,1,1,active
2981,"Legal Aspects In Tourism & Hospitality","Maranan Mario H.",9788993187816,4,4,active
2982,"Legal Aspects in Tourism & Hospitality","Tranguilino R. Cagurangan",9780480283544,9,9,active
2983,"Legal Aspects In Tourism and Hospitality","3G E-Learning",9785892909303,4,4,active
2984,"Legal Bibliography","Vicente J. Francisco",9783766136626,6,6,active
2985,"Legal Counseling with Notes on: Practicum & Practice Court","Recaredo Barte",9780812268157,8,8,active
2986,"Legal Essays and Jurisprudence","Jose M. Aruego",9789474705314,10,10,active
2987,"Legal Ethics","Ruben Agpalo",9781058330967,10,10,active
2988,"Legal Forms for Convencing & Other Deeds","Narciso Pena",9783979842185,2,2,active
2989,"Legal Forms of Entrepreneurs","Bajado Salvador B. Jr",9781426937651,8,8,active
2990,"Legal Medicine","Pedro P. Solis",9780167671879,9,9,active
2991,"Legal Medicine","Laganera Manuel G.",9786288363686,7,7,active
2992,"Legal Terminology","S. Whittingt Brown",9780162762923,2,2,active
2993,"Legal Writing : Logic and Language in Law","Francisco D. Javines",9786667880933,5,5,active
2994,"Legal,. Social, and Proifessional Ethics","Marlemo V. Abante",9786165228985,2,2,active
2995,"Lesson From San Wuentin","Dollas Bill",9787499359819,1,1,active
2996,"Lesson Planning Made Easy","Dr. Benadette Ortinero- Gollardo",9785597772653,1,1,active
2997,"LET Comprehensive Review",Unknown,9787640838583,8,8,active
2998,"LET Comprehensive Reviewer","Brenda B. Corpuz",9785014171656,4,4,active
2999,"Let's Go To The Videotape!","Wolf Warner",9788939129566,2,2,active
3000,"Lets Roll!","Deamer Lisa",9781887114868,2,2,active
3001,"Letters to a Young Activist","Todd Gitlin",9780500924495,1,1,active
3002,"Level 2- Conversation (Weel 1-3)",Unknown,9788787570305,1,1,active
3003,"Level Up!","Scott Rogers",9782930112503,10,10,active
3004,"Liar's Poker","Michael Lewis",9788607429066,1,1,active
3005,"Liars Anonymous","Ure Louise",9782223369317,2,2,active
3006,"Licensure Examination for Teacher (LET)…","San Jose-Pangan Marita T.",9788062007304,9,9,active
3007,"Licensure Examination for Teacher NCBTS Orriented","Conception Benjamin Jr.",9784266249755,5,5,active
3008,"Licensure Examination for Teacher's: Reviewer","Busto Arellano V.",9787405714466,5,5,active
3009,"Licensure Examination for Teachers  Reviewer","Merle S. Alferez",9789567406876,9,9,active
3010,"Licensure Examination for Teachers (LET) Reviewer","Marina T. San Jose",9783544534514,10,10,active
3011,"Lie Detection Techniques","Reys S. Lotivo",9786688658344,6,6,active
3012,"Lie Detection Techniques","Carmelita B. Chavez",9783483586261,8,8,active
3013,"Lie Detection Techniques Polygraphy","Jose Rene A. Cepe",9783664853205,2,2,active
3014,Life,"Ricki Lewis",9787758708945,10,10,active
3015,"Life II","Ricki Lewis",9782698344369,5,5,active
3016,"Life Span Development","Boyd Denise",9785805045050,8,8,active
3017,"Life Styles To Health Recipes",Unknown,9789284672004,1,1,active
3018,"Life with Birds","Rolo Hume",9783429390778,2,2,active
3019,"Life-Span Development","John W. Santrock",9787295450383,5,5,active
3020,"Lifes Big Little Moment Aunts","Hom Susan K.",9781625851505,1,1,active
3021,"Lifting The Covers","Mills Alan",9780450281433,1,1,active
3022,"Light From Heaven","Karon Jan",9783127943375,2,2,active
3023,"Like No Other Time","Tom Daschle",9783111235905,2,2,active
3024,"Linday : Functional Human Anatomy","Carol D. Rodgers",9782652742866,6,6,active
3025,"Lindsay : Functional Human Anatomy","Carol D. Rodgers",9782510857381,2,2,active
3026,"Linking the World Through English","Cecilia M. Brainard",9788554514600,5,5,active
3027,"Linux 3D Graphics and Programming","Norman Lin",9789193511746,10,10,active
3028,"Listen, Inform, Reassure",Unknown,9785537062721,2,2,active
3029,"Listening to Prozac","Peter D. Kramer",9786733746125,1,1,active
3030,"Literary Genres Within and Beyon the World","Laura L. Mariano",9781575626413,10,10,active
3031,"Literateracy and Education","Pahl Kate",9786084818762,5,5,active
3032,"Literatura ng ibat Ibang Rehiyon ng Pilipinas","Leticia D. Espina",9780990693192,5,5,active
3033,"Literaturang Pilipino","Carmelita S. Lorenzo",9783039951673,2,2,active
3034,"Literature 101","Dr. Jaime Gutierrez-Ang",9784505998222,4,4,active
3035,"Literature 2",Unknown,9787312343889,2,2,active
3036,"Literature Craft & Voice","Nicholas Delbanco",9784851420255,1,1,active
3037,"Literatures of the Philippines","Ferdilyn C. Lacia",9786450282319,1,1,active
3038,"Literatures of the World","Erlinda B. Siolongo",9784275576729,5,5,active
3039,"Little Altars Everywhere","Rebecca Wells",9781549044311,1,1,active
3040,"Little Red back","Penick Harvey",9784369531023,1,1,active
3041,"Lives of North Aerican Birds","Kenn Kaufmamn",9789771150626,9,9,active
3042,"Livewire Web and Graphics","Janiero H. Policarpio",9787926517324,1,1,active
3043,"Living in the Information Technology Era","Teodoro F. Revano Jr.",9781629108735,8,8,active
3044,"Living in the Information Technology Era","Ronina R. Caoili-Tayuan",9789221983699,10,10,active
3045,"Living in the IT Era","Marivic R. Mitscheck",9785737671051,4,4,active
3046,"Living in the IT Era","Marmelo V. Abante",9789877074598,5,5,active
3047,"Living Lean","Larry North",9785304450027,1,1,active
3048,"Living Through Divorce","Rice Joy K.",9782683878909,1,1,active
3049,"Living to Work","Wilfredo Cuneta",9784502958670,1,1,active
3050,"Living with Leukemia","Westcott Patsy",9780304093465,2,2,active
3051,"Local Anesthesia in Dental Practice","Jennifer Soliman",9785418236883,2,2,active
3052,"Lodging Operation","Rene D. Osorno",9780138272104,4,4,active
3053,"Lodging Operation with Housekeeping","Grayfield T. Bajao",9785133460181,10,10,active
3054,Logic,"Juan Jose Sanguineti",9782201388255,2,2,active
3055,"Logic Basic Principles of Critical thinking","Willie A. Bunag",9783208316814,10,10,active
3056,"Logic Design fundamentals","Charles H. Roth Jr.",9786360389177,9,9,active
3057,"Logic for Right Living","Dennis Villanueva Tubo",9786907894768,5,5,active
3058,"Logic the Act of Reasoning","Alma Saluador Santiago",9782000521419,2,2,active
3059,"Logical DBMS using PLF/ Access 2000…","Jojo Buenaflor Baguio",9787071634853,1,1,active
3060,"Long Dark Summer","Oldfield Pamela",9788951237089,1,1,active
3061,"Longman Industrial Arts Mechanics","A.G. Anderson",9781191944540,6,6,active
3062,"Look Back In Hunger","Jo Brand",9786972965561,2,2,active
3063,"Looking After Literarcy A Whole Child","Gleaves Caroline",9781927671375,10,10,active
3064,"Looking for Mr. Right","Bradley Trevor Greive",9781886263956,2,2,active
3065,"Lord of the Dance","Flatley Michael",9781266783050,2,2,active
3066,"Lose Weight Forever 50 Habits of…","Dermody Cynthia",9787371388746,2,2,active
3067,"Losing the Race","John H. McWhorter",9782234614468,1,1,active
3068,"Lost Gold of the Reublic","Vesilind Priit J.",9782763304113,2,2,active
3069,"Lost History","Hamelton Michael M.",9787614215242,10,10,active
3070,"Lost Love Last Love","Rogers Rosemary",9781968636470,1,1,active
3071,"Loud and Clear","Quindlen Anna",9784656896989,1,1,active
3072,"Love Anthony","Genova Lisa",9780368830044,2,2,active
3073,"Low Back Pain Syndrome","Rene Cailliet",9787936315927,1,1,active
3074,"Low Carb Secrets",Unknown,9789127065932,1,1,active
3075,"Low Country Summer","Frank Dorothea Benton",9781040629116,2,2,active
3076,"Lower-limb Orthotics",Unknown,9782282471839,2,2,active
3077,"LT & Me","Tomlinson Loreane",9781817960756,1,1,active
3078,"Luke Darrell L. Book","Grant R. Osborne",9788984974999,2,2,active
3079,"Lymphocycle Signal Transduction","Tsoukas Constantino",9789905221710,2,2,active
3080,"Maayong Balita Biblia",Unknown,9784865658187,1,1,active
3081,"Mabisang Komunikasyon sa Wikang Pang- Akademiko","Rolando A. Bernales",9780617356318,1,1,active
3082,"Macbeth The State of Play","Thompson Ann",9783129755723,2,2,active
3083,"Macro Perspective Of Tourism & Hospitaity","3G E-Learning",9786169496373,9,9,active
3084,"Macro Perspective of Tourism and Hospitality","Cruz Zenaida L.",9788119389995,8,8,active
3085,"Macro Perspective On Tourism & Hospitaity","Lim Romeo D.",9786820130714,4,4,active
3086,"Macro Polo's Adventures in China",Unknown,9787532163366,7,7,active
3087,Macroeconomics,"Dormbusch Rudiger",9783179854902,4,4,active
3088,"Mad About Shoes","Bowd Emma",9784903729541,1,1,active
3089,"Madam Will You Talk","Stewart Mary",9788583563990,2,2,active
3090,"Magagandang Asal","Santiago Aurea Jimenez",9782743922559,1,1,active
3091,"Magic in the Kitchen",Unknown,9787419258147,1,1,active
3092,"Magnus Chase and the God of  Asgard","Rick Riordan",9787621236018,10,10,active
3093,"Magnus Chase and The Gods of Asgard","Riordan Rick",9788639945411,9,9,active
3094,"Mahalia Jackson","Wolfe Charles",9788453156307,1,1,active
3095,"Mainstreaming Gender in Development Work",Unknown,9783079685903,8,8,active
3096,"Maintainance and Repairs of Radio and Television","3G E- Learning",9789645987242,9,9,active
3097,"Maintainance Management","3G E Learning",9780899217734,9,9,active
3098,"Maintenance and Repaire of Aerospace…",Unknown,9781668113394,6,6,active
3099,"Makabagong Balarilang Filipino","Alfonso O. Santiago",9783670721734,2,2,active
3100,"Make - Ahead Meals",Unknown,9784024222419,9,9,active
3101,"Making American Foreign Policy","John T. Rouke",9789830632360,9,9,active
3102,"Making Connection's 2","Kesster Carolyn",9784018144420,6,6,active
3103,"Making Connections","Kessler Carolyn",9788420243504,6,6,active
3104,"Making Crime Pay","Andrea Campbell",9789476511869,9,9,active
3105,"Making on Exit","Funchs Elinor",9785640994148,1,1,active
3106,"Making Thinking Visible","Ron Ritchhart",9785398913705,7,7,active
3107,"Making Up With Mom","Halpert Julie",9784245190825,2,2,active
3108,"Making your Primary School E-Safe","Addriene Katz",9781103565948,2,2,active
3109,"Malaysia In Picture",Unknown,9789920237666,1,1,active
3110,"Male Mediated Development Toxicity","Anderson Diana",9789692295338,7,7,active
3111,"Malikhaing Sanaysay","Eugene Y. Evasco",9786194118394,8,8,active
3112,"Mall Security Management","Joel M. Ajero",9780934242400,9,9,active
3113,"Mall Security Management","Majero Joel",9786283463343,2,2,active
3114,"Man About The Kitchen","William Alastair",9783437518669,1,1,active
3115,"Manage Information System","Rosemarie R. San Luis",9784086542432,8,8,active
3116,Management,"James A. F. Stoner",9788269285505,9,9,active
3117,"Management Accounting","Don R. Hansen",9784350952882,2,2,active
3118,"Management Advisory Services","Mejorada Nenita D.",9789594703962,10,10,active
3119,"Management and Organization theory","Jeffrey A. Miles",9784535917651,2,2,active
3120,"Management Essentials",Unknown,9784718830098,4,4,active
3121,"Management for child health Services","Michael Rigby",9789542887348,10,10,active
3122,"Management Info System for the Info Age.","Stephen Haag",9789668667985,2,2,active
3123,"Management Info. Systems","Effy Oz",9789470617062,8,8,active
3124,"Management Information System","3G E Learning",9780149711036,8,8,active
3125,"Management Information System","O'brien James A.",9788471567567,10,10,active
3126,"Management Information System","Bonifacio, Bairan",9785051886018,7,7,active
3127,"Management Information System For the…","Stephen Haag",9787449234357,7,7,active
3128,"Management Information System in Touris &..","Rodolfa Bernardo",9786985045052,8,8,active
3129,"Management Information System in Tourism & Hospitality …","Bernardo B. Dolfo",9786693754024,10,10,active
3130,"Management Information System inTourism..","Rodolfa Bernardo B.",9784286178929,10,10,active
3131,"Management Information Systems","Raymond Mc Lead Jr.",9787140250380,6,6,active
3132,"Management Information Systems","James A. O'Brien",9787626481635,6,6,active
3133,"Management Information Systems","Effy Oz",9789368063582,2,2,active
3134,"Management Information Systems","Kenneth C. Laudon",9783010127899,6,6,active
3135,"Management Information Systems","3G E-Learning",9789519304854,7,7,active
3136,"Management of Human Behavior Organization","Angelita Serrano",9787758670365,5,5,active
3137,"Management of Information Technology Projects","Kathy Schwalbe",9786203634440,2,2,active
3138,"Management of Organizational Behaivor Utilizing Human Resources","Paul Hersey",9789468963317,5,5,active
3139,"Management Services, Part 1","Mejorada Nenita D.",9781233576173,8,8,active
3140,"Management Theory and Practice","Carlos C. Lorenzana",9780731744572,9,9,active
3141,"Manager's Factomatic","Jack Horn",9786262636782,7,7,active
3142,"Managerial Accounting ( An Introduction to Concepts )","Michael W. Maher",9780898977479,6,6,active
3143,"Managerial Accounting Manufacturing & Services..","Arnold Schneider",9785944348524,10,10,active
3144,"Managerial Clout TAke action, Get Results, Influence People & Events","Dayrl G. Mitton",9785377403760,8,8,active
3145,"Managers, Can you Hear me now?","Strigl Denny F.",9786874042070,7,7,active
3146,"Managing Database w/ Ms. Access","Evangeline Madrid- Hirata",9787514975345,7,7,active
3147,"Managing Database with Ms Access","Evangeline Madrid- Hirata",9781573309905,1,1,active
3148,"Managing Databse W/ ms Access","Evangeline M. Hirata",9780940656581,1,1,active
3149,"Managing Engineering And Technology","Morse Lucy C.",9783445385659,5,5,active
3150,"Managing, Controlling, and improving Quality","Douglas C. Montgomery",9785232660000,5,5,active
3151,"Mandarin 1","Yang Perlie",9787091103490,6,6,active
3152,"Manual for Functional Training","M. Lynn Palmer",9786119989962,2,2,active
3153,"Manual in Personal Identification W/…","Veneranda Poschor-Depayo",9785118158379,10,10,active
3154,"Manual Nursing Practice",Unknown,9784661447763,10,10,active
3155,"Manual Personal Identification With Prac…","Depayso Veneranda P.",9788687047969,4,4,active
3156,Marchlands,"kuban Karla",9786829052567,2,2,active
3157,"Marine Biology","Peter Castro",9789950891425,6,6,active
3158,"Marine Engineering Workbook","William E. Haynes",9783029276403,1,1,active
3159,"Maritime English","Cecilia Velez",9784739862214,6,6,active
3160,Marketing,"Houston G. Elam",9780513186606,2,2,active
3161,"Marketing Cultural and Heritage Tourism","McCormick Rosemary Rice",9787473389146,6,6,active
3162,"Marketing Hotel and Restaurants into the …","Melvyn Green",9788524744204,7,7,active
3163,"Marketing Management","Harper W. Boyd Jr.",9785944102386,1,1,active
3164,"Marketing Management","Peter R. Dickson",9783518664773,7,7,active
3165,"Marketing Management","Covey Stephen R.",9781313518307,6,6,active
3166,"Marketing Management II","Peter R. Dickson",9785853465817,5,5,active
3167,"Marketing Research","Angelita Serrano Camilar",9783988521781,6,6,active
3168,"Marketing Today","David J. Rochman",9785599098416,8,8,active
3169,"Marketing XII","Michael J. Etzel",9788655816757,5,5,active
3170,"Marksmanship and Combat Shooting","Dennis I. Ibutmande",9789238319344,10,10,active
3171,"Marsh Mmorning","Berhes Marianne",9788003814633,1,1,active
3172,"Marxists On Literature An Anthology","David Craig",9782924219591,2,2,active
3173,"Masining na Pagpapahayag","Narciso V. Matienzo",9783091218523,7,7,active
3174,"Masining na Pakikipagtalastasan para sa…","Romeo P. Gonzalvo Jr.",9783411461332,2,2,active
3175,"Mass Communication Living in a Media World","Hanson Ralph E.",9785553015305,4,4,active
3176,"Mastering Documentation","Stanley Leob",9780440778110,5,5,active
3177,"Mastering Fox Pro 2.6","Charle Siegel",9789659845576,4,4,active
3178,"Mastering Primary Science","McCrory Amanda",9786345418298,7,7,active
3179,"Mastering the Art of French Cooking",Unknown,9782699452063,1,1,active
3180,"Masters of Sociological Thought","Lewis Coser",9781910616697,6,6,active
3181,"Match Annual 2003",Unknown,9780082242161,1,1,active
3182,"Matching Your Message to the Audience","Pauker Robert A.",9782682217563,8,8,active
3183,"Math For The Proffesional Kitchen","Dreesen Laura",9786996208347,5,5,active
3184,"Math Principles for food Service Occup.","Anthony j. Strianese",9789100593254,7,7,active
3185,"Math Quiz for the Math Whiz","Merle Alferez",9782287032202,2,2,active
3186,Mathematics,"Ruth I. Champogne",9787485972435,1,1,active
3187,"Mathematics 7","E.T Mc Swain",9781295145201,2,2,active
3188,"Mathematics Applications & Connections",Glencoe,9788028606046,2,2,active
3189,"Mathematics Applications and Connections",Unknown,9782240654748,1,1,active
3190,"Mathematics for information Technology","Alfred Basta",9786950904186,7,7,active
3191,"Mathematics for Investment","Winston S. Sirug",9789856643012,9,9,active
3192,"Mathematics for JEE (Main*& Advanced)","Murti G.S.",9785562388780,2,2,active
3193,"Mathematics in Modern World","Almazan Evelyn V.",9788765699318,8,8,active
3194,"Mathematics in the Modern World","Richard N. Aufmann",9786062290115,5,5,active
3195,"Mathematics in the Modern World","Jeffrey M. Soriano",9783860479476,10,10,active
3196,"Mathematics in the Modern World","Esmeralda A. Manlulu",9789903803512,4,4,active
3197,"Mathematics in the Modern World","Recto Calingasan",9788953829442,2,2,active
3198,"Mathematics in the Modern World","Winston S. Sirug",9789147905348,4,4,active
3199,"Mathematics in the Modern World","Juan Apolinario Reyes",9782839516730,7,7,active
3200,"Mathematics in the Modern World","Justin Ian N. Ogoy",9780953267088,9,9,active
3201,"Mathematics of Investment","William L. Hart",9788868656294,2,2,active
3202,"Mathematics of Investment","Erlinda M. Aguaviva",9785822828018,5,5,active
3203,"Mathematics of Investments","William L. Hart",9782353068852,1,1,active
3204,"Mathematics of Money","Joe Dan Austin",9788467678093,7,7,active
3205,"MATHEMATICS Principles and Process","Ebos Frank",9784583744957,2,2,active
3206,"Mathematics The Art of Reason","Berlington William P.",9789752135314,10,10,active
3207,"Mathematics Unlimited",Unknown,9785559289748,7,7,active
3208,"MATLAB for Dummies","Sizemore Jim",9784114862679,2,2,active
3209,"Maureen Birnbaum,Barbarian Swords Person","Effinger George Alec",9781199764539,2,2,active
3210,"May Day","Monica Hughes",9789655156416,2,2,active
3211,"Mc Nally's Gamble","Sandens Lawrence",9787896300933,2,2,active
3212,"McGraw-Hill Reading","Flood James",9788201630158,2,2,active
3213,"Mcrosoft Wxcel: 2003 Proficiency in Electronic…","Vince Adams N. Claveria",9782242284837,2,2,active
3214,"MCSE Microsoft TCP/IP On Windows…",Unknown,9789276680987,6,6,active
3215,"Meal Management","Margaret Mc Williams",9786018040337,2,2,active
3216,"Meal Management & Table Service","Verginia S. Claudio",9788015373586,6,6,active
3217,"Meal Planning and Managemeant","Margaret Mc Willams",9786715544602,2,2,active
3218,"Meal Planning and Management","Margaret Mc. Williams",9783926096746,6,6,active
3219,"Measurement of Joint Motion","Cynthia Narkin",9782720536496,2,2,active
3220,"Measuring up to the California Content Standards",Miller,9781192856729,8,8,active
3221,"Mechanical Engineering Compilation",Unknown,9780215538307,2,2,active
3222,"Mechanical Engineering Elements in Machine Design","Ronnie S. Alcorcon",9787755821265,9,9,active
3223,"Mechanics of Materials","Johnston Beer",9786439567840,5,5,active
3224,"Medals Above My Heart","Pace Brenda",9786078907519,2,2,active
3225,"Media and Information Literacy","Busbus Stephenie O.",9789919817756,9,9,active
3226,"Medical First Aid",Unknown,9781294414926,2,2,active
3227,"Medical Nutrition Theraphy for Filipinos","Adele Jamorabo- Ruiz",9783164982832,2,2,active
3228,"Medical Surgical Nursing","Joyce Young Johnson",9789747765656,2,2,active
3229,"Medical Therapeutics","Eric B. Larson",9787055494343,1,1,active
3230,"Medical Tourism An Easy and Concise Book","Heart Vindimer D.",9786877156927,5,5,active
3231,"Medical- Surgical Nursing","Jossie Q. U'dan",9780949076342,1,1,active
3232,"Medical- Surgical Nursing","Dewit Susan C.",9785359771009,1,1,active
3233,"Meetings, Expositions, Events, and Conventions","George G. Fenich",9781547734948,4,4,active
3234,"Memories of a Hypenated Man","Ramon Eduardo Ruiz Clrueta",9781487225575,1,1,active
3235,"Memory Wall","Doerr Anthony",9786413547417,2,2,active
3236,"Mennoch The Devil","Anne Rice",9788557395237,2,2,active
3237,"Mental Health Assessment","Barbara Hemphill",9782855580951,10,10,active
3238,"Mercantile Law Compedium","Simeon M. Gopenco",9789475816606,7,7,active
3239,"Merchandizing Accounting for Non- Accountants","Pineda Ariel D.",9788413623344,5,5,active
3240,"Merill Biology Laboratory Experiences","Albert Kaskil",9780407146976,2,2,active
3241,"Merriam Webster Collegaite Dictionary","Merriam Webster inc",9784797341850,1,1,active
3242,"Merry Wives of Magagody","Hess Joan",9789508374561,2,2,active
3243,Metallurgy,"3G E- Learning",9781703961010,4,4,active
3244,"Meteorology Today","Ahrens Donald C.",9785900170671,2,2,active
3245,"Method of Research in Business Education","Marvic Flores",9784907869281,8,8,active
3246,"Methods of Criminologial Research","Victor Jupp",9785162159384,2,2,active
3247,"Methods of Research","Salmorin Merle",9789676353672,10,10,active
3248,"Methods of Research and Thesis Writing","Calderon F. Jose",9785589607079,1,1,active
3249,"Methods of Research in Criminology & C. J.","Arnold Binder",9782883413351,5,5,active
3250,"Methods of Teaching","Salandanan Gloria G.",9781390143096,10,10,active
3251,"Methods of Techniques","C.A Sanchez",9784274936630,2,2,active
3252,Mets,"David Green",9787967148037,2,2,active
3253,"Mga Bag'ong Pagluto alang sa Puloy'anan",Unknown,9780073565828,9,9,active
3254,"Mga bata sa Palibot ng Daigdig","J.M Montalbon",9780825263798,2,2,active
3255,"Mga Kahibulongang Pang-ayo sa Mga….","Ni Herminia de Gusman",9781288669110,2,2,active
3256,"Mga Kahibulongang Pang-ayo sa Tanum","Ladion Herminia De Gusman",9782321425267,1,1,active
3257,"Mga Katingalahang Makaayo sa Tubig","Ni Herminia de Gusman",9781978925946,1,1,active
3258,"Mga Modelong Estratehiya sa Pagtuturo ng…","Lydia N. Agno",9785744653255,7,7,active
3259,"Mga Sugilanon sa Biblia Para sa mga Bata","Pat Alexander",9784411818515,2,2,active
3260,"Mga Tala sa Dagat","Annette Acacio Flores",9786738052030,1,1,active
3261,"Michael Parkinson on Golf","Michael Paarkinson",9789376841844,1,1,active
3262,"Micorprocessors and Microcontrollers","Kaler R.S",9787146220141,10,10,active
3263,"Micro Perspective in Tourism and Hospitality","John Paul Guevarra",9783354011274,1,1,active
3264,"Micro Perspective Of Tourism & Hospitaity","3G E-Learning",9788360308769,5,5,active
3265,"Micro Perspective of Tourism & Hospitality","Zenaida Lansangan Cruz",9787709067619,6,6,active
3266,"Micro Perspective of Tourism & Hospitality","Grayfield Bajao",9783762950769,8,8,active
3267,"Micro Perspective of Tourism and Hospitality","Grayfield T. Bajao",9787162172042,9,9,active
3268,"Micro Perspective On Tourism & Hospitaity","Lim Romeo",9788868041861,8,8,active
3269,Microbiology,"Kenneth L. Burdon",9780326456491,1,1,active
3270,Microeconomics,"Robert Pinchyk",9787419916054,7,7,active
3271,Microeconomics,"Stephen L.Slavin",9783906490977,9,9,active
3272,"Microeconomics Price Theory","Martuna B. Pagaduan",9780342519705,9,9,active
3273,"Microfabricated System and MEMs VI","P.J. Hesketh",9788158913687,1,1,active
3274,"Microsoft Access",Unknown,9789670742151,5,5,active
3275,"Microsoft Access 2003",Unknown,9781936252602,5,5,active
3276,"Microsoft Excel","Rolando D. Go",9782169088754,5,5,active
3277,"Microsoft Excel 2003",Unknown,9784802933582,10,10,active
3278,"Microsoft Excel'97 Worksheet Function",Unknown,9788439106579,5,5,active
3279,"Microsoft MS- DOS 6 ( Users Guide )","Packard Bell",9785174546936,5,5,active
3280,"Microsoft Office 6-in-1","Peter Artken",9781021401281,2,2,active
3281,"Microsoft Powerpoint ( Proficiency in Slide Press)",Unknown,9783195589796,5,5,active
3282,"Microsoft Powerpoint 2000","Timothy J. O'Leary",9783597177171,1,1,active
3283,"MicroSoft Publisher",Unknown,9780305687090,9,9,active
3284,"Microsoft Publisher 2003: Proficiency in Desktop",Unknown,9781246051643,6,6,active
3285,"Microsoft Window's Users Guide",Unknown,9783895337680,8,8,active
3286,"Microsoft Windows User's guide",Unknown,9781876776008,2,2,active
3287,"Microsoft Word 2002","Sarah E. Hutchinson",9784345973175,2,2,active
3288,"Microsoft Word 2003",Unknown,9780332496757,1,1,active
3289,"Microsoft Word 3.1 Additional Information",Unknown,9787451048485,10,10,active
3290,"Microsoft Word Advanced Office ( Revised )","Evangeline Madrid-Hirata",9789473181560,1,1,active
3291,"Microsoft Word Advanced Office Pub…","E. Madrid- Hirata",9785427079952,1,1,active
3292,"Microsoft Word, Excel and Powerpoint 2010","Shelly Gary B.",9789476111076,10,10,active
3293,"Microsoft Word: Advanced Office Application","Evangeline M. Hirata",9787647545651,8,8,active
3294,"Microsoft Word: Advanced Office Applications","Evangeline Madrid - Hirata",9782897226930,7,7,active
3295,"Micrsoft Excel 2003 (Proficiency in Elec.Spread)",Unknown,9788540390980,6,6,active
3296,"Mid- Course Correction","Gordon Mac Donald",9786856066995,6,6,active
3297,"Middle Grades Mathematics","Chapin Suzanne",9786138268703,1,1,active
3298,"Miley Cyrus Annuall 2011","Posy Edwards",9787779570392,2,2,active
3299,"Milk Glass Moon","Trigiani Adriana",9782637792718,2,2,active
3300,"Miller's Collectables Price Guides","March madeleine",9780735128965,1,1,active
3301,Minuleman/Activist,"Willian J. Mc Cullough",9782068243230,1,1,active
3302,"Miracle Man","Nolan Ryan",9783023993443,1,1,active
3303,"Mirror Image","Danielle Steel",9780606943062,2,2,active
3304,"Miscellaneous Questions on Forensic Ballistics","Miller F. Peckley",9785235786523,8,8,active
3305,"Miscellanous Questions on Forensic Ballistics","Miller F. Peckley",9784128537006,8,8,active
3306,"Misdiagnosis Woman as a Disease","Karen M. Hicks",9784488548759,2,2,active
3307,"Miss Julia Rocks the Cradle","Ross Ann B.",9781198042553,1,1,active
3308,"Mixed Blessings","Daniele Steel",9782805376429,2,2,active
3309,"Mixed Martial Arts","Marlon L. Teves",9785078688787,6,6,active
3310,"Mixed Martial Arts for Criminology…","Teves Marlon",9780203922132,7,7,active
3311,"MMA Grand","Teves Marlon L.",9787019586633,4,4,active
3312,"Mobile App Development A Carrer Guide","Voughn Olivia",9789287987280,8,8,active
3313,"Mobile App Developmet in HTML'S","Lassoff Mark",9783142495620,7,7,active
3314,"Mobile Application Development with Android","Qimi Meikang",9781796441604,8,8,active
3315,"Mobile Computing Concept, Design amd Safety","Ian Philips",9783288807004,5,5,active
3316,"Mobile Technology Innovation and Future Trends","Hall Catherine",9781028745128,6,6,active
3317,"Mock Board Examinition: Crime Sociology & Ethics","Delos Santos Victor",9782201754548,4,4,active
3318,"Mock The Week","Phillips Ewan",9786487921045,4,4,active
3319,"Modern Algebra and Trigonometry","Wooton Dolciani Berman",9786275015260,7,7,active
3320,"Modern Business English Correspondence …","Constantino Guia F.",9789744203601,9,9,active
3321,"Modern Business Statistics w/ Microsoft","David R. Anderson",9788548330957,7,7,active
3322,"Modern Criminal Investigation","Harry Soderman",9787238368065,8,8,active
3323,"Modern Crimonology Crime, Criminal Behavior…","John Hagan",9781457923265,1,1,active
3324,"Modern Critical Views Jamaica Kincaid","Harold Bloom",9781485819707,2,2,active
3325,"modern Database Management","Hoffer Jeffrey A.",9785019679720,4,4,active
3326,"Modern Earth Science","Philips Ramsey W.",9789251920183,4,4,active
3327,"Modern English Literature In 6th & 19th Century","Prasad Yoshodhara",9788523329709,1,1,active
3328,"Modern Food Service Purchasing","Robert Garlough",9784937958290,10,10,active
3329,"Modern General Mathematics","O'Daffer Eicholz",9785855116397,1,1,active
3330,"Modern Health","James H. Otto",9781492075745,2,2,active
3331,"Modern Philippine Legal Forms","Lorenzo M. Tanada",9781424873968,9,9,active
3332,"Modules for Marketing","Shirley I. Mendoza",9786259188317,5,5,active
3333,"Modules in NeuroAnatomy","Esperanza N. Carague",9784977367724,5,5,active
3334,"Mohammedanism An Historical Survey","H. A. R. Gibb",9784343549785,2,2,active
3335,"Moment of Glory","Feinstein John",9782965715649,2,2,active
3336,"Money Credit and banking","Dr. Robert G. Medina",9788029903489,5,5,active
3337,"Money Golf","Bohn Michael K.",9784247960006,1,1,active
3338,"Money, Credit and Banking","Rose Marie Laman",9784091657374,8,8,active
3339,"Monkey Star","Brenda Scott Royce",9782426622547,2,2,active
3340,"Montalba's Compilation in Criminalstics","Montalba Edwin",9782036930919,8,8,active
3341,"Montalba's Compilation in: Criminalistics","Montalba Edwin",9784015273116,9,9,active
3342,"Moral Philosophy and Ethics","Dennis M. Bacuyag",9787226414750,10,10,active
3343,"More Flanimals","Gervais Ricky",9789001842932,2,2,active
3344,"Morning Praise","J.R. Bob",9785984742290,1,1,active
3345,"Mosby's Psychiatric Nursing Study Guide","Lynette Jack",9785966771539,1,1,active
3346,"Most Talkative","Cohen Andy",9782262473655,1,1,active
3347,"Mother daughter Revolution","Elizabeth Bebold",9780329909000,1,1,active
3348,"Mother- Daughter Wisdom","Northrup Christaine",9784761442781,2,2,active
3349,"Motozola CMOS Logic Data",Motorola,9783554042313,7,7,active
3350,"Mount Vernon Love Story","Clark Mary Higgins",9789792067545,2,2,active
3351,"Movement Literacy and Engagement","Alvin George C. Cobar",9783934396906,8,8,active
3352,"Movie charts","Copperwaite paul",9785392528783,2,2,active
3353,"Movie Making, and Multimedia","Antoinette R. Marcelo",9785733813301,1,1,active
3354,"Movie Making, Animation & Mutlimedia","Antoinette Marcelo",9783453302365,7,7,active
3355,"Moving with the Ball","Lanfranchi Pierre",9781224740989,2,2,active
3356,"MS- DOS",Unknown,9783720335058,6,6,active
3357,"Multi Cultural and Diversity in the Tourism and Hospitality Workplace","Jojo Villamin",9786023251070,4,4,active
3358,"Multicultural Diversity","Michael Bhobet Baluyot",9781555870942,9,9,active
3359,"Multicultural Diversity in the Workplace for the Tourism Professional","Vic Alcuaz",9780422456418,9,9,active
3360,"Multicultural Diversity in Workplace","Mylene Yeung",9789925512539,4,4,active
3361,"Multicultural Diversity in Workplace","Lena Cañet",9787819135055,1,1,active
3362,"Multicultural Diversity in Workplace for the Tourism","Rene D. Osorno",9783494197159,9,9,active
3363,"Multimedia and Web Design Fireworks & Flash 8","Marmelo V. Abante",9785571663281,2,2,active
3364,"Multimedia for the Web Revealed","Jim Shuman",9782463061620,9,9,active
3365,"Multiple Blessings","Gasselin Kate",9788563520074,1,1,active
3366,"Multiple Choice Question in Pathology","I.L Brown",9781504205986,2,2,active
3367,Multiplication,"Cato Sheila",9788569771432,2,2,active
3368,"Murder at Fords Theatre","Truman Margaret",9786080901017,1,1,active
3369,"Murder, London-South Africa","John Creasy",9786103927888,2,2,active
3370,"Muscle Testing","Lucille Daniels",9788930461634,1,1,active
3371,"Muscle Testing","Helen Hislop",9788168785182,8,8,active
3372,"Music Education Materials & Methods","Rosita F. Rivadelo",9785690509651,10,10,active
3373,"Must'nt Grumble","Wogan Terry",9788826728001,2,2,active
3374,"Must'nt Grumble The Autobiography","Wogan Terry",9782720814723,2,2,active
3375,"My Computer (Microsoft Powerpoint XP)",Unknown,9783735640789,9,9,active
3376,"My Confederate","Davis Thulani",9780830697892,1,1,active
3377,"My Favorate Summer 1956","Mantle Micky",9781454983675,2,2,active
3378,"My Goodness","Queenan Joe",9784674906684,1,1,active
3379,"My Heart Is In The South",Unknown,9787518571161,2,2,active
3380,"My Lives","Arnold Rose Anne",9785605956341,2,2,active
3381,"My Long Trip Home","Whitaker Mark",9781807392000,1,1,active
3382,"My own Book",Unknown,9785856533773,1,1,active
3383,"My Practice Teaching Handbook and Portfolio","Milagros Lim-Barabo",9783031678714,7,7,active
3384,"My Quizzer in Criminolgy; A Reviewer","Manwong Rommel K.",9786154872014,1,1,active
3385,"My Quizzer in Criminology","Rommel K. Manwong",9784025455007,1,1,active
3386,"My Quizzer in Criminology : A Reviewer","Rommel K. Manwong",9784908099830,6,6,active
3387,"My Sergei A love Story","Gordeeva Ekaterina",9786738872461,2,2,active
3388,"My Speed King","Campbell Tonia Bern",9786303438306,1,1,active
3389,"My Struggle","Paul Merton",9780914352945,1,1,active
3390,"My War","Rooney Andy",9780741799654,1,1,active
3391,"Myself, My Body Health Diary",Unknown,9786628973513,2,2,active
3392,Mythology,"Edith Hamilton",9789622527560,8,8,active
3393,"Naked to the Waist","Dark Alico Elliott",9780223023406,1,1,active
3394,Nathan,"Ballard Nathan",9786771251582,2,2,active
3395,"National Building Code of the Philippines","Vicente B. Toz",9780418280515,8,8,active
3396,"National Citizen Service","Simon P. Caday",9786608123921,7,7,active
3397,"National Development Via (NSTP)","Sonia Gasilla-Dela Cruz",9788844790981,7,7,active
3398,"National Geographic Picture Atlas of Our World",Unknown,9783615276954,2,2,active
3399,"National Security in a Nutshell","San Diego Gilbert C.",9788444202242,10,10,active
3400,"National Service Training Program","Eric L. Estanol",9784886313737,1,1,active
3401,"National Service Training Program","gonzalio Romeo P.",9781450311809,2,2,active
3402,"National Service Training Program (NSTP) II","Lee, Sergio Jr.",9786691419390,1,1,active
3403,"National Service Training Program 1","Lolita Dimaandal Pablo",9780610471896,7,7,active
3404,"National Service Training Program 1","Roberto G. De Chavez",9781199256928,10,10,active
3405,"National Service Training Program 2","Roberto G. De Chavez",9787688341038,6,6,active
3406,"Nationalism - Filipino First","Fernando Castro",9781413181180,2,2,active
3407,"Nationalist Development Agenda…",Unknown,9781405132510,9,9,active
3408,"Nations Of The World United Kingdom","Innes Brian",9789044708561,2,2,active
3409,"Native American Health Recipes","Cruz H. Aceredo Jr.",9789406714872,1,1,active
3410,"Natural Disasters","Patrick L. Abbott",9781031456455,1,1,active
3411,"Nature Watcher's Directory","Marsde David",9782275794075,2,2,active
3412,"Nature Watchers Directory","David Marsden",9780337449994,2,2,active
3413,"Necessary Roughness","Mike Torpe",9780933913691,2,2,active
3414,"Nelson Family Recipe Book",Unknown,9781264106035,2,2,active
3415,"Networking +",Unknown,9786753180572,5,5,active
3416,"Networking A Beginner's Guide","Hallberg Bruce",9783101089655,7,7,active
3417,"Networking All In on for Dummies","Doug Lowe",9786125360649,6,6,active
3418,"Networking for Dummies","Lowe Doug",9780474867941,4,4,active
3419,"Neural Networks In Computer Intelligence","Limin Fu",9786989484819,8,8,active
3420,"Never Before Noon","Fronda Apdera",9780361007702,2,2,active
3421,"Never Blame the Umpire","Fehler Gene",9787737594934,1,1,active
3422,"New Aaspects of Zirconium Containing..",Unknown,9780781117197,1,1,active
3423,"New Decorating Book","Gerald M. Knox",9786004902144,9,9,active
3424,"New Encyclopedia of Science","Funk & Wagnalls",9784155967432,2,2,active
3425,"New English Art And Skills","Clehenia C. San Juan",9783849655235,5,5,active
3426,"New House Book ( The Complete Guide )","Terence Conran's",9787033530049,1,1,active
3427,"New Issue in Financial Services","Kinsella Ray",9786653619776,1,1,active
3428,"New Kids on the Net","Sherly Burgstahier",9781739462482,1,1,active
3429,"New Moon","Meyer Stephene",9782385865399,7,7,active
3430,"New Paradigms in Education Research","Feng Ethan",9787687141349,1,1,active
3431,"New Pet","Yaccarino Dan",9781796706055,1,1,active
3432,"New Rules","Maher Bill",9788173579219,2,2,active
3433,"New Testament Themes for Contemporary Man","Rosalie M. Ryan",9786250698938,1,1,active
3434,"New Treatment Psalms Proverbs",Unknown,9784646398974,2,2,active
3435,"New Trends in Power System Operation and…","Rogate Jonathan",9781455703937,4,4,active
3436,"Nihonggo Module","Jose Marie Ocdenaria",9782718669250,6,6,active
3437,"Nihongo for Hospitality and Travelor's Guide","Shiela Biscocho",9782905092601,6,6,active
3438,"Nihongo Module","Jese Marie Ocdenaria",9780110156163,4,4,active
3439,"Nine Lives",Unknown,9789738449817,1,1,active
3440,"No Greeter Love","Steel Danielle",9781300882381,1,1,active
3441,"No Other Tale To Tell","Perry Richard",9786990867236,2,2,active
3442,"No Pressure Mr. President","Mataxas Eric",9781044817731,1,1,active
3443,"No they Can't","Stossel john",9785561922183,2,2,active
3444,"No Wonder My Parents Drank","Mchr Jay",9782063186419,1,1,active
3445,"No' Rabbie Story","Mclean Stuart",9786130236410,2,2,active
3446,"Nobbut A Lad","Titchmarsh Alan",9789368359913,2,2,active
3447,"Nobodies to Somebodies","Peter Han",9787640323911,2,2,active
3448,"Noli Me Tangere","Ester R. Madriaga",9782528267127,1,1,active
3449,"Noli Me Tangere","Dobres F. Jamero",9789379499950,2,2,active
3450,"Noli Me Tangere","Corazon G. Magbatera",9782529644484,1,1,active
3451,"Noli Me Tangere","Jose Rizal",9783686811146,6,6,active
3452,"NOLI ME TANGERE","Almario Virgilio S.",9783306409807,10,10,active
3453,"Noli Me Tangere ni Jose P. Rizal","Efren A. Abueg",9788771555905,6,6,active
3454,"Noli Me Tangere ni Jose P. Rizal","Teodorica Espinosa",9782787902593,2,2,active
3455,"Noli MeTangere for Young Readers","T. A Dreana",9782046372167,1,1,active
3456,"Non- Institution Corrections","Annie A. Tumitit",9786603235841,1,1,active
3457,"Non-Institutional Correction","Joner C. Villaluz",9788029559990,4,4,active
3458,"Non-Institutional Corrections","Eric L. Danglosi",9787379395791,7,7,active
3459,"Non-Institutional Corrections","Annie A. Tumitit",9785192474112,6,6,active
3460,"Northern italian Cooking","Moretti Teresa",9787367038624,4,4,active
3461,"Notes and Activities for Peace Education","Lourdes Rifareal- Cadeno",9786761125848,2,2,active
3462,"Notes and Cases on the Revised Penal Code","Leonor D. Boado",9783300805636,1,1,active
3463,"Notes Compilation In Automotive Technology",Unknown,9788292482872,4,4,active
3464,"Notes from the Mother of the Bride","Sherri Goodall",9782107883120,1,1,active
3465,"Nothing Burn in Hell","Farmer Philip Jose",9783654852201,2,2,active
3466,"Novel Intranet Ware: Comprehesive Guide","Health C. Ramsey",9782019708429,2,2,active
3467,"Now and Forever","Danielle Steel",9784162796360,2,2,active
3468,"Now and Then","Castle Roy",9781295551002,2,2,active
3469,"Now I Can Die in Peace","Simmons Bill",9781081948429,2,2,active
3470,"Now Were Cooking",Unknown,9786230036071,1,1,active
3471,"Now You Know","Kitty Bukakis",9782350283036,1,1,active
3472,"NSTP 1","Michelle D. Punzalan",9784243753916,9,9,active
3473,"NSTP 1","Leudane L. Loñez",9789280916638,7,7,active
3474,"NSTP 2",Unknown,9786696874033,4,4,active
3475,"NSTP Handbooks","Rovel A. Longinos",9780454410617,5,5,active
3476,"NSTP- CWTS 1","Herminigildo Villasoto",9786497008446,7,7,active
3477,"NSTP- CWTS 2","Herminigildo Villasoto",9785801517643,10,10,active
3478,"NSTP- CWTS 2","Sonia Gasilla Dela Cruz",9789628092413,5,5,active
3479,"Number Theory A Primer","Dio Ryan V.",9785050969965,4,4,active
3480,"Numerical Methods for Engineers","Chapra Steven",9783152552320,4,4,active
3481,"Numerical Methods for Engineers and Scientists..","Esfandiari Ramin s.",9788058837748,5,5,active
3482,"Numerical Methods for Scientific Computing","Novak Kyle A.",9785404762532,5,5,active
3483,"Nurses Pocket Guide","Marilynn E. Doenges",9785011152559,8,8,active
3484,"Nursing 2008 Drug Handbook",Unknown,9782778882606,2,2,active
3485,"Nursing Ethics across the Curriculum…","Janie B. Butts",9781748903044,5,5,active
3486,"Nursing Process","Wanda Walker",9788809718616,2,2,active
3487,"Nutrition and Diet Theraphy","Adele Jamorabo- Ruiz",9782293554590,2,2,active
3488,"Nutrition and Diet Theraphy for Nursing","Adele Jamorabo- Ruiz",9780559675775,1,1,active
3489,"Nutrition Made Incredibly Easy","Lippincott Williams",9789113798301,8,8,active
3490,"O- Chemistry Observing Chemistry","Gil Nonato S. Santos",9785762745116,2,2,active
3491,"Object - Oriented Software Engineering","David C. Kung",9780895897015,7,7,active
3492,"Object Oriented Programming","3G E-Learning",9782213368962,6,6,active
3493,"Object-Oriented and Classical Software","Stephen R. Schach",9780834761285,4,4,active
3494,"Objective Questions Engineering Science and Allied Subjects","Bayon Roy Anthony",9789899307469,9,9,active
3495,"Obliviously on the Sails","Trillin Calvin",9781399799270,1,1,active
3496,"Obstetrics and Gyneology","Gerald Zatuchini",9785603387888,4,4,active
3497,"Of A Feather","Weidensaul Scott",9782858986811,2,2,active
3498,"Of Blood and Hope","Pisar Samuel",9783976309001,2,2,active
3499,"Of Paradise and Power","Kagan Robert",9783794999446,2,2,active
3500,"Of Parrots And People","Tweti Mira",9787444107694,2,2,active
3501,"Of thee I Zing","Ingraham Laura",9786265434750,1,1,active
3502,"Office 2000","Sarah E. Hutchinson",9786043598391,1,1,active
3503,"Office Management and Automation","Lydia R. Galera",9785907996588,8,8,active
3504,"Office Management Principles And Practices","Miranda & Goo",9785783756818,10,10,active
3505,"Office Productivity","Lesley Abe",9787843407302,7,7,active
3506,"Office Productivity C",Unknown,9781776135004,7,7,active
3507,"Oganized Crime Investigation","Garcia Mario",9788836922338,7,7,active
3508,"Oil Rig Roughneck","Geoffrey Horn",9784033699950,2,2,active
3509,"Old Teastament",Unknown,9788502312654,5,5,active
3510,"Old Testament Gospel Doctrine Teacher's Manual",Barrett,9782735514977,5,5,active
3511,"Olive, The Other Reindear.","Walsh Vivian",9784903223476,5,5,active
3512,"Omnibus Electon Code of the Philippines","Jose Agaton R. Sibal",9781469509358,7,7,active
3513,"On Baking","Sarah R. Labensky",9785570200616,6,6,active
3514,"On Cooking","Sarah R. Labensky",9784136445942,2,2,active
3515,"On Golf","Michael Parkinson",9786121893912,2,2,active
3516,"On Ireland","Cecil King",9787065076126,1,1,active
3517,"On the Home Front",Unknown,9782830564464,1,1,active
3518,"On the Origins of Sports","Belsky Gary",9785304555593,8,8,active
3519,"On The Seventh Day","T.D Jakes",9780263560770,2,2,active
3520,"On- the -Job Training Manual of Operations","Garcia Mario",9788943327637,7,7,active
3521,"One Christmas Eve",Mysurgeon,9784600823696,1,1,active
3522,"One Helluva Ride","Clarke Liz",9782690222092,2,2,active
3523,"One- On- One","Walterip Darrell",9785506179061,2,2,active
3524,"Oolong Dead","Childs Laura",9780151200399,2,2,active
3525,"Open Book","Bullard Mike",9784490769722,1,1,active
3526,"Open Economy microeconomics","Rudiger Burnbush",9786218333918,1,1,active
3527,"Open Highways","Highways Open",9789692105309,1,1,active
3528,"Operating System","Ann Mclever Mchoes",9781226008223,7,7,active
3529,"Operating System Concept","Peter B. Gavin",9783774270541,8,8,active
3530,"Operating System Word Processing &…","Arlene R. Penaflorida",9788578872823,8,8,active
3531,"Operating System, Word Processing and Craeting Presentaion","Arlene R. Penaflorida",9786322801266,1,1,active
3532,"Operating Systems","Ann Mclver Mcltoes",9788044665898,8,8,active
3533,"Operating Systems","Ida M. Flynn",9782476096060,6,6,active
3534,"Operating Systems","Palmer Michael E.",9784724525735,10,10,active
3535,"Operation Management","Jay Hazier",9788747788405,7,7,active
3536,"Operation Mangement","Jay Heizer",9780946577705,2,2,active
3537,"Operations Management","Jay Heizer",9781298897282,2,2,active
3538,"Operations Management","Thompsob George",9782680928263,6,6,active
3539,"Operations Management in Tourism & Hospitality Industry","Augusto R. Matias",9781641700535,9,9,active
3540,"Operations Management in Tourism and Hospitality","John Paul Guevarra",9787186056687,10,10,active
3541,"Operations Manual",Unknown,9780316647953,8,8,active
3542,"Operations Research for Business Management","Lorma S.L. San Pedro",9782798312428,1,1,active
3543,"Optimal Nutrition for Optimal Health","Levy Thomas E.",9783541601998,2,2,active
3544,"Oral Communication for Senior High School","Hermosa Angelina Lourdes S.",9789848087015,4,4,active
3545,"Organic Chemistry","Robert Thornton Marrison",9780867152074,2,2,active
3546,"Organic Chemistry","Smith Janice Gorzynski",9781074043360,7,7,active
3547,"Organization and Management","Santos Emmanuel T.",9789579672467,8,8,active
3548,"Organization and Management fro Senior...","Flores Marivic F.",9780511090073,4,4,active
3549,"Organization Develoopment","Marivic Flores",9781785020506,4,4,active
3550,"Organization Development Behavioral","Wendell L. French",9785497239201,1,1,active
3551,"Organizational Behavior","John W. Newstrom",9780297599746,4,4,active
3552,"Organized Crime","Howard Abadinsky",9787539659749,9,9,active
3553,"Organized Crime Investigation","Garcia Mario A.",9782526942040,6,6,active
3554,"Organized Crime Investigation, A Lecture Series","Mario A. Gracia",9786415374059,4,4,active
3555,"Orgnization Development","Wendel French",9783379376693,1,1,active
3556,"Oriental Antique Art","Sandra Andacht",9789768160850,10,10,active
3557,"Orthodontics 2000",Unknown,9787174905843,6,6,active
3558,"Orthopedic and Surgical Conditions",Unknown,9788814499081,2,2,active
3559,"Orthopedic Boards Revers II","Timothy S. Loth",9783586240572,4,4,active
3560,"Orthopedic Nursing Manual","Artemio Buitre",9784509998631,2,2,active
3561,"Orthopedic Secrets","David Brown",9784535279117,1,1,active
3562,"Osler's Web","Johnson Hillary",9781085184663,1,1,active
3563,"Our English Languages",Unknown,9789859321351,8,8,active
3564,"Our Experience of Language","Nash Walter",9781830734808,2,2,active
3565,"Our Kind","Kate Walbert",9782264259721,1,1,active
3566,"Our Plant - Our Wealth","Pedro A. Rodrigo",9785548298782,1,1,active
3567,"Out of Bounds","Simmons Roy",9789214749844,1,1,active
3568,"Out of the Blue","Hershiser Orel",9784604293716,2,2,active
3569,"Out Rage","Bugliosi Vincent",9788472146174,2,2,active
3570,"Out to Share","Jeremias V. Montemayor",9787580452924,1,1,active
3571,"Outcome Assesment in Advanced Practice Nursing","Kleinpell Ruth M.",9787698897983,2,2,active
3572,"Outcome Assessment in Advanced..","Kleinpell Ruth M.",9787544584746,2,2,active
3573,"Outcomes-Based Practical Guide to Thesis","Lavina Charlemagne",9783401929361,4,4,active
3574,"Outline Review in Plitical Law","Antonio Nachura",9785962751931,4,4,active
3575,"Outline Reviewer: Suggested Answer to the Criminology Board Table","Linnet A. Dolinen- Gahar",9786389012483,6,6,active
3576,"Outpatients the Astonishing New World of Med","Issenberg Sasha",9784793656118,6,6,active
3577,"Over the Holidays","Sandra Harper",9786862230700,2,2,active
3578,"Overview of Remedial Law","Victoria A. Avena",9786594805313,9,9,active
3579,"Overview of Sequential Circuit and Logics","Burke Andrew",9780227433034,7,7,active
3580,"Oxide Films","K. R. Herbert",9782718624471,2,2,active
3581,"P.E 3 Individual Dual Sports","Doris D. Tulio",9785631121386,10,10,active
3582,"Pa Grape's Shapes","Phil Vischer",9787828780666,1,1,active
3583,"Pabigkas at Pagsulat na Pakikipagtalstasan","Elionita D. Mendoza",9785459858662,4,4,active
3584,"Padalubhasang Pagbasa at Pagsulat","Veneranda S. Lacduca",9785654180285,1,1,active
3585,"Paella Recipe",Unknown,9785212886697,1,1,active
3586,"Pagbasa at Pagsulat sa Iba't ibang Disciplina","Orlando B. Magno",9785946998420,1,1,active
3587,"Pagbasa at Pagsulat sa Iba't ibang Disciplina","Myrna A. Torreliza",9788284705200,8,8,active
3588,"Pagbasa at Pagsulat sa Iba't ibang Disciplina","Carmilta Lorenzo",9781329887121,5,5,active
3589,"Pagbasa at Pagsulat sa Iba't ibang Disciplina","Alcomtiser P. Tumangan",9782036686427,1,1,active
3590,"Pagbasa at Pagsulat sa Ibat'Ibang ..","Zenaida M. Mendoza",9787862685279,2,2,active
3591,"Pagbasa at Pagsulat Tungo sa Mabisang ..","Romeo P. Gonzalo Jr.",9788760320873,5,5,active
3592,"Pagbasa at Pagsulat Tungo sa Pananaliksik","Violeta S. Dulatre",9788347106289,2,2,active
3593,"Pagbasa at Pagsulat tungo sa Pananaliksik","Orlando B. Magno",9783455735628,5,5,active
3594,"Pagbasa at Pagsulat tungo sa Pananaliksik","Lededica P. Leyson",9782770045351,5,5,active
3595,"Pagbasa at Pagsulat Tungo sa Pananaliksik","Teresita T. Galang",9785973027322,8,8,active
3596,"Pagbasa at Pagsulat Tungo sa Pananaliksik","Irma V. Ugot",9788570424020,5,5,active
3597,"Pagbasa at Pagsulat Tungo sa Pananaliksik","Castillo Mary Joy",9785546893972,6,6,active
3598,"Pagbasa at Pagsusuri sa ibat ibang teksto..","Gonzales Romeo Jr.",9780411678814,7,7,active
3599,"Paglaum sa Yuta, Pagpahiuli sa Tawo","Reuben P. Moralde",9789646738652,2,2,active
3600,"Pairing Wine & Food","Linda Ronson Bell",9789044846737,2,2,active
3601,Palnned,Unknown,9782291248958,1,1,active
3602,"Panitikan ng Pilipinas","Jose A Arrogante",9788770062398,6,6,active
3603,"Panitikan ng Pilipinas","J. Villa Panganiban",9785994264072,2,2,active
3604,"Panitikan para sa Mataas na Paaralan","Federico B. Sebastian",9780895301208,2,2,active
3605,"Panitikang Filipino","Jose A. Arrogante",9783980138710,1,1,active
3606,"Panitikang Filipino Antolohiya","Jose A. Arrogante",9786283356898,10,10,active
3607,"Panitikang Filipino Kasaysayan at …","Erlinda M. Santiago",9785810801535,1,1,active
3608,"Panitikang Pilipino Antolohiya","Jose A. Arrogante",9787435670275,1,1,active
3609,"Panty Shots","Hellmich Mittie",9782871565963,2,2,active
3610,"Parole Rules Probation Law and Executive….","Santos- Padua Janette B.",9787945759590,2,2,active
3611,"Partnership and Corporation Accounting","Win Lu Ballada",9785505536292,8,8,active
3612,"Parts Per Million","Joy Honowitz",9787148541831,1,1,active
3613,"PASCAL Problem Solving and Program","Elliot B. Koffman",9785252520780,8,8,active
3614,"Pascal Programming Made Simple","Evangeline Madrid- Hirata",9781651192146,1,1,active
3615,"Passing for Thin","Kuffel Frances",9787445203029,2,2,active
3616,"Past Due","Goodman Peter S.",9786947308829,2,2,active
3617,Patchwork,"Micahel Longley",9780353212442,2,2,active
3618,"Path fith 4 Individual, Dual, Team Sports and Martial Arts","Bryan Ray E. Caban",9782936340948,4,4,active
3619,"PATH-FIT (Arnis)","Francis Jose Dela Cruz",9782180525795,4,4,active
3620,"Pathfit 2 Physical Activities Towards Health and Fitness","Bryan Ray E. Caban",9789900479413,2,2,active
3621,Pathology,"Edward Arnold",9783254601896,1,1,active
3622,Pathophysiology,"Catherine Paradiso",9781343485716,4,4,active
3623,"Patients with Passports Medical Tourism, Laws & Ethics","Cohen I. Glenn",9783996276864,5,5,active
3624,"Patio Daddy-o","Gideon Boskers",9782734211204,1,1,active
3625,"Patriotism and Nationalism","Marry Jane Q. Adra",9782913813014,10,10,active
3626,"Paws Again","Melvin Maureen",9789480298909,2,2,active
3627,"Pay Bed","Bentley Nicolas",9789664523193,1,1,active
3628,"Payne at Pinehurst","Chastain Bill",9789908213354,1,1,active
3629,"Payne Stewart","Stewart Tracey",9788317236671,2,2,active
3630,"PC Assembling and Trobleshooting",Unknown,9784171038918,4,4,active
3631,"PC Assembly Troubleshooting & Maintenance","Aguilar Arfel V.",9781874050131,8,8,active
3632,"PC Make Easy A Practical Course",Unknown,9783203449562,9,9,active
3633,"Peace Man A Mother's Journey Through…","Sheehan Cindy",9787148765077,1,1,active
3634,"Peacebound Trains","Balgasi Haemi",9785257231636,2,2,active
3635,Pears,"Janet Hazen",9786037811055,1,1,active
3636,"Pediatric Opthalomogy and Strabismus",Unknown,9780399630668,2,2,active
3637,"Pediatric Pearls","John hopkins",9780059946962,2,2,active
3638,"Pediatric Rehabilitation","Gabriella B. Molnar",9789323370076,2,2,active
3639,"Perfect Weight","Rubin Jordan",9785800971408,1,1,active
3640,Perfick!,Unknown,9783323430655,2,2,active
3641,"Performance and Feminity in Eighteenth-Century","Arons Wendy",9784488839239,2,2,active
3642,"Performance Breakthrough A Radical…","Salit Cathy",9785909722857,7,7,active
3643,Perseverance,"Rubenstein Carolyn",9785854551397,1,1,active
3644,"Personal Development","Macaraan Mary Rose",9781960348234,10,10,active
3645,"Personal Identification","William Revisa",9787883873693,7,7,active
3646,"Personal Identification Techniques","Ariel L. Ayusip",9783238004361,10,10,active
3647,"Personal Identification Techniques","Jeonard Contreras Duno",9787584664866,6,6,active
3648,"Personal Transformation","Kiril Sokoloff",9784163712062,2,2,active
3649,Personality,"Tria Geraldine E.",9781755297761,5,5,active
3650,"Personality Devepment","Ethel Magalona",9781458408112,4,4,active
3651,"Personaloisation in practice","Suzie Franklin",9784157281437,2,2,active
3652,"Personnel and Human Resources Management","Roberto G. Medina",9781168611468,2,2,active
3653,"Personnel and Human Resources Management","Perfecto S. Sison",9783611892608,4,4,active
3654,"Personnel and Human Respurce Management","Roberto G. Medina",9785546542689,2,2,active
3655,"Persons Deprived of Liberty","Flory Flores Sanchez",9786843771406,5,5,active
3656,"Perspecives in Business Ethics","Laura P. Hartman",9784454595664,1,1,active
3657,"Perspective on a Grafted Tree","Patricia Irwin Johnston",9780301196220,1,1,active
3658,"Perspectives on Korean Dance","Zile Judy Van",9782386974212,2,2,active
3659,"Pertinent Laws on Hospitality Management..","Maranan Mario",9787368385093,9,9,active
3660,"Pertinent Laws on Hospitallity Mgnt.","Maranan Mario M",9787093409910,6,6,active
3661,"Pet Pet or Whatever Happened to Doctor..","George Alimpton",9785081136404,2,2,active
3662,"Peter Norton's PC Programmer's Bible","Peter Norton",9784848437709,5,5,active
3663,"Pets Parents Hate!","Day Trevor",9786279595140,1,1,active
3664,"Phiipiine Corporative Finance","Roy C. Ybanez",9782954496696,10,10,active
3665,"Phil. Arbitration and the Uncitral Model Law","Rufus B. Rodgrguez",9784217562759,6,6,active
3666,"Phil. Governance & Constition","Mauro R. Munez Jr.",9788001617342,5,5,active
3667,"Phil. Governance and Constitution","Mauro R. Munoz Jr.",9787945923519,2,2,active
3668,"Phil. Law Enforcement Administration","Richardo M. Guevara",9783832648978,2,2,active
3669,"Phil. Literature in English An Anthopology","Manuel D. Tan",9781001707815,9,9,active
3670,"Phil. Physical Theraphy Licensure Examination","Jeimyll De Castro",9789457613049,1,1,active
3671,"Phil. Standards on Auditing & Phil. Auditing..",Unknown,9789484142352,10,10,active
3672,"Phil. Transfer and Business Taxes","Reyes Vergillio D.",9782833728757,2,2,active
3673,"Philipine Pop Culture","Mary Jean P. Alday",9786798130266,10,10,active
3674,"Philipines Literature in English","Manuel D. Tan",9786477115881,2,2,active
3675,"Philippine Bread","Gonzales Gene",9781870894104,5,5,active
3676,"Philippine Community Life","Monico A. Noprada",9789116114641,2,2,active
3677,"Philippine Conflict of Laws","Edgardo L. Paras",9786119830974,6,6,active
3678,"Philippine Correctional Administration","Danilo L. Tancangco",9784247388527,6,6,active
3679,"Philippine Court and Their Jurisdictions","Camilo D. Quiason",9787748770075,5,5,active
3680,"Philippine Criminal Justice System","Gabao Ramil G.",9782532512183,1,1,active
3681,"Philippine Criminal Justice System","Gracia Mario",9780822679905,10,10,active
3682,"Philippine Criminal Procedure","Ernesto V. Cabrera",9786660286534,8,8,active
3683,"Philippine Culture & Tourism Geography","Mylene Yeung",9783957164681,8,8,active
3684,"Philippine Culture & Tourism Geography","Rene Osorno",9781003709077,5,5,active
3685,"Philippine Culture and Tourism Geography","Rene D. Osorno",9783780886699,4,4,active
3686,"Philippine Culture Manual For Foreigners","Martin Bob",9782070983483,5,5,active
3687,"Philippine Desk Book","H. Lawrence Noble",9789267487625,6,6,active
3688,"Philippine Educational System","Socaro C. Espiritu",9786507445650,8,8,active
3689,"Philippine History","Virlyn Jaime-Francisco",9782676541988,7,7,active
3690,"Philippine History and Constitution","Ronald M. Corpuz",9788179477953,1,1,active
3691,"Philippine History and Government","Mariano M. Ariola",9780345220264,4,4,active
3692,"Philippine History Module- Based Learning","Rebecca Romilo Ongsotto",9786930326458,5,5,active
3693,"Philippine History with Politics and Governance","Ronald M. Corpuz",9785733090740,5,5,active
3694,"Philippine Indigenous Communities","Paulo Manuel L. Macapagal",9780635168528,10,10,active
3695,"Philippine Language Series Book Six",Unknown,9782476751259,9,9,active
3696,"Philippine Law Dictionary","Federico Moreno",9788379900534,9,9,active
3697,"Philippine Law Enforcement Administration","Felipe S. Bautista",9786933276330,7,7,active
3698,"Philippine Law Enforcement Administration","Ricardo M. Guevara",9782285628377,6,6,active
3699,"Philippine Law Enforcement Admin…","Guevara Ricardo M.",9783722593104,1,1,active
3700,"Philippine Literature",Unknown,9783700894230,1,1,active
3701,"Philippine Literature A History & Anthology","Bienvenido Lumbera",9780370433332,6,6,active
3702,"Philippine Literature A Tertiary Textbook for Lit. I",Unknown,9781883845612,9,9,active
3703,"Philippine Literature An Intoduction to Poetry…",Unknown,9785780473718,1,1,active
3704,"Philippine Literature An Introduction to Poetry..",Unknown,9788517696800,8,8,active
3705,"Philippine Literature for College Students","Lualhati B. Sanchez M.",9784554421573,2,2,active
3706,"Philippine Literature from Ancient Times to Present","Teofila De Castillo",9788379264056,9,9,active
3707,"Philippine Military Law ( Annotated )","Claro C. Gloria",9782739688599,5,5,active
3708,"Philippine Political Law","Isagani Cruz",9784288390398,5,5,active
3709,"Philippine Tourism Laws","Danny Araneta Cabulay",9789978331507,7,7,active
3710,"Philippine Tourism Laws II","Danny Araneta Cabulay",9782198596558,5,5,active
3711,"Philippine Tourism Laws Laws II","Cabulay Danny Araneta",9781025066684,10,10,active
3712,"Philippine Transfer & Business Taxation",Unknown,9780673476715,2,2,active
3713,"Philippines Correctional Administration","Tancangco Danilo L.",9784998632894,10,10,active
3714,"Philippines Journalism Handbook","Ramirez Jaime B.",9789103852426,2,2,active
3715,"Philisophy of Education: A Collection of Essay","Evelina M. Orteza",9787622155967,10,10,active
3716,"Philisophy Of Man","Corazon L. Cruz",9787439639940,1,1,active
3717,"Philosophy of Man","Manuel B. DY. Jr.",9789403895543,2,2,active
3718,"Philosophy of Man","Mariano M. Ariola",9785653170874,2,2,active
3719,"Philosophy of Man for Nursing","Reynaldo A. Padilla",9780021027361,1,1,active
3720,"Philosophy of Man: The Existential Drama","Maboloc Christopher Ryan B.",9786325673228,9,9,active
3721,"Philosophy of Parables Values Education..","Florentino Tejero Timbreza",9783487493916,9,9,active
3722,"Philosophy of the Human Person","Isagani N. Nazareno",9786019109040,7,7,active
3723,Phoenitics,Unknown,9786073264471,2,2,active
3724,"Photo School","Michael Freema",9787859541762,1,1,active
3725,"Photographic Lab Handbook","John S. Carroll",9789093716456,1,1,active
3726,"Photographic lenses and Shutters","Richard W. St. Clair",9780457346692,1,1,active
3727,"Photographic Licenses and Shuthers","Richard W. St. Clair",9784733878051,2,2,active
3728,"Photographing Children","Artemio I. Panganiban",9788905665180,1,1,active
3729,"Photographing Nature","Artemio I. Panganiban",9787847719883,1,1,active
3730,"Photography Art and Technique","Alfred A Blaker",9787434509682,1,1,active
3731,"Photography as a Tool","Artemio I. Panganiban",9789380625027,2,2,active
3732,"Photography in Focus","Artemio I. Panganiban",9780899646923,1,1,active
3733,"Photography Today for Personal Expression","Lou Jacobs Jr.",9783435486953,2,2,active
3734,"Photoshop Tips and Tricks","Mherry- Ann Andes",9781215603873,1,1,active
3735,"PHP and Me SQL","Vikram Vaswani",9780880354691,1,1,active
3736,Phsysiology,"Robert M. Berne",9786604903763,2,2,active
3737,"Physical Acitivity Towards Health and Fitness","Mary Grace M. Bulatao",9787476911610,6,6,active
3738,"Physical Acitivity Towards Health and Fitness I","John Lawrence T. Ambrocio",9782150396554,5,5,active
3739,"Physical Acitivity Towards Health and Fitness II","Mary Grace M. Bulatao",9786819004156,8,8,active
3740,"Physical Activities Towards the Health and Fitness","Meynardo L. Ballacer",9789333528665,8,8,active
3741,"Physical Activity  Towards Health & Fitness 4","Dr. Michelle D. Punzalan",9781385500293,4,4,active
3742,"Physical Activity Towards Health & Fitness","Mary Joy B. Catagui",9787380101244,2,2,active
3743,"Physical Activity Towards Health and FItness (PATH-FIT DANCE)","Mary Grace Medina",9785718158069,10,10,active
3744,"Physical Activity Towards the Health and Fitness( PATHFIT 1)","Dr. Michelle D. Punzalan",9781949991369,9,9,active
3745,"Physical Antropology 92/93",Unknown,9785055191934,9,9,active
3746,"Physical Diagnosis","Mark H. Suarez",9789687186719,10,10,active
3747,"Physical Diagnosis","Mahlon H. Delf",9780804929325,2,2,active
3748,"Physical Education 1","John Paul R. Domingo",9788507196129,10,10,active
3749,"Physical Education 1 for College","Doris D. Tolio",9783213495221,1,1,active
3750,"Physical Education 2 for College","Doris D. Tolio",9789400371774,4,4,active
3751,"Physical Education 2 Rhythm & Dance","Concordio de Dios",9788856274806,6,6,active
3752,"Physical Education 3 for College","Tulio Doris D.",9786112620305,2,2,active
3753,"Physical Education 4 for College","Tulio Doris D.",9789516571211,2,2,active
3754,"Physical Education and Sport","Malcolm Tozer",9788601811232,4,4,active
3755,"Physical Fitness : For College Freshmen","Virginia D. Oyco",9789933025595,10,10,active
3756,"Physical Medicine and Rehabilitation","John A Schuchman",9789206231456,2,2,active
3757,"Physical Medicine and Rehabilitation","Ralp M. Busch Bachor",9786889109614,8,8,active
3758,"Physical Rehabilitation Assessment & Treatment","Susan B.O'Sullivan",9786804505217,8,8,active
3759,"Physical Science","Cadiz Arlon P.",9782036081642,1,1,active
3760,"Physical Theraphy Administration & Management","Robert J. Hictor",9788044608192,1,1,active
3761,"Physical Theraphy Administration and Management","Robert J. Hickok",9781408346952,2,2,active
3762,"Physical Theraphy Management An Integrated ..","Jane Walter",9784950609582,6,6,active
3763,Physics,"Gary B. Coronado",9786274566985,4,4,active
3764,Physics,"Delia Cordero - Navaza",9789859074295,1,1,active
3765,Physics,Jackson,9781429049573,6,6,active
3766,"Physiological Anthropological & Sociological","Alicia S. Bustos",9786253847661,2,2,active
3767,Physiology,"Robert M. Berne",9781953016478,8,8,active
3768,Physiology,"Charles H. Tadlock",9788617468598,1,1,active
3769,"Pickie Birds Britain","Bind Dickie",9782629761166,1,1,active
3770,"Pictures of a Childhood","Miller Alice",9782866034986,2,2,active
3771,"Pie Recipe",Unknown,9784689670167,1,1,active
3772,"Pigment handbook","John Wiley & Sons",9786277402150,6,6,active
3773,"Pigs at the Trough","Ariana Bauman",9782312524238,2,2,active
3774,"Pink & Purple Books for Women",Unknown,9782560085895,6,6,active
3775,"Pizza Recipes",Unknown,9789617215052,2,2,active
3776,"PL Design (Minc Incorporated)",Unknown,9782053531311,10,10,active
3777,Plainsong,"Haruf Kent",9785605993421,2,2,active
3778,"Plane and Solid Mensuration Worktext","Mateo Rhea R.",9782210912946,1,1,active
3779,"Plane And Spherical Trigonometry","Paul R. Rider",9783141408782,6,6,active
3780,"Plane and Spherical Trigonometry","Baltazar Ethel Cecille",9784377982404,5,5,active
3781,"Plane and Spherical Trigonometry","Wheeler H.N.",9782116823131,10,10,active
3782,"Plane and Spherical Trigonometry Text/Workbook","Baltazar Ethel Cecille M.",9789981810099,2,2,active
3783,"Plane and Spherical Trigonometry with Application","William L. Hart",9782426578967,7,7,active
3784,"Plane Trigonometrt a Modern Approach","Gabuyo Yonardo A.",9783558774524,10,10,active
3785,"Plane Trigonometry","Fred W. Spark",9783488823729,2,2,active
3786,"Plane Trigonometry","Carpio Joy N.",9784422535111,6,6,active
3787,"Plug-in-Play Masiac for Windows","Angela Gunn",9788828050346,2,2,active
3788,"Plumbing Designs and Esimate","Max B. Fajardo Jr.",9785388287205,6,6,active
3789,"PNP Investigative Manual","Raul S. Imperial",9787676660820,2,2,active
3790,"PNP Manual Criminal Investigation",Unknown,9784587120757,2,2,active
3791,"Pocket Wine Guide 2006","Oz Clarke's",9781368593151,1,1,active
3792,"Pocket Wine Guide 2007","Oz Clarke's",9786210741445,1,1,active
3793,"Pointers in Business Law dor CPA Reviewers","Carlos B. Suares",9780106144525,5,5,active
3794,"Poject Management for Engineering, Business","3G E- Learning",9789645744333,8,8,active
3795,"Police : The Law Officer Magazine",Unknown,9789971153335,4,4,active
3796,"Police Administration","James J. Fyle",9789729697012,2,2,active
3797,"Police Administration","James J. Tyfe",9780343449971,1,1,active
3798,"Police Administration, Organization..","Tancangco Danilo L.",9788586188817,6,6,active
3799,"Police Community Relations","Adelene Maghinay Florendo",9787860215997,10,10,active
3800,"Police Correspondence and Issuances","Isabel Lucinario Hurboda",9787943763827,5,5,active
3801,"Police Ethics and Police Community Relation","Adelene Maghiway Florendo",9784903312224,2,2,active
3802,"Police Ethics and Police Community Relations","Adelene Maghinay Florendo",9789548070478,5,5,active
3803,"Police Ethics and Police Community…","Florendo Adelene M.",9781483687476,1,1,active
3804,"Police Examination Learning Express NAPOLCOM","Rommel K. Manwong",9787407036665,7,7,active
3805,"Police Field Operation","Thomas F. Adams",9785600762282,10,10,active
3806,"Police Handgun Manual","Bill Clede",9781282193864,1,1,active
3807,"Police Intelligence and Secret Service","Mario A. Garcia",9787847264390,1,1,active
3808,"Police Intelligence and Secret Service","Dean Ricardo M. Guevara",9783045969204,5,5,active
3809,"Police Intelligence and Secret Service","Salamanca Bayani H.",9786604853129,7,7,active
3810,"Police Organization & Administration","Sam S. Sourgal",9784435849816,1,1,active
3811,"Police Organization & Administration W/ Police…","Ricardo M. Guevara",9788465124219,1,1,active
3812,"Police Organization & Administration..","Guevara Richardo M. .",9786378170484,4,4,active
3813,"Police Organization and Administrartion","Dr. Fernando B. Padduyao",9786481165957,1,1,active
3814,"Police Organization And Administration","Guevara Ricardo M.",9788594219374,6,6,active
3815,"Police Organization and Administration","Padduyao Fernando B.",9783136365977,8,8,active
3816,"Police Organization and Administration With..","Guevara Ricardo M.",9787676877754,5,5,active
3817,"Police Patrol Operations & Communications…","Florendo Adelene M.",9783586134178,8,8,active
3818,"Police Patrol Operations and Communications...","Florendo Adelene M.",9789195380883,6,6,active
3819,"Police Patrol Plans and Operations w/ Police","Ricardo M. Guevara",9784267233999,10,10,active
3820,"Police Patrol Plans and Operations w/ Police …","Mario A. Gracia",9787615001110,4,4,active
3821,"Police Patrol Plans and Operations…","Garcia Mario A.",9789154804429,5,5,active
3822,"Police Personnel and Record Management","Badua Jonah",9783647921495,9,9,active
3823,"Police Personnel and Records Managements","Badua Jonah Barayuga",9781086164794,1,1,active
3824,"Police Photography","Dalmocio Delos Reyes",9784991573804,1,1,active
3825,"Police Photography","Sanm J. Samsone",9787996736724,2,2,active
3826,"Police Photography","Bulan Ma. Elizabeth C.",9789610237266,1,1,active
3827,"Police Photography","Nestor C. Nabe",9783205869979,6,6,active
3828,"Police Planning","D.W. Wilson",9784597155794,5,5,active
3829,"Police Planning and Operation","Florendo Adelene M.",9782770115498,5,5,active
3830,"Police Procedural","Russel Bentliff",9787732609688,4,4,active
3831,"Police Professional Conduct and Ethical Standard","Arlyn M. Dascil",9786888861087,6,6,active
3832,"Police Report Writing","Balares Marilyn",9789735867942,6,6,active
3833,"Police System & Practices","Barker Thomas",9783644702639,1,1,active
3834,"Policies and Persons a case book in Business Ethics","Kenneth E. Godpaster",9787676596457,5,5,active
3835,"Political and Governance","Rodrigo D. Costales",9786694947159,2,2,active
3836,"Politics and Governace with Philippine...","Penaflor Lito A.",9783474502409,6,6,active
3837,"Politics and Governance","Rodrigo D. Costales",9785377290841,10,10,active
3838,"Politics and Governance w/ Phil. Sonstitution",Unknown,9788965394501,9,9,active
3839,"Politics and Government","Paul Micah S. Francisco",9787548078050,1,1,active
3840,"Politics: Governance and Government w/ Philippine Constitution","Roman R. Dannug",9788338569321,1,1,active
3841,"Polygraph Expanded","Mary Grace B. Malawis-Ignacio",9789136964806,9,9,active
3842,"Polygraph Techniques","Rey S. Lotivo",9784073730415,9,9,active
3843,Polygraphy,"Caballero Nicholas S.",9780632405107,6,6,active
3844,"Polygraphy : The Art and Science of Lie..","Nicholas S. Caballero",9782658387962,10,10,active
3845,"Polygraphy Lie Detection","Adelene Maghinay Flerenda",9783467464660,1,1,active
3846,"Polygraphy Lie Detection","Revisa Willaim A.",9780332739977,9,9,active
3847,"Polygraphy Lie Detection","Villaluz Joner",9781592094103,6,6,active
3848,"Polygraphy: The Art and Science of Lie Detection","Manwong Rommel K.",9780276078194,1,1,active
3849,"Polygraphy: The Art Science of Lie Detection","Manwong Rommel K.",9781648497797,6,6,active
3850,"Pond Fish","Quik Graham",9783833061448,2,2,active
3851,"Popcorn & More",Unknown,9785754789357,1,1,active
3852,"Popular Modernity in America","Carroll Michael Thomas",9785260270684,1,1,active
3853,"Population Growth Estimation","Eli S. Marks",9785670718127,2,2,active
3854,"Port Operation and Management","Capt. Florencio T. Ventosa",9782361391232,8,8,active
3855,"Post Cards from the Edge","Carrie Fisher",9787459984136,2,2,active
3856,"Postolates in Contitutional Law 1","Angel Aquirre",9787687058074,1,1,active
3857,"Poultry From The Farm To Your Table","Harmon Daniel E.",9780651064071,1,1,active
3858,"Power Electronics Applied to Industrial…","Patin Nicolas",9787838478485,4,4,active
3859,"Power Electronics Emerging Technologies…","Willis Maurice",9780348573657,5,5,active
3860,"Power Generation Distribution Applications….","Marini Lauren",9780449272800,2,2,active
3861,"Power Generation Technology","Breeze Paul",9780317883640,8,8,active
3862,"Power in The Blood","May John Bentley",9781678598440,1,1,active
3863,"Power Plant Engineering","Morse Frederick T.",9780889593039,6,6,active
3864,"Power Plant Engineering","Nag P.K",9780756052690,5,5,active
3865,"Power Play","Mc Caffrey Anne",9781523029990,1,1,active
3866,"Power System Analysis","3G E- Learning",9786330923561,7,7,active
3867,"Power System Analysis and Design","Duncan Glover",9784030799158,6,6,active
3868,"Power System and Renewable Energy","Price Gary",9780273201298,6,6,active
3869,"Power To The People","Ingraham Laura",9783185004230,2,2,active
3870,"Powerful Medicines","Jerry Avorn",9788206820486,1,1,active
3871,"Powerful Social Literacy A Whole Child","Brophy Jere",9781093054842,10,10,active
3872,"Practial Electronics Transformer Rewinding","Marconi S. Pagarigan",9787385779738,9,9,active
3873,"Practical Accounting 2","Pedro P. Guerero",9788245538151,8,8,active
3874,"Practical Accounting 2","Angelito R. Punzalan",9781827238265,10,10,active
3875,"Practical Applications For Criminal Justice Statistics","M.L. Danzker",9782951852556,6,6,active
3876,"Practical Auditing","Bijasa Zenaida S.",9787688155901,9,9,active
3877,"Practical Computer Programming","Emily Jones",9780819695444,5,5,active
3878,"Practical Criminal Investigation","Manuel S. Pena",9788761504883,9,9,active
3879,"Practical Food & Beverage Cost Coastal","Clement Ojugo",9789150892444,6,6,active
3880,"Practical Food and Beverages Cost Control","Clement Ojugo",9784035076957,7,7,active
3881,"Practical Guide to Thesis and Capstone Project","Charlemagne Lavina",9785935588106,6,6,active
3882,"Practical Homicide Investigation","Vernon J. Geberth",9782277547778,8,8,active
3883,"Practical Math Applications","Burton Sharon",9784592541233,2,2,active
3884,"Practical Reaserch 2 Quantitative Reaserch","Francisco Paul Micah",9782493797902,2,2,active
3885,"Practical Research 2: Quantitative","Paul Micah Francisco",9787045594848,1,1,active
3886,"Practical Speech Fundamentals","Eugene E. White",9786741662394,8,8,active
3887,"Practice in Land Title and Deeds","Ambrosio R. Blanco",9786712559357,6,6,active
3888,"Practicum Manual for Criminology Interns..","Narra Donald Barroga",9782767490645,1,1,active
3889,"Practicum Manual for Tourism and Hospitality Management","Reymar C. Taoing",9782272765313,4,4,active
3890,"Practicum Training Record Book","Grayfield T. Bajao",9785134170058,6,6,active
3891,"Praise of Harvest","Tim Crace",9785583455959,2,2,active
3892,"Prayer and Sarifice","Albert E. Boorke",9786216833571,2,2,active
3893,"PrayerFrom The Ark","Godden Rumer",9786808950495,2,2,active
3894,"Pre Calculus for Senior High School","Sarmiento felipe M.",9780860431718,1,1,active
3895,"Pre- Algebra Mathematics","Lieblich Gerald S.",9785785219793,6,6,active
3896,"Pre- Bar Reviewer in Labor and Social Legislation","Ruperto G. Martin",9783686093160,5,5,active
3897,Pre-Calculus,"Joel T. Lao",9788988850107,4,4,active
3898,"Pre-Calculus Mathematics","Merill E. Shanks",9785839111530,2,2,active
3899,Prealgebra,"Jamie Blair",9780264009339,1,1,active
3900,"Precalculus Mathematics","Franklin Demana",9789637902031,1,1,active
3901,"Pregnancy & Childcare","Jenny King",9788218893843,2,2,active
3902,"Prelude To Terror","Helen Macinnes",9787816766344,2,2,active
3903,"Prentice Hall Geometry","Kalin Robert",9782083481242,10,10,active
3904,"Prentice Hall Literature Bronze","Prentice Hall",9786647426441,1,1,active
3905,"Prentice Hall Literature Silver","Prentice Hall",9784783279662,1,1,active
3906,"Preparing for Church Ministry","Alfred C. Hughes",9787958187748,1,1,active
3907,"Present in the Past Source Problems in American History","Armin Rappaport",9789924687146,2,2,active
3908,"Primal Fear","Diehl William",9786939953150,2,2,active
3909,"Primary Colors",Anonymous,9786642394028,2,2,active
3910,"Primary English Teaching Thoery & Practice","Medwell Jane",9786908964965,9,9,active
3911,"Primary Health Care","Romeo M. Albornoz",9786811822925,2,2,active
3912,"Primer In Industrial Security","Manwong Rommel K.",9782468722038,5,5,active
3913,"Primer in Industrial Security Management","Rommel K. Manwong",9783378406131,7,7,active
3914,"Primer to the Philippine CJS","Ricardo M. Guevara",9786748578308,8,8,active
3915,"Primer to the Philippine Criminal Justice System","Ricardo M. Guevara",9785596576573,6,6,active
3916,"Princiles of Organic Chemistry","C.Y Lim Sylianco",9788005512674,2,2,active
3917,"Principle and Ethics of Tour Guiding","Zenaida L. Cruz",9784494363278,2,2,active
3918,"Principle of Teaching 1","De Ocampo- Aceron Victoria",9785614653446,4,4,active
3919,"Principle of Tourism 1","Bven Santos",9780042186740,5,5,active
3920,"Principle of tourism part 2","Zenaida L. Cruz",9781520351919,7,7,active
3921,"Principles & Application of Optical…","Max Ming-kang Lu",9788505651330,8,8,active
3922,"Principles & Ethics of Tour Guide","Frederic A. Russell",9788508143221,2,2,active
3923,"Principles & Ethics of Tour Guiding","Zenaida Lansangan Cruz",9786632790427,2,2,active
3924,"Principles & Practice of Criminalistics","Keith Inman",9783810608918,1,1,active
3925,"Principles & Practices of Management & Org.","Samuel Mejia Salvader",9780052291847,2,2,active
3926,"Principles & Process","Ebos Frank",9787496599058,6,6,active
3927,"Principles and Application of Electrical","Rizzoni Giorgio",9782702599617,10,10,active
3928,"Principles and Applications of Electrical Engineerings","Giorgio Rizzoni",9784358304072,4,4,active
3929,"Principles and Applications of Optical…","Max Ming-Kang Liv",9785130610923,7,7,active
3930,"Principles and Concept of Database Management","Mitchell Penn",9781689745376,5,5,active
3931,"principles and Ethics of Tour Guiding","Zenaida Lansangan Cruz",9784732043191,4,4,active
3932,"Principles and Methods of Research","Mariano M. Ariola",9787431266656,1,1,active
3933,"Principles and Methods of Teaching",Unknown,9780233616551,2,2,active
3934,"Principles and Methods of Teaching","Amparo s. Lardizal",9786247555268,1,1,active
3935,"Principles and Methods of Teaching","Herman S. Gregorio",9782036702752,2,2,active
3936,"Principles and Practice of Criminalistics","Keith Inman",9780056870697,4,4,active
3937,"Principles and Practices of Management …","Samwvel Mejia Salvador",9785711218166,1,1,active
3938,"Principles and Practices of Sport Management","Lisa P. Masteralexis",9789323539336,7,7,active
3939,"Principles and Practices of Teaching","Calderon Jose",9785484951659,4,4,active
3940,"Principles and Scopes of Tourism","Dr. Romeo D. Lim",9780794321833,7,7,active
3941,"Principles of Automative Gas & Diesel…","Felizardo Y. Francisco",9782426468558,4,4,active
3942,"Principles of Bar Service Operations","Joseph Linford A. Ditan",9789020411546,1,1,active
3943,"Principles of Computer Architecture","Bermann Earl",9788051093349,8,8,active
3944,"Principles of Criminology","Edwin H. Sutherland",9785336330571,7,7,active
3945,"Principles of Economics","Dr. Ramon Benedicto N. Marcelino",9785437009840,9,9,active
3946,"Principles of Economics ( W/ Taxation …..)","Marcelino, Ramon Benedicto",9786437702175,1,1,active
3947,"Principles of Economics w/ Taxation","Marcelino N. Ramon",9784701259288,4,4,active
3948,"Principles of Economics w/ Taxation","Zenaida S. Diola",9783971785688,1,1,active
3949,"Principles of Food & Bevarages","Lawrence Li Tan",9787697505919,4,4,active
3950,"Principles of Genetics","Robert H. Tamarin",9783930105595,7,7,active
3951,"Principles of Information System","Stair Ralph M.",9786983317939,1,1,active
3952,"Principles of Management","Kreitner Robert",9784708944064,7,7,active
3953,"Principles of Management Information System","Effy Oz",9784525935702,6,6,active
3954,"Principles of Management Information Systems","Effy Oz",9787650946209,9,9,active
3955,"Principles of Manegerial Finance","Gitman Lawrence J.",9788562271922,7,7,active
3956,"Principles of Marketing","Philip Kotler",9780261186804,7,7,active
3957,"Principles of Marketing","Roberto G. Medina",9781093609196,9,9,active
3958,"Principles of Marketing","Finney and Millers",9789081700320,6,6,active
3959,"Principles of Marketing","Pedrito Real Pereda",9786280587776,7,7,active
3960,"Principles of Marketing","Camilla Angelita Ong",9787014972684,10,10,active
3961,"Principles of Marketing Management","Felicitas V. Evangelista",9781195696469,5,5,active
3962,"Principles of Mathematical Analysis","Rudin Walter",9787735956918,4,4,active
3963,"Principles of Neurology",Unknown,9782051356398,1,1,active
3964,"Principles of Organizational Behaivor","Andrew J. Dubrin",9787489250072,9,9,active
3965,"Principles of Psyclogy","Regina F. Hernandez",9781674867359,2,2,active
3966,"Principles of Teaching 1","Corpuz Brenda B.",9781821774875,8,8,active
3967,"Principles of Teaching 1","Serronano Erlinda D.",9787793599584,6,6,active
3968,"Principles of Teaching 1","De Ocampo-Aceron Victoria C.",9783835699977,6,6,active
3969,"Principles of Teaching 1","Aquino Avelina M",9781252019309,10,10,active
3970,"Principles of Teaching 2","Corpus Brenda B.",9784691267195,2,2,active
3971,"Principles of Teaching 2","Bunga Jaime",9789699335303,4,4,active
3972,"Principles of Teaching 2 (with TLE)","Corpuz Brenda B.",9781387830565,5,5,active
3973,"Principles of Teaching 3","Corpuz Brenda B.",9788753355264,1,1,active
3974,"Principles of Teaching 4","Corpuz Brenda B.",9780294874785,1,1,active
3975,"Principles of Technology","3G E- Learning",9781282699342,4,4,active
3976,"Principles of Tourism",Unknown,9785173922298,9,9,active
3977,"Principles of Tourism","Victor R. Vibal",9781778650390,5,5,active
3978,"Principles of Tourism","Zenaida Lansangan Cruz",9784750557779,9,9,active
3979,"Principles of Tourism Part I","Zenaida Lansangan Cruz",9789174312430,10,10,active
3980,"Principles of Tourism Part II","Zenaida L. Cruz",9785353811572,6,6,active
3981,"Principlles of Management Info. Systems","Effy Oz",9780927209489,2,2,active
3982,"Print Master Gold Publishing Suite",Unknown,9783695756292,4,4,active
3983,"Probality and Statistics Concepts: An Intro..","Bolanos Alex B.",9783391686701,6,6,active
3984,"Problem in Crimal Law","Neil P. Cohen",9785069439442,2,2,active
3985,"Problems and Worked Solutions in Vector Analysis","Shorter L.R",9780104279748,1,1,active
3986,"Problems in Criminal Law","Neil D. Cohen",9785492101817,1,1,active
3987,"Process and Impact of the Juvenile Justice …","Edward Eldefonso",9788969913296,8,8,active
3988,"Process System Analysis and Control","Donald R. Coughanowr",9785753848116,1,1,active
3989,Producer,"Walker Wendy",9785703475607,1,1,active
3990,"Production Management","Franklin G. Moore",9786426245546,1,1,active
3991,"Productivity & Quality Management","Angelita Serrano",9782021354690,7,7,active
3992,"Professing Criticism Essays on the Organization of Literary Study","John Guillory",9782239407171,9,9,active
3993,"Professional ASP. NET MVC 5","Galloway Jon",9784346609547,5,5,active
3994,"Professional C # 2012 and. Net 4.5","Christian Nagel",9780060398101,7,7,active
3995,"Professional Conduct and Ethical Standard","Adelene Maghimmay Florando",9789516352148,7,7,active
3996,"Professional Conduct and Ethical Standards","Adelene Maghinay Florendo",9781202241750,9,9,active
3997,"Professional Conduct and Ethical Standards","Warren Galas Mayao",9781680956412,7,7,active
3998,"Professional Conduct and Ethical Standards","Edelito Patialba Deles",9784133366509,2,2,active
3999,"Professional Development & Applied Ethics","Chester Dave G. Arenas",9788591565818,5,5,active
4000,"Professional Issue in Secondary Teaching","Mercier Carrie",9789157829054,2,2,active
4001,"Professional Java EE Design Patterns ..","Yener Murat",9784922191145,1,1,active
4002,"Professional Management of Housekeeoing …","Thomas J.A Jones",9789994814145,1,1,active
4003,"Professional Management of Housekeeping….","Thomas J.A. Jones",9781385699393,1,1,active
4004,"Professional Nursing in the Philippines","Lydia M. Venzon",9784265201204,1,1,active
4005,"Professional Selling","Angelita Serrano",9787402098446,1,1,active
4006,"Professional Tour Guiding","Marmelo V. Abante",9789888665945,7,7,active
4007,"Professional Visual Studion 2013","Johnson Bruce",9788272913679,1,1,active
4008,"Proffesional Conduct & Ethical Standard","Charesma Grace Killip-Lud-ayen",9785916449150,9,9,active
4009,"Programmable Logic Controllers","Botton W.",9782180113084,5,5,active
4010,"Programmed Computer Learning 2","Ricardo M. Harina",9782315682348,2,2,active
4011,"Programmers Guide to Online Resources","Bob Kochen",9788402246264,5,5,active
4012,"Programming 's Problem Solver for Ibm PC","Robert Jourdain",9781320253420,7,7,active
4013,"Programming Arduino Getting Started with Skitches","Simon Monk",9788670776043,5,5,active
4014,"Programming for Beginners Using C#","Zerah Jane H. Mortel",9782939876673,10,10,active
4015,"Programming in ADA","Jean- Paul Tremblay",9780877210757,6,6,active
4016,"Programming in C","Stephen Kochan",9784003305102,5,5,active
4017,"Programming Languages","Terrence W. Pratt",9789724725420,9,9,active
4018,"Programming Logic and Design Introduction","Farrell Joyce",9785416893927,7,7,active
4019,"Programming With ADA An Introduction..","Wegner peter",9786398523819,2,2,active
4020,"Project Chick II What's Done in the Dark","Turner Nikki",9788936327866,1,1,active
4021,"Project Management for Engineering","Nicolas John",9780704235731,8,8,active
4022,"Proof Reading","Krus Heringer Lawry",9788995931165,1,1,active
4023,"Property Registration Decree and Related Laws","Oswaldo D. Agcoili",9789921353471,9,9,active
4024,"Propose ad Poetry for Enjoyment","Harriet Marcelia Woas",9785070775089,1,1,active
4025,"Proposition Thirty-one","Rimmer Robert",9789499963577,2,2,active
4026,"Proprioceptive Neuromuscular Facilitation","Dorothy E. Vess",9788662138057,7,7,active
4027,"Prose and Poetry for Enjoyment","Julian L. Maline",9781948454223,2,2,active
4028,"Protein Tyrosine Kinases","Fabbro Doriano",9789551330590,2,2,active
4029,"Psychological Anthropological & Sociological …","Alicia S.Bustos",9785419635111,1,1,active
4030,"Psychological in Perspective","Ma. Shirley C. Trajeco",9789674513634,4,4,active
4031,Psychology,"Saundra K. Ciccarelli",9785905041730,7,7,active
4032,Psychology,"Aquino Avelina M.",9782234267879,7,7,active
4033,"Psychology : Perspective & Connections","Gregory J. Fiest",9780323812818,10,10,active
4034,"Psychology and Crime","Francisco M. Zulueta",9781899354757,7,7,active
4035,"Psychology and the Legal System","Lawrence S. Wringntsman",9781127596379,1,1,active
4036,"Psychology for Living",Unknown,9783114933105,10,10,active
4037,"Psychology II","Rathus Spencer",9788623065941,8,8,active
4038,"Psychology in Law Enforcement","Tancangco Danilo",9780038180363,9,9,active
4039,"Psychology Today","Ritchard R, Bootzin",9788510021821,6,6,active
4040,"Public Administration ( Understanding …","David H. Rasenbloom",9781408170281,6,6,active
4041,"Public Administration 98/99",Unknown,9786168787328,6,6,active
4042,"Public health nursing in the Phil.","Francisco Doque",9781499970326,10,10,active
4043,"Public Policy for Corrections","Joann B. Morton",9784347433448,4,4,active
4044,"Public Procurement in European Community Law","Weiss Friedl",9781065100461,1,1,active
4045,"Public Safety Dimensions & Concerns","Harry C. Lorenzo",9781041313557,4,4,active
4046,"Public Speaking & Speech Improvement for…","Ma. Luiza Ricenra-Tanglao",9787942072234,2,2,active
4047,"Public Speaking and Speech Improvement","Arsenia B. Tan",9786721761895,2,2,active
4048,"Publish or Perish Fear no more","Wa- Mbaleka Safary",9788987877679,10,10,active
4049,"Pujols More Than The Game","Lamb Scott",9785138771237,2,2,active
4050,"Pulong- Loyos- Ward","Bugna Cebuano",9788939720480,1,1,active
4051,"Punishment and Modern Society","David Garland",9783045194552,2,2,active
4052,"PUNTOS DE PARTIDA","Alice A. Arana",9788173418808,2,2,active
4053,"Puposive Communication","Hannah P. Mariveles",9789640315750,7,7,active
4054,"Puposive Communication in Diverse Contexts","Marshall Felix L. Josue",9785939185363,8,8,active
4055,"Puppies, Dogs & Blue Norther's","Gary Paulsen",9780544933927,1,1,active
4056,"Purposive Communication","Hannah P. Mariveles",9781954063853,7,7,active
4057,"Purposive Communication","Marilu Ranosa Madrunio",9787020715374,2,2,active
4058,"Purposive Communication","Ma. Antonieta Zoleta",9784205555350,8,8,active
4059,"Purposive Communication","Josephine C. Visande",9784078967786,6,6,active
4060,"Purposive Communication","Beng R. OBO",9782100720408,1,1,active
4061,"Purposive Communication","Kurt S. Candilas",9787112461752,2,2,active
4062,"Purposive Communication for College Fresh…","Manzano Brendalyn",9787804104868,9,9,active
4063,"Purposive Communication in Diverse Context","Marshall Felix L. Josue",9787186442626,7,7,active
4064,"Purposive Communication in Global Eng.","Rommel De la Cruz",9784470498673,10,10,active
4065,"Putting Out of Your Mind","Rotella Bob",9781018770338,1,1,active
4066,"Q Basic for Business Problem Solving","John Forsmark",9785704430735,5,5,active
4067,"Qaulitative Criminological Research","Virgilio C. Aldaza",9784668997490,5,5,active
4068,"Qualitative Criminological Research","Virgilio C. Ablanza",9780304381777,10,10,active
4069,"Quality Control and Industrial Statistics","Acheson J. Duncan",9789899246928,8,8,active
4070,"Quality Management in Hospitality","Morgan Elizabeth",9787048113015,6,6,active
4071,"Quality Management in Hospitality Industry","Morgan Elizabeth",9786432314564,8,8,active
4072,"Quality Service Management","Chester Dave G. Arenas",9785181275911,10,10,active
4073,"Quality Service Management in Tourism & Hospitality","Daryl Ace V. Cornell",9787003437439,10,10,active
4074,"Quality Service Management in Tourism & Hospitality","Michael Bhobet Baluyot",9782567405368,9,9,active
4075,"Quality Service Management in Tourism and Hospitality","Van Mari Buslon",9785123115411,5,5,active
4076,"Quantitaive Chemical Analysis","Hamilton /Simpson",9781190206076,9,9,active
4077,"Quantitative Aproach to Management","Levin Richard I.",9783693005224,4,4,active
4078,"Quantitative Chemical Analysis","Leicester F. Hamilton",9784426735388,1,1,active
4079,"Quantitative Techniques Business","Priscella S. altares",9782561161598,6,6,active
4080,"Quantitative Techniques for Business","Priscilla Altares",9784261845532,2,2,active
4081,"Quantitative- Qualitative Friction Analysis","David R. Ashbough",9785826829509,7,7,active
4082,"Quantity Cookery & Catering Management","Corazoon Barateta- Prades",9781499402322,8,8,active
4083,Quantum,"Kumar Manjit",9785859358038,1,1,active
4084,"Quatilative Techniques for Business Decision","Asuncion C. Mercado",9782880507503,2,2,active
4085,"Quest for Peace ( Notes & Activities..)","Lourdes R. Cedeno",9787819735446,10,10,active
4086,"Quest fot Peace ( Notes & Activities..)","Lourdes R. Cedeno",9785247777441,5,5,active
4087,"Question Documents ( Part Two )","Albert S. Osborn",9789649304649,2,2,active
4088,"Questioned Document (Part two)","Alberto S. Osborn",9780606988261,1,1,active
4089,"Questioned Document Examination","Sally S. kalalang",9788627553772,2,2,active
4090,"Questioned Document Examination","Camara Richard",9783854609124,8,8,active
4091,"Questioned Document Examination","Gregorio Bacay Mendoza",9780407254534,4,4,active
4092,"Questioned Document Examination: An …","Sally S. kalalang",9786016099320,8,8,active
4093,"Questioned Documents Examination","Richard T. Camara",9784707926252,10,10,active
4094,"Questioned Documents Examination","Joenard Contreras Duno",9781743160329,9,9,active
4095,"Questioned Documents Examination","Joner C. Villauz",9780394398846,6,6,active
4096,"Questioned Documents Examination","Thomas L. Cabrillas",9782789523611,6,6,active
4097,"Questioned Documents Examination","Julienne Sacyaben Leyaley",9787949645493,10,10,active
4098,"Questioned Documents Examination : An ..","Sally S. Kalalang",9785957812739,9,9,active
4099,"Questions Kids Ask",Unknown,9787427183226,1,1,active
4100,"Quick Food Service Operations","Maria Theresa G. Icalla",9784023936270,9,9,active
4101,"QuiCk Prep Careers","Paul Phifer",9781764040464,2,2,active
4102,"Quik and Easy Barbecue","Hay Donna",9785112863811,6,6,active
4103,"Quiller Salamander","Adam Hall",9780502289202,1,1,active
4104,"Quilts from Happy Hands","Sandra Lee Wright",9784595282768,2,2,active
4105,"Quizzer in Taxation for CPA Reviewer","Virgilio D. Reyes",9787423935430,7,7,active
4106,"Race & Ethnicity in the United States","Stephen Steinberg",9787327839698,1,1,active
4107,Racing,Unknown,9781510026070,1,1,active
4108,"Radar Observation and Plating Courses (ROPC)","F.T Ventosa",9782143486965,2,2,active
4109,"Radio Times Gardening Year","Hamiltons Geoff",9783715573106,2,2,active
4110,"Rage Against the Dying","Masterman Becky",9782089831874,2,2,active
4111,"Rage In The streets","Archer Jules",9780950793375,1,1,active
4112,"Rage of Angels","Sidney Sheldon",9783129734148,2,2,active
4113,"Rainbow Six","Tom Clancy",9780275908263,2,2,active
4114,"Raison D'ETRE",Unknown,9780907220879,1,1,active
4115,"Randall's Practice Guide to ISO 9000","Richard C. Randall",9782189452399,4,4,active
4116,"Rape Victimology","Leroy G. Schultz",9785960233156,9,9,active
4117,"Rayzor's Edge","Ray Rob",9785175790321,2,2,active
4118,"Rb and Tumorigenesis","Fanciulli Maurizio",9780888060945,1,1,active
4119,"Re-Reading Rizal","Ma. Victoria Cabigan",9787502413002,4,4,active
4120,"Rea Weather","Toutonghi Pauls",9788867587551,2,2,active
4121,"Reach Out",Unknown,9780959145045,2,2,active
4122,"Reader- Friendly Report","Daniel Carter A.",9787236694623,8,8,active
4123,"Readers Digest Condensed Books",Unknown,9782865181421,2,2,active
4124,"Readers' Guide to Periodical Literature","Jean M. Marra",9784384504620,4,4,active
4125,"Reading for Research Methods in Criminology","M.L. Dantzker",9787643493949,1,1,active
4126,"Reading for Research Methonds in Criminology …","M.L. Dantzker",9786674078866,4,4,active
4127,"Reading in Philippine History","Ariola Mariano M.",9788585749118,8,8,active
4128,"Reading in Philippine History","Ronald M. Corpuz",9786672641871,1,1,active
4129,"Reading Visual Arts","Elaine Grace J. Dizon",9783978953776,8,8,active
4130,"Readings for Research Methods in Criminology","M.L Dantzker",9781249316459,1,1,active
4131,"Readings for Writers","McCue - Metherell Jo Ray",9784378047041,1,1,active
4132,"Readings from Wold Literature","Baldonado Rizza Soriano",9787936518755,1,1,active
4133,"Readings In Criminal Justice","Carl E. Pope",9789269203278,7,7,active
4134,"Readings in International Accounting","Kenneth B. Beng",9785712567218,1,1,active
4135,"Readings in Philippine History","Candelaria John Lee",9783008578955,5,5,active
4136,"Readings in the Philippine History","John Lee Candelaria",9789153242567,10,10,active
4137,"Readings in the Philippine History","Nestor M. Asuncion",9780098057834,2,2,active
4138,"Readings in the Philippine History","Minsoware S. Bacolod",9789030341369,7,7,active
4139,"Ready Steady","Orla Broderick",9783298568490,2,2,active
4140,"Reagan Inside Out","Slosser Bob",9787070600743,2,2,active
4141,"Reaserch Methods in Early Childhood","Mukherji Penny",9781433700491,2,2,active
4142,"Rebuilding Brand America","Martin Dick",9787443687166,1,1,active
4143,"Recipes Tried and Two (1984 Cookbook)",Unknown,9788762157743,1,1,active
4144,"Reclaiming the Sky","Murphy Tom",9785458661829,1,1,active
4145,"Recovery of GrayWolves in the Great Lake","Wydeven Andrian P.",9788741427850,2,2,active
4146,"Recruitment ans Selection","Francis Banaag",9781419887260,5,5,active
4147,"Recycling & Non-Waste technology 2001","Basil A. Rosi",9784921223397,5,5,active
4148,"Recycling 7 Non- Waste Technology 2001","Basil A. Rossi",9781590071328,1,1,active
4149,"Red River Girl","Sommerdorf Norma",9784484567716,1,1,active
4150,"Reducing Crime","Amanda E. Perry",9784176604569,6,6,active
4151,"Reflexology for Everyday Living","Keet Louise",9789116457670,1,1,active
4152,"Refrigeration and Air Conditioning","Ricardo C. Asin",9787657666476,10,10,active
4153,"Registration of Land Titles and Deeds","Antonio H. Noblejas",9780852085295,7,7,active
4154,"Reign in Hell","William Diehl",9784552175041,2,2,active
4155,"Relational Database Design and Implementation","Harrington Jan L.",9789887829881,8,8,active
4156,"Reliable Java Script","Spencer Lawrence D.",9782754422062,7,7,active
4157,"Religious Writers Market Place","Grentz William H.",9788506929872,1,1,active
4158,"Reluctant Dissenter","James Patrick Shannan",9788640067249,1,1,active
4159,"Remains: Non- Yiewable","Young John Sacret",9786390321437,2,2,active
4160,"Remarkbale Banquet Service","EichelBerger Ezra",9783183933013,4,4,active
4161,"Remarkbale Service III",Unknown,9781840654882,4,4,active
4162,"Remedial English : Basic Grammar for ..","Maria Cristina B. Nano",9785875524523,6,6,active
4163,"Remedial English: Basic Grammar for Criminology","Bajado Maria Cristina",9786151436974,8,8,active
4164,"Remedial English: Basic Grammar for Criminology","Nano Maria Cristina",9785783517983,6,6,active
4165,"Remedial Law Compendium","Florenz D. Regalado",9788713556694,5,5,active
4166,Remember,"Barbara Taylor Bardford",9783389586419,2,2,active
4167,"Remembering Tim Horton","Maclnnis Craig",9788256019991,2,2,active
4168,"Republic of the Philippines Dangerous Drugs Board",Unknown,9786246947620,4,4,active
4169,"Research 1 Qualitative Research","Feljone Galima Ragma",9786842685179,1,1,active
4170,"Research 2 Quanitative Research","Feljone Galima Ragma",9783679901021,2,2,active
4171,"Research and Statistics with Thesis and ..","Dr. Mariano M. Ariola",9781909520387,2,2,active
4172,"Research and Technical Writing","Reynaldo R. Portillo",9787212151904,9,9,active
4173,"Research Digest Reaping Excellence in Research",Unknown,9784562446223,9,9,active
4174,"Research in Education","John W. Best",9781656633934,4,4,active
4175,"Research in Education","Helen B. Boholano",9785082432628,9,9,active
4176,"Research in Tourism & Hospitality","Lolita Mendoza",9783814030753,6,6,active
4177,"Research Made Easier A Step-by- Step …","Amadeo Pangilina Cristobal Jr.",9789841420246,2,2,active
4178,"Research Method in Psychology","Gary W. Heiman",9784350745095,8,8,active
4179,"Research Method In Thesis Writing","De Belen Rustico T.",9783280999707,1,1,active
4180,"Research Methods & Statistics in Criminal…","Jack D. Fitzgerald",9784404310903,5,5,active
4181,"Research Methods and Statistics","Ronald J Hy",9787182353278,2,2,active
4182,"Research Methods and Thesis Writing","Calmorin, Paler Laurentina",9783765547614,7,7,active
4183,"Research Methods and Thesis Writing","Rustico T. De Belen",9782757355480,7,7,active
4184,"Research Methods for Criminal Justice & Crim..","J. Champion",9784712666150,4,4,active
4185,"Research Methods for Criminal Justice & Crim..","Edwin S. Johnson",9783939294276,9,9,active
4186,"Research Methods for Criminology and Criminal..","Dantzker M.L",9780215013439,9,9,active
4187,"Research Methods for Engineers","Thiel David",9783906279893,9,9,active
4188,"Research Methods of Statistics","Ronald J. Ay",9785824773392,9,9,active
4189,"Research Papers A Practical Guide","Marian Arkin",9782990371919,1,1,active
4190,"Research Within Disciplines","Keeran Peggy",9787593955719,1,1,active
4191,"Research- Based Teaching and Learning","Navaro Rosalita L.",9782116220657,6,6,active
4192,"Researching and Writing Dissertations","Mona A Clark",9781004436439,8,8,active
4193,"Residential Wiring","3G E- Learning",9784443296916,7,7,active
4194,"Resort & recreation Management","Daryl Ace V. Cornell",9782200722760,6,6,active
4195,"Resorts & Recreation Management","Cornell Daryl Ace V.",9785278087854,1,1,active
4196,"Responsible Speech Communication","Norma D. Martinez",9787109338531,9,9,active
4197,"Restaurant Management 101","Edna Reynoso -Anton",9780090063253,4,4,active
4198,"Restaurant Management Customers Operations","Robert Christie Mill",9786775465862,8,8,active
4199,"Restaurant Management Customers Operations","Kilkenny Shannon",9787284703445,1,1,active
4200,"Restaurant Practicum Manual","Soison- Ganchero Ma. Sheila",9786332465687,10,10,active
4201,"Restaurant Success by the numbers","Field Rodgers",9781546351757,6,6,active
4202,"Resune that work how to sell your self","Loretta D. Foxman",9783518517697,2,2,active
4203,"Retailing (Principles & Methods)","Lino D. Onagan",9786595965603,9,9,active
4204,"Retailing Management","Michael Levy",9783375229641,1,1,active
4205,"Retailing Management","Panagacos Theodore",9784210922253,8,8,active
4206,"Retailing Principles and Methods","Lino D. Onagan",9784557953729,4,4,active
4207,"Rethinking Experiences of Childhood Cancer","Woods Mary Dixon",9787660414262,1,1,active
4208,Retirika,"Orlando B. Magno",9783029708133,2,2,active
4209,Retorika,"Jose A. Arogante",9787229821098,10,10,active
4210,"Retorika, Wikang Filipino at Sulating …","Ligaya Tiamson Rubin",9783524392295,10,10,active
4211,"Retorika: Mabisa at Masining na Pagpapa..","Bendalan Nelda B.",9780149628402,2,2,active
4212,"Retorika: Mabisa at Masining na Pagpapahayag","Bendalan Nilda",9786953908785,7,7,active
4213,"Review of Gross Anatomy","Ben Dansky",9784767900780,1,1,active
4214,"Reviewer  For Civil Service Examination","Brenda B. Corpuz",9784466669483,5,5,active
4215,"Reviewer for Police Examination","Adelene Maghinay Flerenda",9786094386824,5,5,active
4216,"Reviewer for Police Examinations","Florendo Adelene",9785085592565,9,9,active
4217,"Reviewer Forensic Ballistics","Miller Peckley F.",9789726692324,5,5,active
4218,"Reviewer in Taxation","Roman M. Umali",9787273468928,6,6,active
4219,"Reviewer on Labor and Social Legislation","Ruperto G. Martin",9780472334469,7,7,active
4220,"Revisiting Readings in Philippine History","Aldrin Baes",9786105149615,7,7,active
4221,"Rhetorics for Business","Ma Doris Holbito Collanres",9780686288688,8,8,active
4222,Rheumatology,"William N. Kelly",9789244940396,2,2,active
4223,Rheumatology,"Lesly Hordon",9781869561345,6,6,active
4224,"Rice Cookery",Unknown,9780883318386,6,6,active
4225,"Riding the iron Rooster","Paul Theroux",9781693476914,1,1,active
4226,"Rigid Body Dynamics for Begineers","Kim Phil",9782377939800,10,10,active
4227,"Riot and Remembrance","James S. Hirsh",9782201631856,1,1,active
4228,"Risk Management as Applie Safety","Rene D. Osorno",9780023915239,5,5,active
4229,"Risk Management as Applied to Safety, Security & Sanitation","Benigno Glenn R. Ricaforte",9783363140989,4,4,active
4230,"Risk Management as Applied to Safety, Securuty & Sanitation","Ana Marie Somoray",9781270231899,5,5,active
4231,"Risk Management as Applied to Safety, Securuty & Sanitation","Jovid Maricar Maranon",9787201295909,7,7,active
4232,"Risk Management as Applied to Safety…","Osorno Rene D.",9783177569006,10,10,active
4233,"River of Smoke","Amitav Ghosh",9781917653244,1,1,active
4234,Rizal,"Joselito D. De Vera",9784834387155,10,10,active
4235,Rizal,"Emiliano C. De Catalina",9785474691176,4,4,active
4236,"Rizal & the Development of the Filipino","Carlito P. Garcia",9780870272820,9,9,active
4237,"Rizal, Life Works and Writings","Marcelino Aguisanda",9784009380837,1,1,active
4238,"Robinson Crusoe","Daniel Defoe",9789123216000,2,2,active
4239,"Robotics and Introduction","Roxan Ruchillo S. Cosico",9789324183255,6,6,active
4240,"Rock Gardens & Alpine Plants","Joyce David",9787625202132,1,1,active
4241,"Roget's International Thesaurus","Robert Chapman",9781679542831,1,1,active
4242,"Role Models Legendary Leaders Who Shape the World","Rachel Illiot",9786701167815,1,1,active
4243,"Roll of Thunder, Hear My Cry","Mildred Taylor",9786786290255,1,1,active
4244,"Romeo and Juliet","Sharespear William",9785386426736,1,1,active
4245,"Ronald Reagan's Weekly Radio Addresses","Fred L. Israel",9782209941759,1,1,active
4246,"Room Division Management and Control System","Elpedia M. Marte Lago",9780405319846,5,5,active
4247,"Room Division Management and Cost Control","Elpedia M. Marte",9781050755089,10,10,active
4248,"Rooms Divistion Cost Control","Van Man Buslon-Sia",9788528467703,2,2,active
4249,"Rope Burns","F.x Toole",9787846797004,1,1,active
4250,"ROTC Book","Fagela Carlito Rosales",9783076440581,8,8,active
4251,"Roundabouts of Great Britain","Kevin Beresford",9785501727274,1,1,active
4252,"Rsearch Methods: Principles & Applications","Estela G. Adanza",9789732829011,9,9,active
4253,"RSPB The Bird wacher's Logbook",Unknown,9782051121347,1,1,active
4254,"Rules & Regulations Implemented the Local",Unknown,9786368019908,1,1,active
4255,"Rules & Regulations Implemented the Local","Corazon Aquino",9780240651170,6,6,active
4256,"Rules and Regulations Governing Integrated ..","Cirilo M. Tradio",9784711706482,9,9,active
4257,"Rules of Court in the Philippines","Ruperto G. Martin",9787968863120,6,6,active
4258,"Rules of Court in the Philippines w/ Notes…","Ruperto G. Martin",9784079044813,10,10,active
4259,"Rules of the Road","Carlos Aguado",9788819011455,5,5,active
4260,"Running A Restaurants for Dummies","Garvey Michel",9786767761958,9,9,active
4261,"Running Lantastic","Adrian J. King",9784960170928,5,5,active
4262,"Running Microsoft Frontpage 4","Jim Buyens",9781764517706,10,10,active
4263,"Running Microsoft Office for Windows ' 95","Michael J. Young",9782380453478,5,5,active
4264,Runokirja,"Koivum Rudolf",9787725320958,1,1,active
4265,"Russ Abbat's Fun Book","Vincent Peter",9788489873582,1,1,active
4266,"Rx Supplements","Ramona Luisa Pablo-Santos",9782729933579,7,7,active
4267,"Salad Dressing","Paxton Rachel",9782409398667,1,1,active
4268,Salam,"Brown Tricia",9789846484427,1,1,active
4269,"Sales Force Management","Gilbert A. Churchill Jr.",9787398356520,9,9,active
4270,Salesmanship,"Lilia B. Arante",9783918867620,9,9,active
4271,"Salesmanship Imperatives","Juan Antonio Carrion",9782735334063,10,10,active
4272,"Sammy's House","Gore Kristin",9780166334010,1,1,active
4273,"Sanayang Aklar sa Filipino Wika at Panitikan IV","Maurita M. Reyes",9782156345266,2,2,active
4274,"Saturday Rules","Murphy Austin",9786288623353,1,1,active
4275,"Sauce & Marinade Recipes",Unknown,9780444551436,2,2,active
4276,"Sayusay Sining ng Mabising Pagpapu…","Aurora E. Batnag",9784211175498,6,6,active
4277,"SCHAUM'S Outlines Differential Equation","Bronson Richard",9784957421880,6,6,active
4278,"SCHAUM'S Outlines Electric Circuits","Nahvi Mahmeod",9782463815124,2,2,active
4279,"Science and And Data analysis","Dr. Niel Perez Balba",9781164792468,8,8,active
4280,"Science Experiments",Unknown,9782998724731,2,2,active
4281,"Science of the Scene","Richard Jonathan O. Taduran",9783998759150,2,2,active
4282,"Science Technology and Society","Asst. Prof. Gideon A. Legaspi",9780075145189,5,5,active
4283,"Science, Society and The Supermarket","Castle David",9784792305789,1,1,active
4284,"Science, Technology & Society","Aldea Kathryn Idrisha K.",9784531081240,5,5,active
4285,"Science, Technology & Society","Ethel Magalona",9784378624303,7,7,active
4286,"Science, Technology & Society","John Miller Casas",9781460669617,10,10,active
4287,"Science, Technology & Society","Roberlyn Cabrera",9786963749125,1,1,active
4288,"Science, Technology & Society","Claudo V. Tabotabo",9781879065062,10,10,active
4289,"Science, Technology and Society","Umesh Sharma",9784715901128,4,4,active
4290,"Science, Technology and Society","Micah D. Abad",9780231600408,6,6,active
4291,"Science, Technology, and Society","Robert E. Moginn",9787289868323,5,5,active
4292,"Science, Technology, and Society","Naressia D. Seludo",9782086149842,1,1,active
4293,"Science, Technology, and Society","Arnaldo P. Masteiro",9785079669976,1,1,active
4294,"Science, Technology, And Society","Dr. Mariano M. Aniola",9782001414420,2,2,active
4295,"Science, Technology, Society","Serafica Janice",9786073723862,6,6,active
4296,"Scientific Examination of Questioned Doc..","Ordway Hilton",9785952859944,1,1,active
4297,"Scientific Examination of Questioned Documents","Ordway Hilton",9785763798296,2,2,active
4298,"Scientist of the World Thomas Alva","Mary joseph",9780557797981,1,1,active
4299,Seabiscuit,"Hillenbrand Laura",9786760741056,1,1,active
4300,"Seafood Recipes","Erdosh george",9789481504399,1,1,active
4301,"Season of Life","Jeffrey Marx",9783560285865,1,1,active
4302,"Second Honeymoon","Trollope Joanna",9786096354760,2,2,active
4303,"Secondary School Literacy Introduction …","Roe Betty D.",9787512101845,4,4,active
4304,"Secret Ceremonies","Laake Deborah",9786226441803,1,1,active
4305,"Security Effecens and Guards Manual","Peckley Miller F.",9784594085933,1,1,active
4306,"Security Management","Peckley Miller",9786535243778,6,6,active
4307,"Security Management Principles & Practices","Miller F. Peckley",9780765573742,2,2,active
4308,"Security Officers and Guard Manual","Miller F. Peckley",9785251225846,8,8,active
4309,"See Jane Hit","Garbarino James",9787901752276,2,2,active
4310,"Seeing A Large Cat","Peters Elizabeth",9789496523965,1,1,active
4311,"Select, Prepare and Cook Meat..",Unknown,9784999020386,2,2,active
4312,"Selected Stories","F. Sionil Jose",9784070084153,6,6,active
4313,"Self Defense Arnis and Shotokan Karate","Marjorie Abisado-Robbins",9782426957533,1,1,active
4314,"Self Learning Lesson in Basic Algebra","Antonia S. Broto",9781397635297,2,2,active
4315,"Selling (Principles & Practices)","Richard D. Buskirk",9786142620405,6,6,active
4316,"Selling Cruises","Claudine Dervaes",9785206334616,8,8,active
4317,"Semptember II: An Oral History","Dean E. Murphy",9788978737289,1,1,active
4318,"Sensational Salad","Barbara Scott-Goodman",9786593380415,1,1,active
4319,"Sense and Nonsense about Crime & Drugs","Samuel Walker",9789171603333,9,9,active
4320,"Sensor Device Dataa/Handbook",Unknown,9788544184363,4,4,active
4321,"Serial Murderer and Their Victims","Eric W. Hickey",9786020931371,9,9,active
4322,"Serpientes y Lagartos","Ellen Catala",9782109367673,1,1,active
4323,"Service Management",Bordolio,9787736576450,7,7,active
4324,"Service Operations Management","Julie Ostonoe",9784590348193,2,2,active
4325,"Service, Nation, Self:","Atty. Earl R. Calingacion",9784351102699,2,2,active
4326,"Sex God","Bell Rob",9789553308924,1,1,active
4327,"Sexual Offenses and Offenders","Karen J. Jerry",9783313514853,5,5,active
4328,"Sexual Offenses and Offenders","Karen J. Terry",9780702640629,6,6,active
4329,"Sexuality a Responsible Approach","Linda Meeks",9786067415148,10,10,active
4330,"Sexuality a Responsible Approach","Linda R. Bascara",9788762164833,6,6,active
4331,"Shade It Black","Goodell Jess",9782797302949,2,2,active
4332,"Shady Lady","Gordan Ruth",9786957252020,4,4,active
4333,"Shakespeare's Literary Criticism","Prasad Yashodhora",9785893771251,1,1,active
4334,"Shatner Rules","Shatner William",9788488919946,1,1,active
4335,"Shedding Light on His Dark Materials","Bruner Kurt",9781659919455,2,2,active
4336,"Sheltering Rain","Moves Jojo",9784464523909,2,2,active
4337,"Shepherds Abiding","Jan Karon",9784152428677,1,1,active
4338,"Shift To High","Haffman Peggy",9785470189776,2,2,active
4339,"Ship Security Officer Course",Unknown,9785014670937,8,8,active
4340,"Shiphandling and Maneuvering","Jose Luis C. Dizon",9787250280048,2,2,active
4341,"Shipping Law","Simon Baughen",9787707346037,1,1,active
4342,"Ships Catering Services: Begineer","3G E-Learning",9786134079921,4,4,active
4343,Shotgun,"John Olson",9786457527543,1,1,active
4344,"Shotguns All Types",Unknown,9782832867853,9,9,active
4345,"Shotokan Karate","Greg Mabbayad Francisco",9785066881558,4,4,active
4346,Shouting,"Thomas Joyce Carol",9781556616686,2,2,active
4347,Signs,"Laura Lynne Jackson",9784093636469,8,8,active
4348,"Silent Honor","Danielle Steel",9785955161136,1,1,active
4349,"Silicon Nitride and Silicon Dioxide…","K.B Sundaram",9789563224511,1,1,active
4350,"Silver Burdett English","Betty G. Gray",9785696192123,1,1,active
4351,"Simple Internet Fully Illustrated","Antonio M. Andes Sr.",9786974869782,9,9,active
4352,"Simple Page Makes 7.0","Antonio W. Andes Sr.",9788798963196,6,6,active
4353,"Simple Photoshop Fully Illustrated","Antonio M. Andes Sr.",9783052704362,7,7,active
4354,"Simple Word 2000","Antonio W. Andes Sr.",9782591642302,1,1,active
4355,"Simplified Approach to Financial Management","Precila Bautista",9782746901766,4,4,active
4356,"Simplified Bar Guide And Reviewer Incommercial","Efren V. Ramirez",9781919863702,5,5,active
4357,"Simplified Logic",Malitao,9788553606221,10,10,active
4358,"Simplified Manual Laboratory Workbook in…","Jonah Barayuga Bodua",9780635673572,1,1,active
4359,"Simplified Manual Laboratory Workbook in…","Badua Jonah Barayuga",9785694298414,7,7,active
4360,"Simply Cadbury's chocolate","Joanna Parrow",9784003273036,1,1,active
4361,"Sing and Be Happy","Antonio Buenaventura",9784827463521,1,1,active
4362,"Sing Down The Moon","Scott O'Dell",9785611882030,1,1,active
4363,"Sining ng Komunikasyon",Unknown,9786958621856,1,1,active
4364,"Sining ng Komunikasyon","Reynaldo L. Aguilar",9781112817793,1,1,active
4365,"Sining ng Komunikasyon Para sa mga Kolehiyo","Roberto P. Cruz",9783666636943,4,4,active
4366,"Sining ng Komunikasyon Para sa mga Kolehiyo…","Jose A. Arrogante",9782813265982,7,7,active
4367,"Sining ng Komunukasyon para sa mga…","Robert P. Cruz",9785033790296,6,6,active
4368,"Sining ng Pagsasaling-Wika","Alfonso O. Santiago",9780375353130,6,6,active
4369,"Sining ng Pakikipaglastasan","Orlando B. Magno, Anna",9784527567192,1,1,active
4370,"Sining ng Pakikipagtalastasan","Orlando B. Magno",9785030568782,9,9,active
4371,"Sining ng Pakikipagtalastasan","Emmanuel S. Gonzales",9787126524948,4,4,active
4372,"Sining ng Pakikipagtalastasan","Carmilita Lorenzo",9788529838823,1,1,active
4373,"Sining ng Pakikipagtalastasan","Servillano T. Marquez",9781514977767,1,1,active
4374,"Sining ng Pakikipagtalastasan ( Filipino I )","Maria Lourdes R. Baello",9789136165760,2,2,active
4375,"Sining ng Pakikipagtalastasan ( Filipino I )","Alcomtise P. Tumangon",9782822619547,2,2,active
4376,"Sining ng Pakikipagtalastasan ( Filipino I )","Orlando B. Magno",9782948494349,1,1,active
4377,"Sining ng Pakikipagtalastasan Pangkolehiyo","Felisa Principe Mercene",9785776613883,9,9,active
4378,"Sining ng Pakikipagtalastasang Panlipunan",Unknown,9785500915955,2,2,active
4379,"Sister Bernadette's Barking Pog","Florey Kitty Burns",9787832395931,2,2,active
4380,"Sisters & Husbands","Briscoe Connie",9780194127066,2,2,active
4381,"Six - Fugure Trigonometrical, Logarithmic","C. Attwood",9781853608780,2,2,active
4382,"Six P.M Sunday","Colgrove David",9787202033883,1,1,active
4383,"Sketch Up 2014 for Dummies","chopra Aidan",9781209966762,4,4,active
4384,"Skid Raw Beat","Loren W. Christensen",9787203734482,1,1,active
4385,Skiing,"Karl Tucker",9786567071905,5,5,active
4386,"Skills and Values in Barangay Justice","Antonio E. Orendain",9786574396770,2,2,active
4387,"Skin voices Faces Poems","Remoto Danton",9785467393162,4,4,active
4388,"Skin; Talking about Sex, Class & Literature","Dorothy Allison",9789095468872,2,2,active
4389,Slander,"Coulter Ann",9780588681020,1,1,active
4390,"Slap on a Little Lipstick","Hills Jodi",9783129266250,2,2,active
4391,"Sleeping With Fear","Kay Hooper",9787800958045,2,2,active
4392,"Sleepless In America","Kurcinka Mary sheedy",9781461597001,1,1,active
4393,"Slouching Towards Gomorroh","Bork Robert H.",9781900738859,1,1,active
4394,"Slow Cooking Secrets",Unknown,9786734743697,2,2,active
4395,"Small Arms Design and Ballisttics","Col. Townsend Whelen",9789089413192,5,5,active
4396,"Smil 3.0","Bulterman Dick C.A",9785967183218,8,8,active
4397,Smokes,"Jukes Mavis",9780542842511,1,1,active
4398,"Snapped 2; The Redemption","Mc Kinney Tina Books",9781903594094,1,1,active
4399,"Snapped2; The Redemption","Mc Kinney Tina Brooks",9782941259792,2,2,active
4400,"Snips & Snails","Chrys Howard",9783238876760,1,1,active
4401,Snowmen,"Cole Peter",9780628951342,2,2,active
4402,"Soap Opera The Inside Story of Procter& Gamble","Swacy Alecia",9783997838740,1,1,active
4403,"Soccer Annual No. 2","Bests George",9783081836324,2,2,active
4404,"Social Dimensions of Education","Vega Violeta A.",9789397026633,9,9,active
4405,"Social Media Law for Business","Gilmore Glen",9782071548186,8,8,active
4406,"Social Philosophy : Foundation of Values Ed.","Alex Tiempo",9781331178606,6,6,active
4407,"Social Problems","Kenneth J. Neubeck",9787767719284,2,2,active
4408,"Social Psychology : Foundations of …","Alex Tiempo",9780302875742,1,1,active
4409,"Social Responsibility and Good Governance","Atty. Alden Reuben B. Luna",9785892303606,4,4,active
4410,"Social, Ethical, Legal & Professional Issues in Computing","Charlemagne G. Laviña",9787787192494,7,7,active
4411,"Social, Ethical, Legal, and Professional Issues in Computing","Charlemagne Lavina",9782655713641,7,7,active
4412,"Society & Culture Introduction","Isabel S. Panopio",9787451453753,2,2,active
4413,"Society and Culture","Esabel S. Pamopio",9782574488255,10,10,active
4414,"Society and Culture",Unknown,9786990185118,5,5,active
4415,"Society and Culture","Buenavista Cherry",9785673385159,1,1,active
4416,"Society and Culture with Family Planning","Ecoben Wenceslao",9786467050680,2,2,active
4417,"Society the Basics","John J. Macionis",9789838319348,1,1,active
4418,Sociology,"Ronald C. Federico",9785027586034,2,2,active
4419,"Sociology : a Down to Earth Approach","James M. Henslin",9784563338923,9,9,active
4420,"Sociology A Brief Introduction","Richard T. Schaefer",9784952457051,5,5,active
4421,"Sociology and Anthropology with Family Planning","Dr. Mariano M. Arida",9785578263880,4,4,active
4422,"Sociology Brief Introduction","Richard Schaefer",9783242716182,4,4,active
4423,"Sociology Focus on the Philippines","Isabel S. Panopio",9786286974761,9,9,active
4424,"Sociology in the Philippine Setting","Chester L. Hunt",9782370385475,9,9,active
4425,"Sociology of Crimes and Ethics","Guevarra Richardo M.",9787268193194,8,8,active
4426,"Sociology with Introduction to Anthopology in….","Alex V. Abelos",9782941232801,5,5,active
4427,"Soco Scene of the Crime Operation","Arturo G. Cacdac JR.",9786253941857,10,10,active
4428,"SOCO Scene of the Crime Operation","FE Ongchangco Aquino",9785541892581,6,6,active
4429,"Soco Scene of The Crimes Operation","Arturo G. Cacdac",9783140035637,8,8,active
4430,"Software Engineering","Shari Lawrence Pfleeger",9783282673544,1,1,active
4431,"Software Engineering","Ian Sommervile",9789047986577,10,10,active
4432,"Software Engineering","Kassem A. Saleh",9786896213250,4,4,active
4433,"Software Engineering",Unknown,9788628685649,1,1,active
4434,"Software Engineering & Practitioners Approach","Roger S. Pressman",9783476088239,9,9,active
4435,"Software Engineering 1","Marmelo V. Abante",9789258728942,4,4,active
4436,"Software Engineering 2: Advance","Marmelo V. Abante",9787363163306,7,7,active
4437,"Software Engineering and Practice","Hans Van Vliet",9786017262808,2,2,active
4438,"Software Engineering Concepts","Richard Fairley",9783649084747,1,1,active
4439,"Software Engineering for Internet Application","Henry Knox",9781163430316,8,8,active
4440,"Software Quality Assurance","Chopra Rajiv",9781663662286,4,4,active
4441,"Solid Analytic Geometry First Edition","Albert Adrian",9785541408577,6,6,active
4442,"Solid Mensuration: Understanding the 3-D…","Earnhat Richard T.",9786229511084,8,8,active
4443,"Solution to Problem in Mathematics","Venancio I. Besawilla Jr.",9788610660029,2,2,active
4444,"Solution to Problem in Mathematics","Matias A. Arreola",9786046901747,10,10,active
4445,"Solutions To problems in Differential..","Matias A. Arreola",9785389162440,8,8,active
4446,"Solutions to Problems in Integral Calculus","Matias A. Arreola",9780667884571,4,4,active
4447,"Solved Problem in Engineering Science and Allied Subjects","Bayon Roy Anthony",9783216502421,10,10,active
4448,"Solving Problems in Electrical Engineering Vol. 1","Bayon Roy Anthony",9788935440719,5,5,active
4449,"Some You Win","Wilson Dulian",9780729850230,1,1,active
4450,"Somebody somebody","Mc Crum Mark",9785066714856,1,1,active
4451,"Something Rising","Kimmel Haven",9783317147958,1,1,active
4452,"Soup Recipes",Unknown,9784129824921,2,2,active
4453,"South Cross","Patricia Cornwell",9780288152080,1,1,active
4454,"South East Asia on a Shoestring","Tony Wheeler",9782176801261,2,2,active
4455,"South of the Border Freshness","Trejo Myrna",9782505073246,2,2,active
4456,"Southern Comfot","Fern Michaels",9783943032505,1,1,active
4457,"Southern Living","Nancy Fitz Patrick Wzalle",9782749623832,9,9,active
4458,"Soy Desserts","Patricia GreenBerg",9784037654399,2,2,active
4459,"So…. You're A Dip & Things to Sip",Unknown,9782858033089,2,2,active
4460,"SPA Service in Hotel Industry","3G E-Learning",9784148632903,7,7,active
4461,"Space Precint","Gerry Anderson",9780504871597,2,2,active
4462,"Spare Parts","Hanson Rick",9785182377218,1,1,active
4463,"Speak Smart","J. G San Miguel",9789074447935,4,4,active
4464,"Speak Successfully: A Guide to Effective…","Barrot Jessie S.",9781171740032,8,8,active
4465,"Speaking in Public","Reid Buckly",9784568848656,9,9,active
4466,"Special Crime Investigation","Ricardo M. Guevara",9787374496660,9,9,active
4467,"Special Crime Investigation","Jonah Barayuga Badua",9787236604745,1,1,active
4468,"Special Crime Investigation","Arnold Grecia Rago",9782081803688,4,4,active
4469,"Special Crime Investigation","Christian G. Domingo",9783825289409,8,8,active
4470,"Special Crime Investigation","Mario Baesa Garcia",9783935160261,6,6,active
4471,"Special crime Investigation","Ariel Barco Barreda",9785775266844,8,8,active
4472,"Special Crime Investigation w/ Legal Med.","Ruby Grace Sabino",9780316367813,8,8,active
4473,"Special Penal Law","Victor T. Tulalian",9785248135370,7,7,active
4474,"Special Protection Scheme in Electric…","Rogate Jonathan",9784298393037,7,7,active
4475,"Special Protection Schemes in Electric…","Rogate Jonathan",9785395260888,8,8,active
4476,"Special Topic in Education","Filomena T. Dayagbill",9783298734017,6,6,active
4477,"Special Topic in Education","Brenda B. Corpuz",9784997475478,4,4,active
4478,"Special Topic in Education","Joselina T. Baylongo",9787704990967,5,5,active
4479,"Special Topic in Education","Celia D. Andas",9788194565970,7,7,active
4480,"Special Topics in Education","Brenda B. Corpuz",9783961034055,2,2,active
4481,"Special Topics in Education","Andas Celia D.",9783689108045,7,7,active
4482,"Specialize Crime Investigation with Legal Medicine","Joner C. Villaluz",9781756943070,10,10,active
4483,"Specialize Crime Investigation with Legal Medicine","Arlyn M. Dascil",9782188771699,10,10,active
4484,"Specialized Crime Investigation","Arlyn M. Dascil",9781658723633,8,8,active
4485,"Specialized Crime Investigation","Christian G. Domingo",9781104857868,6,6,active
4486,"Specialized Crime Investigation 2","Arnold Greccia Rago",9781265728182,7,7,active
4487,"Specialized Crime Investigation 2","Royete S. Arcipe",9789127898851,5,5,active
4488,"Specialized Crime Investigation 3","Arnold Greccia Rago",9782499196082,9,9,active
4489,"Specialized Crime Investigation 3","Royete S. Arcipe",9781585537303,6,6,active
4490,"Specialized Crime Investigation w/ Legal Med.","Arlyn M. Dascil",9784376318556,9,9,active
4491,"Specialized Crime Investigation with Legal Medicine","Joner C. Villauz",9786707169448,8,8,active
4492,"Specialized Crime Investigation with Legal Medicine","Atty. Arlyn M. Doscil",9781440004070,8,8,active
4493,"Specific Crime and Their Elements","Victor T. Tulalian",9786023106400,6,6,active
4494,"Specific Crime and Their Elements 2nd Edition","Vidor T. Tulalian",9789729682285,2,2,active
4495,"Specific Crimes and Their Elements","Victor T. Tulalian",9785427344975,8,8,active
4496,"Speech and Drama","Estelita C. Pangilinan",9785197366542,1,1,active
4497,"Speech and Oral Communication for Criminology","Nano Maria Cristina",9785878371056,7,7,active
4498,"Speech and Oral Communication For..","Bajada Cristina Maria",9789259067712,5,5,active
4499,"Speech and Oral Communication For….","Rafaela H. Diaz",9783601743040,2,2,active
4500,"Speech and Theater Arts","Felimon Bonita Blanco",9782560041310,4,4,active
4501,"Speech Communication for College Students","Belinda nemenzo Escandallo",9786775270718,2,2,active
4502,"Speech Communication for Filipinos","Preseso Concepcion",9787971763509,5,5,active
4503,"Speech Improvement w/ Practice Exercise","Aurora L. Samante",9784272990436,2,2,active
4504,"Speeches, Messages and Statements","Jose P. Laurel",9787676227023,1,1,active
4505,"Speed Show","Caldwell Dave",9784316391588,2,2,active
4506,"Speedway to Sunshine","Bramson Seth A.",9786472560464,2,2,active
4507,"Spinal Orthotics",Unknown,9788203690617,2,2,active
4508,"Spott's Canine Miscellant","Mike Darton",9785026134090,2,2,active
4509,"Spreadsheet and Databases","Jaybe Mendoza",9787312206672,10,10,active
4510,"Spreadsheet Application","Shelly Gary B.",9786540532423,7,7,active
4511,"Spreadsheet Applications & Living Online",Unknown,9781694353283,9,9,active
4512,"Spreadsheets and Databases",Unknown,9781780581385,2,2,active
4513,"Sprine Extremeties","Stanley happenfeld",9785732136784,1,1,active
4514,"Spring Flowers","Mabey Richard",9784555261512,2,2,active
4515,"Squandered Victory","Diamond Larry",9787055705296,1,1,active
4516,"Square Peg","Hatch Orren",9780868744124,2,2,active
4517,"Sri Lanka Cooking",Unknown,9785998962585,1,1,active
4518,"Sri Lanka's Tea Industry","Ridwan Ali",9789263560063,7,7,active
4519,"Staffing Organizations","Herbert Heneman III",9782551517978,9,9,active
4520,"Standard First Aid CRR and AED","McGraw Hill",9785193784951,9,9,active
4521,"Standard Handbook for Electrical Engineers","Donald G. Fink",9781273445804,5,5,active
4522,"Standing Eight","Pitluk Adam",9789762134611,1,1,active
4523,"Star Wars","zahn Timothy",9784615265320,2,2,active
4524,"Staristics in Criminology & Criminal Justice","Jeffrey t. Walker",9782247081011,10,10,active
4525,"Stars and Planets Atlas","Ian Ridpath",9788129719881,2,2,active
4526,"Start - Up Understandig Health","William M. Kane",9780894374814,2,2,active
4527,"Start and Run A Catering Business","Erdosh George",9782681793006,10,10,active
4528,"Start And Run A Coffe Bar","Matzen Tom",9780588990580,8,8,active
4529,"Start Up Start Your Own Event Planning Bussiness","Kimball Cheryl",9788140334056,4,4,active
4530,"Start Your Own Truck Food Business",Unknown,9788105635860,4,4,active
4531,"Start-up TOEIC",Unknown,9782131166947,1,1,active
4532,"Starving To Death On $200 Million","Ledbetter James",9780212467648,2,2,active
4533,"State and Local Government",Unknown,9788125983620,5,5,active
4534,"State of a Union","Oppenheimer Jerry",9787498849595,1,1,active
4535,"Statics and Analytical Geometry","3G E Learning",9782609203310,4,4,active
4536,"Statistical Techniques in Business & Economics","Douglas A. Lind",9784656571664,9,9,active
4537,Statistics,"Renante C. Pagala Mat-Math",9787813049952,2,2,active
4538,"Statistics : Support System for Research","Estella Galicano Adanza",9784389641641,1,1,active
4539,"Statistics and Probability","Lino C. Reynoso",9780862953225,2,2,active
4540,"Statistics for General Education","Mamhot Millard R.",9783072487641,10,10,active
4541,"Statistics for Managers Using Microsorf","Levine , David",9782613955748,4,4,active
4542,"Statistics for Thesis Writers","Jabilles Angelo B.",9788618058392,6,6,active
4543,"Statistics General For Education","Millard R. Mamhot",9784083544279,5,5,active
4544,"Statistics General For Education","Gary Paulsen",9789881920690,2,2,active
4545,"Steering them Straight","Stephen Arterburn",9785693259621,2,2,active
4546,"Step by Step Lessons and Practice for Statistics","Rumsey Deborah",9786223683121,7,7,active
4547,"Steps to Follow","Patricia M Davics",9785341839953,7,7,active
4548,"Sticks and Scones","Davidson Mott",9787802280175,2,2,active
4549,"Stir Fires Breakfast Ever Work and Plan Recipes",Unknown,9781062945027,2,2,active
4550,"Stone Arabia",Unknown,9789447353412,2,2,active
4551,"Stone Arabia","Spiotta Dana",9783910323186,2,2,active
4552,"Stones from the River","Ursula Hegi",9786790667470,2,2,active
4553,"Stories From Everywhere","Guy L. Band",9782011040831,2,2,active
4554,"Stories Rarely Told","De Viana Augusto",9784378260181,8,8,active
4555,"Stormy Weather","Hiaasen Carl",9787795334220,2,2,active
4556,"Strange Kicks & Bounce",Unknown,9783939224259,2,2,active
4557,"Strange the selling of clarence thomas justice","Mayer Jane",9787727745759,2,2,active
4558,"Strategic Human Resource Management","Rome Sherriff Montoya",9782188521140,4,4,active
4559,"Strategic Management","Manuel O. Ordana",9784603638396,8,8,active
4560,"Strategic Management","Gregory D. Dees",9786878842041,10,10,active
4561,"Strategic Management in HM/TM","John Paul Guevarra",9785983589476,7,7,active
4562,"Strategic Management in Tourism and Hospitality with Total Quality Management","Don M. Magpantay",9787069392857,10,10,active
4563,"Strategic Marketing Management","Francis B. Banaag",9782025461677,5,5,active
4564,"Strategic Marketing Management","Dr. Lorma S.P. Garcia",9786778189864,2,2,active
4565,"Strategic Operations Management","Angelita Ong Camilar-Serrano",9786139594597,5,5,active
4566,"Strategic Production &n Operation Mngt..","Sheffrif Rome",9781185723502,5,5,active
4567,"Strategies for Reading & Writing","Don Parker",9789473779620,1,1,active
4568,"Strategies for Reading & Writing Lab. …","Don H. Parker",9783896549976,7,7,active
4569,"Strategies for Success","Jim Dornan",9789178220083,2,2,active
4570,"Strategy in a Changing Environment","Lloyd L. Byars",9781001428666,9,9,active
4571,"Street Corner Conservative","Gavin William F.",9786251575955,1,1,active
4572,"Street Rapid Defense Systems","Nelson Vargas",9784909671080,4,4,active
4573,"Street Rapid Defense Systems","Rodney Salcedo",9780458724222,4,4,active
4574,"Street Rapid Deffense Systemed","Vargas Nelson",9784966529485,7,7,active
4575,"Strength and Materials","Andrew Pytel",9780517197257,1,1,active
4576,"Strength Materials","Andrew Pytel",9782343353678,4,4,active
4577,"Strength of Materials","Andrew Pytel",9787777342656,6,6,active
4578,"Strength of Materials","3G E- Learning",9787503104978,8,8,active
4579,"Stress Management Manual","Maraya De Jesus Chebat",9784077128065,1,1,active
4580,"Stress the Psychology of Managing the Pressure","Mclntosh Diane",9789907466690,1,1,active
4581,"Strick Zone","Bouton Jim",9784721712435,2,2,active
4582,"Structure of  Programming Languages","Dr. Jake R. Pomperada",9786683032538,6,6,active
4583,"Structured Cobol Programing","Nancy Stern",9789525587678,2,2,active
4584,"Structures of English","Lelani C. Dapat",9785078107288,5,5,active
4585,"Student Teaching Worktext","Sonia Manzon Atienza",9789476461263,1,1,active
4586,"Student's Manual on Evidence","Victor T. Tulalian",9784993631960,4,4,active
4587,"Student's Manual on Evidence with Study Helps","Tulalian Victor T.",9787564439095,5,5,active
4588,"Student's Manual on the New Philippine Consti..","Naganag Edgar",9781956630060,6,6,active
4589,"Students Manual on Evidence with Study Helps","Tulalian Victor",9786210516401,5,5,active
4590,"Students Study Guide (Life Span Development)","John W. Santrock",9788704811351,2,2,active
4591,"Students Study Guide Elementary Statistics","Allan g. Bluman",9787396527298,1,1,active
4592,"Study & Thinking Skills","Evelyn Sebastian",9789867770554,6,6,active
4593,"Study and Thinking Skill for Criminology","Nano Maria Cristina",9788990712998,6,6,active
4594,"Study and Thinking Skills","Elvira S. Balinas",9789915482705,7,7,active
4595,"Study and Thinking Skills","Ma. Cristina B. Nano",9782933132683,4,4,active
4596,"Study and Thinking Skills","Evelyn L. Sebastian",9783746021362,8,8,active
4597,"Study and Thinking Skills For Criminolgy ..","Bajada Maria Cristina",9788841577127,10,10,active
4598,"Study and Thinking Skills in English","Constancia M. Mazon",9789184251958,9,9,active
4599,"Study Guide & Working Papers for Accounting","Horace R. Broke",9786176558927,10,10,active
4600,"Study Guide and Working Papers for…","Horace R. Brock",9783552858701,1,1,active
4601,"Study Guide in Biological Science","Joy V. Dela Pena",9786302282931,10,10,active
4602,"Study Guide Maxfield & Babbie's Research Methods for Criminal Justice & Criminology","Susan Brinkley",9783528789718,10,10,active
4603,"Study Guide/ Lab Manua to Accompany Welding …","Jeffus Larry",9783596472680,2,2,active
4604,"Study Unit of The Writing Process Part 1","Lisa Rowe Fraustino",9784746455072,9,9,active
4605,"Studyguide to a Company Nation of Nations","James West Davidson",9782831018508,9,9,active
4606,"Su Cuerpo Puede Senare Por Si Mismo",Unknown,9788087564509,8,8,active
4607,"Su Cuerpo Sanarse Por si mismo",Unknown,9785810580102,9,9,active
4608,Subtraction,"Cato Sheila",9787974476192,2,2,active
4609,"Success in Spelling","Ricahrd Madden",9787886636462,5,5,active
4610,"Successful Event Management","Anton Shone",9785333477491,10,10,active
4611,"Successful Events Planning","Kilkenny Shannon",9783379226288,7,7,active
4612,"Successful Restaurant Management","Donald Wade",9789150237436,4,4,active
4613,"Successful Teaching","Richman Scott D.",9787345052192,8,8,active
4614,Suddenly,"Colman Hila",9780504726095,2,2,active
4615,"Suddenly Alone","Philomene Gates",9789629145972,2,2,active
4616,"Sulong Komuniskasyon Kontekstuwalisadong Komunikasyon sa P.","Leupoldo Jr. V. Turla",9783660985917,2,2,active
4617,"Summer Garden Glory","Adrian Bloom",9787473665394,1,1,active
4618,"Summer's Storm","Denise Domning",9788858748954,2,2,active
4619,"Super Quilter II","Hassel Carla J.",9787131984447,2,2,active
4620,"Superstars of the Premier Leaque",Unknown,9781639525744,2,2,active
4621,"Supervision in the Administration of Justice","Paul B. Weston",9787743721232,7,7,active
4622,"Supply Chain Management in the Hospitality Industry","Kyla S. De Castro",9784877561918,8,8,active
4623,"Supreme Court Anottated Quike- Index…","CPLCL Edictorial Staff",9789875579835,8,8,active
4624,"Supreme Court Decisions","Jose N. Nolledo",9782900059050,5,5,active
4625,"Supreme Court Doctrine","Fortunato Gupit Jr.",9785173658548,6,6,active
4626,"Supreme Court Doctrine 1978","Fortunato Gupit Jr.",9785919344247,4,4,active
4627,"Surat Binisaya: Deciphering Ancient","Borrinaga Rolando O.",9782712393304,2,2,active
4628,"Surgery ( The Biology Basis of Modern Surgical)","David C. Salbiston Jr.",9786533535974,10,10,active
4629,Surprise,"Miffin Houghton",9789809628219,2,2,active
4630,"Survey of Afri- Asian Literatuture","Monique  Escalada- Cordoya",9786087875786,8,8,active
4631,"Survey of Afro-Asian Literature","Monique F. Cordova",9787376309777,1,1,active
4632,"Survey of Operating Systems","Holcombe Jane",9789836660978,5,5,active
4633,Surveying,"Arthur Bannister",9788550044507,2,2,active
4634,Survival,"Czerneda Julie E.",9782962901076,2,2,active
4635,"Surviving Exercise","Judy A. Alter",9782265278257,1,1,active
4636,Survivor,"Osboune Sharon",9786305941569,2,2,active
4637,Susan,"Lena Kennedy",9781177539876,2,2,active
4638,"Sustainability Tourism Development in the Philippines","Hennighausen Daniel",9784581987080,5,5,active
4639,"Sweet Treats",Unknown,9780755380534,2,2,active
4640,"Swimming & Water Survival","Bustio Leo",9786597268399,9,9,active
4641,"Sword of Destiny","Justin Hill",9780705130691,2,2,active
4642,"SWU Research Digest","Daniel C. Ventura",9787212815684,7,7,active
4643,Sylistics,"Simpson Paul",9788702785371,1,1,active
4644,"System & Software Engineering","3G E-Learning",9788214924138,8,8,active
4645,"System Analysis & Design Methods","Jeffery L. Whitten",9781730639081,2,2,active
4646,"System analysis and Design","Harry J. Rosenbatt",9788306848366,6,6,active
4647,"System Analysis and Design","Kendall Kenneth E.",9788167238665,10,10,active
4648,"System Analysis and Design","3G E-Learning",9786067755954,6,6,active
4649,"System and Who Development Dreamweaver 10","Marmelo V. Abante",9783541057726,2,2,active
4650,"System and Who Development Dreamweaver 8","Marmelo V. Abante",9780402589884,2,2,active
4651,"System and Who Development Dreamweaver 9","Marmelo V. Abante",9780855872359,1,1,active
4652,"System Integration and Architecture 1","Renato A. Villegas",9788457208026,7,7,active
4653,"System Integration and Architecture 2","Renato A. Villegas",9781041507499,6,6,active
4654,"System Integration and Enterprise Architecture","Marmelo V. Abante",9781660816118,5,5,active
4655,"System Quality Assurance","Niguidula Jasmin",9785661340474,6,6,active
4656,"Systems Analysis & Design","Shelly Gary B.",9780004584089,2,2,active
4657,"Systems Analysis and Design","Kenneth Kendall",9782270699061,8,8,active
4658,"Taekwondo A Technical Manual","Gilles B. Savoie",9789493565807,6,6,active
4659,"Take Down","W.G. Friffiths",9786383647223,1,1,active
4660,"Take It Back","Carwille James",9785581708330,2,2,active
4661,"Take No Prisoners","Davis Marvin A.",9781424496631,2,2,active
4662,"Taking Heart","Summers Rowena",9780045398041,1,1,active
4663,"Taking Notes","Berry Marilyn",9787251409615,2,2,active
4664,"Tala-isip Pagbasa at Pagsulat Tungo sa…","Pamela Constantino",9780998731704,2,2,active
4665,"Talaarawan ng Digmaan","Jose P. Laurel",9788166881305,8,8,active
4666,"Talambuhay ng mga Manunulat","Carmelita S. Lorenzo",9788469128152,1,1,active
4667,"Talking about Detective Fiction","P.D James",9781645466253,1,1,active
4668,"Talking Charge Crisi Intervention in Criminal","Anne T. Eomano",9783125361270,7,7,active
4669,"Talking Sides ( Business Ethics & Ethics & Society)","Lisa H. Newton",9789876229579,7,7,active
4670,"Talking Sides ( Business Ethics & Ethics & Society)","Alison Alexander",9789474508090,10,10,active
4671,"Talking Sides (Clashing Views on Controversial)","Tish Holub",9788971733158,9,9,active
4672,"Talking Sides (Clashing Views on Controversial)","George Mckenna",9787160426147,10,10,active
4673,"Taming the System","Walker Samuel",9787165044155,2,2,active
4674,"Tara Road","Brinchy Maeve",9786445829697,1,1,active
4675,"Target- Group Evangelism","Ralph W. Neighbour",9785419137806,6,6,active
4676,"Tariff & Customs Code Annotated","Mirriam Defensor Santiago",9789876209380,6,6,active
4677,"Tariff and Customs Code of the Philipines",Unknown,9783739652429,10,10,active
4678,"Tariff and Customs of the Philippines",Unknown,9787607414645,10,10,active
4679,"Tarrif & Custome Code of ye Philippines",Unknown,9784026135342,10,10,active
4680,Tarzanna,"Babette Cole",9785556183261,1,1,active
4681,"Taste of Home A Family Cookbook","Sari Jorge",9781384155104,1,1,active
4682,"Taxation I and II","Jose R. Joven",9785425275059,8,8,active
4683,"Taxation Simplified","Angelita A. Villanueva",9788808482075,7,7,active
4684,"Taylor's Guide to Roses","Frances Tenenbaum",9787126334028,1,1,active
4685,"Teach Yourself Windows of Visually",Unknown,9789378132674,9,9,active
4686,"Teacher Training for Inclusive Education","Bella Rogers",9787332627761,5,5,active
4687,"Teachers Manual for We look Around Us","C.W. Hunnicutt",9784695881946,2,2,active
4688,"Teaching & Assessment of Grammar","Jonathan Manas",9786877492940,10,10,active
4689,"Teaching & Assessment of Lit. Students","Maureen Domingo- Bondoc",9789931367574,6,6,active
4690,"Teaching & Assessment of the Microskills","Rivika Alda",9786684905367,5,5,active
4691,"Teaching & Learning for Intercultural Understanding","Rader Debra",9786783203166,9,9,active
4692,"Teaching & Learning Language & Multileteracies","Giron Paraluman R.",9783177905347,4,4,active
4693,"Teaching and Learning Elem. Social Studies","Arthur K. ellis",9783883331515,4,4,active
4694,"Teaching and Learning Logic","Jose R. Jove",9780166480236,8,8,active
4695,"Teaching and Learning Logic : Critical Learning","Jose R. Jove",9782801938898,2,2,active
4696,"Teaching and Learning Logic : Critical Thinking","Jose K. Joven",9785311543972,9,9,active
4697,"Teaching Beyond Context","Veronica Esposo Ramirez",9781573415910,8,8,active
4698,"Teaching Common Competencies in ICT","Marmelo V. Abante",9786608623650,4,4,active
4699,"Teaching English As A Second Language","Subash Chanda Pathak",9784602622471,4,4,active
4700,"Teaching English, Language & Literacy","Wyse Dominic",9789225182616,8,8,active
4701,"Teaching Internship","Milagros Lim Borabo",9783506210845,10,10,active
4702,"Teaching Methods Technologies","Xavier Edson",9781579970628,4,4,active
4703,"Teaching of Islam","Maulana Muhktar Ahmad",9789810997526,9,9,active
4704,"Teaching of Presidents of the church","George Albert Smith",9786866508362,10,10,active
4705,"Teaching of Presidents of the church","Spencer W. Kimball",9781682140734,8,8,active
4706,"Teaching Physical Education in Phil. School","Carmen Tabije Andin",9783087143907,2,2,active
4707,"Teaching Profession II","Celia M. Llanan",9789092005629,5,5,active
4708,"Teaching Profession Passion and Mission","Pawilen Greg Tabios",9780702474859,7,7,active
4709,"Teaching Qualitative Research","Raji Swaminathan",9787988892131,9,9,active
4710,"Teaching Special Students In The …","Rena B. Lewis",9787381522932,5,5,active
4711,"Teaching Strategies 1 for the Teaching of the ..","Rebecca D. Alcantara",9782972540142,5,5,active
4712,"Teaching the Elementary School Subject","Inriqueta V. Ulit",9783847543183,8,8,active
4713,"Teaching Values Usiing Creative Strategies","Fides Antonio-del Castello",9786459478003,8,8,active
4714,"Team P.E 4","Doris D. Tulio",9789246366989,7,7,active
4715,"Tearcher's Handbook for Sportman Like Driving","Driver's Education Specialist",9787555045830,5,5,active
4716,"Techinical Report Writing 2","Bajada Maria Cristina",9787500770992,8,8,active
4717,"Technical Communications","Ma. Perpetua Arcilla Serapio",9783172113594,4,4,active
4718,"Technical English 1","Mercedes A. Foronda",9788043331565,9,9,active
4719,"Technical English 1 and 2","Marilyn B. Fetalvo",9786401014600,8,8,active
4720,"Technical English 1 And 2 Legal Forms for Criminology Students","Marilyn B. Fetalso",9789335206226,4,4,active
4721,"Technical English 2","Mercedes A. Foronda",9786093164263,10,10,active
4722,"Technical English 2 (Legal Form)","Mercedes A. Foronda",9783316140820,7,7,active
4723,"Technical English 2: Investigative Report Writing..","Isalas Alma Jose",9781017171990,1,1,active
4724,"Technical Report Writing","Neelan Saxena",9785740519951,6,6,active
4725,"Technical Report Writing 1 for Criminology","Nano Maria Cristina",9788190056731,4,4,active
4726,"Technical Report Writing 2","Ma. Cristina B. Nano",9785263595173,9,9,active
4727,"Technical Report Writing 2 for Criminology","Nano Maria Cristina",9786352413026,10,10,active
4728,"Technical Report Writing and Presentation","Fernando B. Padduyao",9782867106651,9,9,active
4729,"Technical Report Writing for Criminal Justice","Mercedes A. Toronda",9786024923570,9,9,active
4730,"Technical Report Writing for Criminal Justice","Mercedes A Foranda",9787414905718,7,7,active
4731,"Technical Report Writing for Criminal…","Foronda Mercedes A.",9785322799757,7,7,active
4732,"Technical Report Writing for Criminology…","Maria Cristina B. Nano",9786158789899,5,5,active
4733,"Technical Report Writing Today","Daniel G. Riordan",9781683171515,10,10,active
4734,"Technical Writing","Ma. Junithesmer Rosales",9781424124848,4,4,active
4735,"Technical Writing Across Disciplines","Rosales Ma. Junithesmar D.",9784673137171,6,6,active
4736,"Technical Writing for Publication in Journals","Bautista Ofelia K.",9784190669544,10,10,active
4737,"Technical Writing in the Modern World","Rebecca M. Minas",9780857034014,2,2,active
4738,"Techniques and Principles in Language ….","Wright Rondall",9781761706134,9,9,active
4739,"Techniques and Procedures in Second Language Teaching","Fe R. Daccanay",9781127383184,1,1,active
4740,"Techniques for Planking","Adter Karen",9781720357964,9,9,active
4741,"Techno Designer","Christa Love",9786400191548,6,6,active
4742,"Technology and Livelihood Education","Germelina Crisologo",9786078241163,1,1,active
4743,"Technology and Livelihood Education IV","Paragas Alma L.",9783424114751,2,2,active
4744,"Technology Applications",Unknown,9786624822303,6,6,active
4745,"Technology for Teaching & Learning 1","Ronato Ballado",9784211684600,2,2,active
4746,"Technology for Teaching & Learning 2","Felina P. Espique",9788951592348,5,5,active
4747,"Technology For Teaching and Learning 1","Bilbao Purita P.",9786652174641,9,9,active
4748,"Technology for teaching and learning 2","Felina P. Espique",9783316495067,6,6,active
4749,"Technology for Teaching and Learning 2","Marmelo V. Abante",9785411371345,1,1,active
4750,"Technonlogies Education for the Primary Years","Albion Peter",9786310789071,9,9,active
4751,"Ted Williams","Rick Wolff",9789576018831,2,2,active
4752,"Teen Sex and Choices","Marilyn Morris",9784154474733,1,1,active
4753,"Teenage Waistland","Ellin Abby",9784359736971,1,1,active
4754,"Ten Days in the Hills","Smiley Jane",9781685253172,1,1,active
4755,"Tender is the Night","F. Scott Fitzgerald",9780409370119,2,2,active
4756,"Tender Power","Sherry Suib Cohen",9789689740957,2,2,active
4757,"Terorism Handbook for Operational Responders","Armando Bevelacqua",9789055095797,5,5,active
4758,"Tesoro Hispanico","Robert Lado",9788184726688,5,5,active
4759,"Test : Total English Skills Training",Unknown,9786399241613,4,4,active
4760,"Test Match Special 2",Unknown,9789540627892,1,1,active
4761,"Tests and assessment","W. Bruce Walsh",9788806831127,4,4,active
4762,Texas,"Michener James A.",9787959282237,1,1,active
4763,"Text and Commentaties in Socio-Linguistics","Coleman Gerain",9781256772507,5,5,active
4764,"Text of Hotel Housekeeping Management & Operation","Sudhir Andrews",9788561627140,1,1,active
4765,"Textbook In Auditing Practice","Solita A. trias",9783427732358,4,4,active
4766,"Textbook in Auditing Theory","Solita A. Frias",9783742142092,2,2,active
4767,"Textbook In Police Personnel and Records","Badua Jonah B.",9782079374152,6,6,active
4768,"Textbook of Dendrology","William M. Harlow",9788719942507,9,9,active
4769,"Textbook of Firearms Investigation Identification","Julian S. Hatcher",9789253095582,2,2,active
4770,"Textbook of Medical Physiology","Arthur c. Guyton",9787993642738,7,7,active
4771,"Textbook of Medical-Surgical Nursing","Mary Jo Boyer",9789572381618,2,2,active
4772,"Textbook of Rheumatology","William N. Kelley",9789213511138,1,1,active
4773,"Textbook of Salesmanship","Frederick A Russel",9783010753500,9,9,active
4774,"Textbook on the Philippine Constitution","Hector S. De Lion",9784694841231,1,1,active
4775,"Textnotes to Accompany","Richard T. Schaefer",9782232087387,1,1,active
4776,"Texts and Contexts Writing About Literature with..","Lynn Steven",9787094391375,2,2,active
4777,"That Old Cape Magic","Russo Richard",9788587837929,1,1,active
4778,"That's Why Im Here","Spielman Chris",9783168226086,1,1,active
4779,"The 10% Entrepreneur","McGinnis Patrick J.",9789937151931,4,4,active
4780,"The 1918 Fanny Farmer Cookbook","Farmer Fanny",9787844988381,1,1,active
4781,"The 1985 Rules on Criminal Procedure","Manuel R. Damaran",9783747381137,4,4,active
4782,"The 1998 Bankrupt Yearbook & Almanac","Christopher M. Mehugh",9783704946249,10,10,active
4783,"The 21st Century Intranet","Jennifer Stone Gonzales",9785407700531,2,2,active
4784,"The 26th Man","Fireovid Steve",9785882348112,2,2,active
4785,"The 30 minutes Vegans of The East","Reinfeld Mark",9788082938503,10,10,active
4786,"The 33","Franklin Jonathan",9788477982586,1,1,active
4787,"The 4-Week ultimate Body Detox Plan","Schoffo Michelle",9785371564153,2,2,active
4788,"The 80/20 Principle","Richard Koch",9783307066672,10,10,active
4789,"The ABC of Picture- Taking Case","Artemio I. Panganiban",9786331191617,1,1,active
4790,"The Absolute Differential Calculus","Civita Tullio",9789553093738,4,4,active
4791,"The Absolutely Worst Places To Live In..","Gilmartin Dave",9783403779179,1,1,active
4792,"The Adirondack chair","Mock Daniel",9783793061892,1,1,active
4793,"The Administrative Code of 1987","jose N. Nolledo",9780045820726,5,5,active
4794,"The Adventure of Huckleberry finn","Twain Mark",9786247424687,1,1,active
4795,"The Alibi Man","Tami Hoag",9787325506523,2,2,active
4796,"The American Democracy","Thomas E. Patterson",9789053679128,8,8,active
4797,"The American Health Series Healthy and Happy","Charles C. Winson",9787209578905,1,1,active
4798,"The American Littorial society Handbook…","Bulloch David K.",9783550819964,10,10,active
4799,"The American System of Criminal Justice","Cole George F.",9784456578177,8,8,active
4800,"The American's A History","Winthrop D. Jordan",9784205405150,6,6,active
4801,"The Americanist","Aaron Daniel",9786740920167,2,2,active
4802,"The Amish Nannzy","Clark Mindz Starns",9785993001340,2,2,active
4803,"The Animal Reseach War","Conn Michael",9784058067093,1,1,active
4804,"The Animation Studies Reader","Dobson Nichola",9784465484001,4,4,active
4805,"The ANNALS of the American Academy of Political","Richard D. Lambert",9780400464541,4,4,active
4806,"The Anti- Exual Harassment Act…","Guanzon Ma. Rowena Amelia V.",9787683487526,8,8,active
4807,"The Antiques Clinic","James Fielden",9786048992460,2,2,active
4808,"The Art and Science of Modern Inn keeping","Jerome J. Vallen",9782576013806,2,2,active
4809,"The Art of Argumentation and Debate","Francisco M. Africa",9789511812166,2,2,active
4810,"The Art of Investigation Inetrviewing","Charles L. Yeschke",9782508159596,6,6,active
4811,"The Art of Living Well","Vicente Gullas",9784315071740,1,1,active
4812,"The Art of Nutritional Cooking","Michael Baskette",9786477631039,4,4,active
4813,"The Art of Photography",Unknown,9782319767027,10,10,active
4814,"The Art of Public Speaking","Stephen E. Lucas",9784616844463,2,2,active
4815,"The Art of Self Discovery","Ryan C. Villanueva",9786458924419,8,8,active
4816,"The Art of Speaking","Avelina M. aquino",9788328113725,9,9,active
4817,"The Artful D.O.D.G.E.R.","Losorda Tommy",9784792975913,6,6,active
4818,"The Arts & Science of Cooking in…","Gofflief Adam",9784894009462,2,2,active
4819,"The Arvil Guide to Reasearch Papers Writing","Manlapaz Francisco",9788463924880,2,2,active
4820,"The Autobiography","Barnes John",9788073767648,2,2,active
4821,"The Autobiography","Boothrayd Betty",9783780534255,2,2,active
4822,"The Automotive Drive Trains & Chasis Unit","Felizardo Y. Francisco",9789187162893,4,4,active
4823,"The Aviator","Ernest K. Gann",9784767666099,2,2,active
4824,"The Ayatollah Begs to Differ","Majd Hooman",9789193526429,1,1,active
4825,"The Ballad of Baby Doe","Smith Duane A.",9789931769705,2,2,active
4826,"The Balloon Man","Macleod Charlotte",9786759105630,2,2,active
4827,"The Bar Beverage Book","Chris Thomas",9789670447773,10,10,active
4828,"The Bar Book","Jeffrey Morgenthaler",9784057702506,1,1,active
4829,"The Bar Companion","Syluia Silvestre- Ama",9781554494095,9,9,active
4830,"The Basic of Fingerprint with Laboratory Activities","Veneranda Poschor - Depasyo",9789857525638,9,9,active
4831,"The Basics of Fingerprint","Veneranda Poschor- Depayso",9784484555768,7,7,active
4832,"The basics of Fingerprints","Veneranda P.Depayso",9783354205093,2,2,active
4833,"The Battle of the Labysinth","Riordan Rick",9783072772822,2,2,active
4834,"The BBQ & Compfire Recipe Book","Cox Luke",9786958870896,2,2,active
4835,"The Bean Trees","Barbara king Solver",9782660366986,2,2,active
4836,"The bedford Reader","X.J Kennedy",9782764482940,1,1,active
4837,"The Beginner's Book of Pottery","Harold Powell",9785007961653,1,1,active
4838,"The Best American Travel Writing 2002","Frances Mayes",9787778424719,1,1,active
4839,"The Best From Out West","Woodbury Chuck",9784919163698,2,2,active
4840,"The Best of Gourmet",Unknown,9780725925017,6,6,active
4841,"The Bible Story","Maxwell Arthur S.",9789156978074,2,2,active
4842,"The Big Burn","Egan Timothy",9783070081339,1,1,active
4843,"The Big Rose","Joe Ginniss",9789023743262,2,2,active
4844,"The Big Show Inside SPN'S Sports Center","Abermann Keith",9784941801698,1,1,active
4845,"The Birth of An Aphid And Other Natures Stories","Banks Charles S.",9789911294647,2,2,active
4846,"The Blood of Olympus","Riordan Rick",9783118287914,1,1,active
4847,"The Blue Book","Mario A. Garcia",9786595112038,6,6,active
4848,"The Blue Book Of Crime","Dickerson Cooke",9789059666948,1,1,active
4849,"The Blue Book Vol. 1 Prof Courses","Mario A. Garcia",9783943837544,5,5,active
4850,"The Blue Book Volume 1","Mario A. Garcia",9788846377340,5,5,active
4851,"The Blue Book Volume 2","Mario A. Garcia",9788503027724,9,9,active
4852,"The Blue Book Volume 3","Mario A. Garcia",9781793162502,9,9,active
4853,"The Blue Mirage","Mc Namara Joseph D.",9785326799241,2,2,active
4854,"The Bluejackets Manual","Bill Bearden",9788372687791,2,2,active
4855,"The Book of Books","Trevor Dennis",9788894912869,1,1,active
4856,"The Book You Wish Your Parents Had Read","Philippa Perry",9782877478694,7,7,active
4857,"The Bount Report","Blount Terry",9780407629691,1,1,active
4858,"The Bread Baker Bible",Unknown,9785241573186,2,2,active
4859,"The Bridesmaid Handbook","Naylor Sharon",9782040410711,1,1,active
4860,"The Brighton Story","Collins Geraldine",9782943370266,1,1,active
4861,"The Britannia Obses","Woods Brett",9787814963554,2,2,active
4862,"The Burglar in the Rye","Lawrence Block",9781935311010,1,1,active
4863,"The Butter speaks","Macpherson Charles",9785845673138,9,9,active
4864,"The C Programming Language","Henry Knox",9780017493170,7,7,active
4865,"The Call of the wild & white Fang","Jack London",9786073021739,2,2,active
4866,"The Camera","Artemio I. Panganiban",9783397010142,2,2,active
4867,"The Carbohydrate Addicts","Heller Richard F.",9786218922402,1,1,active
4868,"The Carbohydrates Addicts Cookbook","Dr. Richard F. Heller",9786138654964,1,1,active
4869,"The Cardinal of the Kremlin","Tom Clancy",9780251435806,2,2,active
4870,"The Carnivorous Plant Guide for your Exp…","Trionfetti Rosella",9784711800456,10,10,active
4871,"The Cartel 4; Diamonds are Forever","Ashley & Jaquavis",9781531195960,1,1,active
4872,"The Casanova Complex","Peter Trachtenberg",9782769347794,1,1,active
4873,"The Casebook of Forensic Detection","Colin Evans",9786054856251,2,2,active
4874,"The Cat in the Hat Comes Back","Dr. Seuses",9785042246401,2,2,active
4875,"The Cat Who Covered The World","Wren Christopher S.",9789486175419,2,2,active
4876,"The Catalog Book","Judy Shepard",9787711488167,1,1,active
4877,"The Celebrity Pasta Lover's Cookbook",Unknown,9785801975573,1,1,active
4878,"The Challenge of Effective Speaking ..","Verderber Rudolf F.",9788267865044,4,4,active
4879,"The Challenger Customer","Adamson Brent",9784144294266,6,6,active
4880,"The Chameleous Shadow","Walters Minette",9780880501514,2,2,active
4881,"The Childrens Story","Clavell James",9787862684975,1,1,active
4882,"The Childrens Story Bible","Alexander Pat",9784241698141,1,1,active
4883,"The Christmas Guest","Griffith Andy",9780768170061,1,1,active
4884,"The Church in Prophetic Perspective","John Macarthur Jr.",9784365972394,1,1,active
4885,"The Clinic","Kellerman Jonathan",9786610541713,2,2,active
4886,"The Close","Breyer Chloe",9780076017515,2,2,active
4887,"The Cloud of Unknowing","Thomas H. Cook",9780778428459,1,1,active
4888,"The Clue of the Hissing Serpent","Dixon Franklin",9787618677060,2,2,active
4889,"The Colico trail","Echhardt Kristian",9787219228340,2,2,active
4890,"The College Press NIV Commentary Acts","Dennis Gaertner",9781430921523,8,8,active
4891,"The Collins Who's Who of English First-Class…","Brooke Robert",9782597833674,2,2,active
4892,"The Colonel of Chicago","Gies Joseph",9780891205999,2,2,active
4893,"The Columbia Viking Desk Encyclopedia","William Bridgwater",9784769880127,2,2,active
4894,"The Combat Shotgun & Submachine Gun","Chuck Taylor",9782562083615,9,9,active
4895,"The Comedy Annual 2012","Pached Jam",9788802570167,1,1,active
4896,"The Coming Revolution","Lee Richard G.",9780637035590,1,1,active
4897,"The Compleat Merrage","Nancy Van Pelt",9789151676166,2,2,active
4898,"The Complete Book of Shaitsu Therapy","Namikoshi Toru",9782965863609,2,2,active
4899,"The Complete Books of Running","James F. Fixx",9785368732091,1,1,active
4900,"The Complete Gallouping Gournet","Grosset S. Dunlap",9782545080693,1,1,active
4901,"The Complete Grammar","Strumpf Michael",9780978738716,6,6,active
4902,"The Complete Guide to Successful Events Planning","Kilkenny Shannon",9788341000668,10,10,active
4903,"The Complete Reference PC Hardware","Craig Zacker",9788484393009,6,6,active
4904,"The Complete Tales & Poem of Edgar All Poe","Edgar Allan Poe",9786035608978,2,2,active
4905,"The Complete Works of William Shakespear","Sharespear William",9786493759045,1,1,active
4906,"The Complete Works of William Shakespeare","William Shakespeare",9787905830475,2,2,active
4907,"The Comprehensie Dangerouse Drugs Act 2002",Unknown,9782789027645,4,4,active
4908,"The Comprehensive Dangarous Drugs Act of 2002","Miller F. Peckley",9781300501985,6,6,active
4909,"The Comprehensive Dangerous Drugs Act of 2002","Miller F. Peckley",9787547388082,6,6,active
4910,"The Conflict","Badinler Elisabeth",9782740628287,2,2,active
4911,"The Conjugal Dictationship of Ferdinand &…","Primitivo Mijares",9780725532055,2,2,active
4912,"The Conran Octopos Decortating","Anoor Parikh",9788515501359,1,1,active
4913,"The Constitution of the Republic of the Phils.","Efren V. Ramirez",9784711788754,5,5,active
4914,"The Contemporary World","Aldama Prince",9785139184180,4,4,active
4915,"The Contemporary World","Gutierrez-Ang Jaime",9785141200748,4,4,active
4916,"The Contemporary World","Joliver Lobo",9780451569936,9,9,active
4917,"The Contemporary World","Nephtaly Joel B. Botor",9782769268990,5,5,active
4918,"The Contemporary World","Lisandro Claudio",9787387930922,6,6,active
4919,"The Contemporary World","Janet A. Mananay",9785239060568,9,9,active
4920,"The Contemporary World","Joseph M. Cristobal",9786071241375,5,5,active
4921,"The Contemporary World: Looking Through the Lenses of Globalization","Carmelo Rico Bihasa",9789491258190,5,5,active
4922,"The Cook in Cajun",Unknown,9786694364369,1,1,active
4923,"The Cook's Compedium","Davis Jenni",9783145945689,6,6,active
4924,"The Cookbook Collector","Goodman Allegra",9785089514631,1,1,active
4925,"The Cookery Year",Pomeroy,9781879897632,10,10,active
4926,"The Cool War","Pohl Frederik",9780230423336,1,1,active
4927,"The Copper Beech","Binchy Maeve",9781960250926,1,1,active
4928,"The Cornell School oh Hotel Aministration on Hospotality",Unknown,9780400438665,7,7,active
4929,"The Corporation Code","Jose Campos Jr.",9788470726026,7,7,active
4930,"The Corporation Code of the Philippines","Hector S. De Leon",9785789663684,7,7,active
4931,"The Cottage Garneners Companion",Unknown,9785373808828,1,1,active
4932,"The Courage Consort","Michael Faber",9783097019988,1,1,active
4933,"The Crazy Horse Electric Game","Chris Crutcher",9784770751867,1,1,active
4934,"The Creative Home Making Guide to…","Paxton Rachel",9781098636784,1,1,active
4935,"The Creative Home Making Guide….","Paxton Rachel",9788168960060,1,1,active
4936,"The Crime Problem","Walter C. Ruckless",9786881279049,10,10,active
4937,"The Croosley baby","Jacqueline Carey",9785284658062,1,1,active
4938,"The Cross-Country Quilters","Jennifer Chiaverini",9787922419974,1,1,active
4939,"The Crowd Pleasers","Rosemary Rogers",9780310808343,2,2,active
4940,"The Curious Bartender","Tristan Stephenson",9780985448783,8,8,active
4941,"The Customer Rules","Cockerell Lee",9784833465861,1,1,active
4942,"The Cutters Tale","Price John",9782602131801,2,2,active
4943,"the Da Vinci Code","Dan Brown",9786640599746,2,2,active
4944,"The David Beckham Academy",Unknown,9780878037827,1,1,active
4945,"The Death Outrage","William J. Bennett",9783712688704,2,2,active
4946,"The Deep Zone","James M. Tabor",9781557813732,2,2,active
4947,"The Development of the American Economy","August C. Bolino",9781421756240,9,9,active
4948,"The Devil can Ride","Klancher Lee",9789944331784,2,2,active
4949,"The Devils Alternative","Frederick Forsyth",9787305976629,1,1,active
4950,"The Diamond in the Bronx","Neil J. Sullivian",9788407846407,1,1,active
4951,"The dictionary of Whole Some Food","Embree De Persiis Vona",9785774662197,1,1,active
4952,"The Digital Economy","Tapscott Don",9787856525543,8,8,active
4953,"The Digital Information Age","Kuc Roman",9784586672929,5,5,active
4954,"The Directory of Home Banking & Online…",Unknown,9789072267948,8,8,active
4955,"The Dive From Clausens Pier","Ann Packer",9786015413820,1,1,active
4956,"The Earth from the Air 365 New Days","Thames & Hudson",9783868833928,7,7,active
4957,"The Education of A Coach","Halbertstam David",9788986225464,1,1,active
4958,"The Education of Lieutenant Kerry","Vistica Gregory L.",9782966103568,2,2,active
4959,"The education of Tom Perkins Valley Boy","Perkins Tom",9787480843716,2,2,active
4960,"The Electoral College","Suzanne Levert",9789262735066,2,2,active
4961,"The Electronic Commerce Act","Jesus Disini Jr.",9780126646092,4,4,active
4962,"The Elvenbane","Andre Norton",9781490910093,2,2,active
4963,"The Emperor and the Pope","E.E. Y. Hales",9786659545437,1,1,active
4964,"The Encyclopedia of Cult Childrens TV","Lewis Richard",9780178462749,1,1,active
4965,"The End of the Peir","Martha Grimes",9780522589870,1,1,active
4966,"The English Linguistics Project","Malicsi Jonathan",9780732166564,1,1,active
4967,"The Enlighted Kitchen",Unknown,9780708611715,1,1,active
4968,"The Entrepreneur","Saidali Margarita R.",9784025006421,5,5,active
4969,"The Epics","Damiana L. Eugenio",9787643494656,5,5,active
4970,"The Equation","Isaacson Don",9786505347741,1,1,active
4971,"The Error World","Garfield Simon",9781602859531,1,1,active
4972,"The Errror World","Garfield Simon",9785598759202,2,2,active
4973,"The Essence of Provence","Magnan Pierre",9781552823019,2,2,active
4974,"The Essential Guide to Baking",Unknown,9784303297749,2,2,active
4975,"The Essential Seafood Cookbook",Unknown,9784332945789,2,2,active
4976,"The Essential Threatre","Brokett Oscar",9787404772467,7,7,active
4977,"The Essentials of Polygraphy","Adra Marry Jane Q.",9784972834191,9,9,active
4978,"The Essentials of Polygraphy & Lie Detection","Soriano Ma. Corazon B.",9780671009977,10,10,active
4979,"The Essentials Of Writing","Imme Roma-Mirasol",9784429829930,8,8,active
4980,"The Ethical Foundations of Criminal Justice","Richard A. Spurgeon Hall",9786421282652,4,4,active
4981,"The Event Marketing Handbook","Saget Allison",9785970248911,8,8,active
4982,"The Exeptional student in the regular Classroom","Gearheart / Weishahn",9785579991584,4,4,active
4983,"The Eyes of the Dragon","Stephen King",9783456512341,2,2,active
4984,"The Fact","Drs. Sampson Davis",9784407080636,1,1,active
4985,"The Family Orchard","Eve Nomi",9783959435789,1,1,active
4986,"The Family Practice Desk Reference","Charles E. Driscoll",9785907312821,2,2,active
4987,"The Fashion Conspiracy","Coleridge Nicholas",9781126421818,1,1,active
4988,"The Fat Resistance Diet","Galland Leo",9784478893777,2,2,active
4989,"The Filipino Heroes","Maria Odulio De Guzman",9787050709503,4,4,active
4990,"The Finacial Planning Workbook","Larry Burkelt",9786263276246,9,9,active
4991,"The Final Verdict","Antonio Vn. Figueroa",9782657207988,1,1,active
4992,"The First Eagle","Hillerman Tony",9784707893790,1,1,active
4993,"The First Forty Years","Jacklm Tomy",9787523999639,2,2,active
4994,"The First Salute","Barbara W. Tuchman",9789184544197,2,2,active
4995,"The First Stampede of Flores Ladue","Bryden Wendy",9788579282621,1,1,active
4996,"The First Time Manager","Belker Loren B.",9789016515999,9,9,active
4997,"The Fisher King","Marshall Paule",9782747871556,2,2,active
4998,"The Five People you Meet in Heaven","Mitch Albom",9783317931342,1,1,active
4999,"The Flying Man","Roopa Farooki",9785619617658,2,2,active
5000,"The Focus of Special Crime Investigation","Mario Baesa Garcia",9780210002780,9,9,active
5001,"The Forensic Science of C.S 1","Katherine Ramsland",9784995870053,2,2,active
5002,"The Fox in Winter","Branfield John",9782538063191,1,1,active
5003,"The Friends Factor","Alan Loy Mc Ginnis",9785376932872,1,1,active
5004,"The Front Lie Leader","Gorder Chris Van",9789274622682,9,9,active
5005,"The Fundamentals of Legal Writing","Roberto A. Abad",9789753115247,9,9,active
5006,"The Fundamentals of Taxation","Hector S. De Leon",9783872075796,10,10,active
5007,"The Further Exploits ot Mr. Saucy Squirrel","Wyatt Wooddrow",9781444941999,5,5,active
5008,"The Futurist","James P. Othimer",9784596243843,2,2,active
5009,"The Galton Case","Ross Macdonald",9789277157365,1,1,active
5010,"The Game of Spairistike or Lawn Tennis","Wingfield Walter",9780705182515,2,2,active
5011,"The Garden Book",Unknown,9780318672076,1,1,active
5012,"The Gene Smart Diet","Chilton Floyd H.",9789144566191,2,2,active
5013,"The Giant's Tooth","Gillian Rubinstein",9786760150438,2,2,active
5014,"The Girl who kicked the hornet's nets","Stieg Larsson",9780102655766,2,2,active
5015,"The Girls From Ames","Zaslow Jeffrey",9787566573292,2,2,active
5016,"The Glister","Burnside John",9787410506858,2,2,active
5017,"The Goddess Myth in Contemporary Literature and Popular Culture","Mary J. Magoulick",9780233094625,8,8,active
5018,"The Golden Goose","Mumford Claire",9784706165379,1,1,active
5019,"The Golden Mask","Robyn Donald",9780534289072,1,1,active
5020,"The Good Cook Pork",Olney,9788162930960,9,9,active
5021,"The Good Samaritan Strikes Again","McManus Patrick F.",9785071066162,1,1,active
5022,"The Graduate Students Guide to India..",Unknown,9783670590415,1,1,active
5023,"The Great Depression A Head","Dent Harry S.",9787977963194,1,1,active
5024,"The Great Hope","Nathan Greene",9784670996085,8,8,active
5025,"The Great Physician's Rx for Childrens.","Rubin Jordan",9784961229830,2,2,active
5026,"The Great Physicians Rx for Children's Health","Jordan Rubin",9788788477986,1,1,active
5027,"The Greatest Generation","Brokaw Tom",9784375968684,1,1,active
5028,"The Greatest Gift of All","Penny Richards",9782748230093,2,2,active
5029,"The Greatest is Love","Tyndale House Pub.",9781547595013,2,2,active
5030,"The Greatest Player Who Never Lived","Veron Michael",9783672115678,1,1,active
5031,"The Greek Kitchen",Unknown,9784082824648,1,1,active
5032,"The green kingdom",Unknown,9783716509425,1,1,active
5033,"The Greezer Cookbook","Pritcheet Dwayne",9781596378131,1,1,active
5034,"The Grey Shepherds","Angus Mavigar",9789151813691,1,1,active
5035,"The Grolier International Dictionary",Unknown,9780047904646,10,10,active
5036,"The Guinness Book of Soccer Fact & Feats","Rollin Jack",9789405815198,2,2,active
5037,"The Handbook of English for Specific Purposes","Paltridge Brian",9783942789110,10,10,active
5038,"The Harriet Lane Handbook","Michael A. Brone",9786890098600,1,1,active
5039,"The Healthy PC : Preventive Care. Home","Guy Hart Davis",9786814416664,9,9,active
5040,"The Hen With The Wooden Leg","Routiaux Claudine",9781772942064,1,1,active
5041,"The Hidden Hand","Richard J. Aldrich",9780805858242,2,2,active
5042,"The holy Bibble",Unknown,9784977957246,1,1,active
5043,"The Honey Well","Mallette Gloria",9780303151869,1,1,active
5044,"The Hornet's Nest","Carter Jimmy",9787598962248,1,1,active
5045,"The Horse You Came In On","Grimes Martha",9787641949585,2,2,active
5046,"The Hospitality Industry","Celia A. Carino",9782519901023,5,5,active
5047,"The Host","Stephenie Meyer",9783349227772,2,2,active
5048,"The House of Hades","Riordan Rick",9788594268235,1,1,active
5049,"The Human Age","Ackerman Diane",9785434482134,2,2,active
5050,"The Hunger Games","Suzanne Collins",9781155769417,1,1,active
5051,"The Hunter The Hammer And Heaven","Pelton Robert Young",9781398553231,2,2,active
5052,"The I.C.U Therapeutics Handbook","Paul E. Marik",9785083973175,7,7,active
5053,"The ICe Child","Elizabeth Mc Gregor",9782523243423,2,2,active
5054,"The ICU handbook of Facts, Formulas…","Joseph Varon",9783957965622,1,1,active
5055,"The ICU Therapeutics Handbook","Paul E. Marik",9780733500640,8,8,active
5056,"The Identification of Firearms","Jack Disbrow gunther",9785804829408,2,2,active
5057,"The Iliad Homer","Blakely Ralph",9788286255871,2,2,active
5058,"The Illustrated Encyclopedia for Learning",Unknown,9789370625877,1,1,active
5059,"The Illustrated Encyclopedia of Animal Life","Drimmer Frederick",9786080558228,1,1,active
5060,"The Illustrated Encyclopedia of Animal Life","Goodwin George G.",9782316750114,2,2,active
5061,"The Illustrated History of the Nature World","Oliver Goldsmith",9783270341479,2,2,active
5062,"The Incomparable Law-Enforcer","Ameilta Reysio-Cruz",9785688637137,7,7,active
5063,"The Infiltrators","Philip Entienne",9789987080533,2,2,active
5064,"The Insurance Code of the Phil. Annotated","Rufas B. Rodriguez",9782898122392,8,8,active
5065,"The Inverted Mirror","Michael Nolan",9785753764454,2,2,active
5066,"The Invisible Farmers","Sachs Carrolyn E.",9782562220836,1,1,active
5067,"The Jerky Chef",Unknown,9786442996132,2,2,active
5068,"The Journey to Worlds End",Unknown,9787186069939,1,1,active
5069,"The Joy of Wildlife Gardening-an RSPB","Smith Geoffrey",9789451068388,8,8,active
5070,"The Juvenile Justice ( Concept & Issue )","Gennaro F. Vito",9782921629867,9,9,active
5071,"The Juvenile Justice System","J. Champion",9784278571035,4,4,active
5072,"The Kentucky Cycle","Chenkkan Robert",9783056956255,2,2,active
5073,"The Key to Clarity","Jouie Litawen D.",9780969412359,9,9,active
5074,"The Kindergarten Teachers","Judy Keshner",9788889908884,1,1,active
5075,"The Kiss","Danielle Steel",9780811071499,2,2,active
5076,"The Ladies' Man","Linor Lipman",9783603680855,1,1,active
5077,"The Lamorna wink","Grimes Martha",9784437213264,2,2,active
5078,"The Land Beyond The Mountains","Janice Holt Giles",9787638319186,2,2,active
5079,"The Landing A Night Of Birds","Scoles Katherine",9784384309799,1,1,active
5080,"The Language of Evidence","Norman Biangcong Bustillo",9785684218187,2,2,active
5081,"The Last lecture","Zaslow Jeffrey",9781874729136,1,1,active
5082,"The Last Plantation","Njeri Itabari",9781265974602,1,1,active
5083,"The Law and Negatiable Instruments","Hector S. De Leon",9780231217811,1,1,active
5084,"The Law in Insurance and Sales","Hector S. De Leon",9780423275889,7,7,active
5085,"The Law of Property Annotated","Rufo S. Sucaldito",9781859206300,1,1,active
5086,"The Law on Agency, Sales and Credit…","Renato R. Pasimio",9784165272618,10,10,active
5087,"The Law on income Taxation","Benjamin D. Teodoro",9789109531004,8,8,active
5088,"The Law on Negotiable Instruments","Hector S. De Leon",9781792513626,10,10,active
5089,"The Law on Sales, Agency, Pledge & Mortgages","Carlos B. Suarez",9783801370206,5,5,active
5090,"The Law on Tranfer and Business Taxation","Hector S. De Lion",9789819401468,10,10,active
5091,"The Lawgiver","Wolk Herman",9781360772721,2,2,active
5092,"The Lawyer in Other Concerns","Fritz V. Quinonola",9784509806356,4,4,active
5093,"The Le Cordon Bleu Recipes",Unknown,9783350162628,1,1,active
5094,"The Legacy of the Rose","Kasey Michaels",9781049461731,2,2,active
5095,"The Legal and Regulatory Environment of Business","Robert N. Corley",9785151332095,4,4,active
5096,"The Legal and Regulatory Environment on the Civil","Robert N. Corley",9787309240740,7,7,active
5097,"The Legal Foundation of Public Administrationo","Donald D. Barry",9783596653393,4,4,active
5098,"The Legend of the Curse of the Bambino","Shaughnessy Dan",9783638574334,1,1,active
5099,"The Life & Works of Jose Rizal","Cecilie Sharon Porras",9781958000847,8,8,active
5100,"The Life & Works of Jose Rizal","Enrique Balili",9786267501467,4,4,active
5101,"The Life and Tennis of the Thunderbolt Kid","Bryson Bill",9781465003942,1,1,active
5102,"The Life and Works of Jose Rizal","Cecile Sharon T. Parras",9785584642013,10,10,active
5103,"The Life and Works of Jose Rizal","Remedios A. Sanchez",9781902320168,8,8,active
5104,"The Life and Works of Rizal","Arisla Mariano M.",9781988906096,6,6,active
5105,"The Lifes and Works of Jose Rizal","Remedios A. Sanchez",9787507519266,4,4,active
5106,"The Light Fantastics","Terry Pratchett",9787504616227,2,2,active
5107,"The Light of Evening","Oben Edna",9783965688728,2,2,active
5108,"The Literature of Asia and Africa","Carolina R. Duka",9782048710363,4,4,active
5109,"The Literature of the Philippines","Ferdilyn C. Lacia",9783476414427,2,2,active
5110,"The Literature of the World","Ferdilyn C. Lacia",9781974531455,2,2,active
5111,"The literatures of Asia and Africa","Carolina R. Duka",9785080029066,2,2,active
5112,"The Literatures of the Philippines","Ferdilyn C. Lacia",9789547356429,9,9,active
5113,"The Literatures of The World","Ferdilyn C. Lacia",9787294361093,10,10,active
5114,"The Little Black Books of Geriatrics","Karen Gershman",9789824508145,1,1,active
5115,"The Little Book of Indoor Golf Games","Adrian Winter",9784702360747,2,2,active
5116,"The Little Prince","Antoine De Saint-Exupery",9787060225253,1,1,active
5117,"The Liverpool Basque","Helen Forrester",9783134176223,2,2,active
5118,"The living well","Vicente .Gullas",9789541754016,1,1,active
5119,"The Longest Whale Song","Jacqueline Wilson",9783790584820,2,2,active
5120,"The Lotus Eaters","Gerald Gree",9787393396910,1,1,active
5121,"The Loud Book","Underwood Deborah",9788296561207,1,1,active
5122,"The Macintosh ilife '06","Jim Heid",9784646764786,2,2,active
5123,"The Mainstream of Civilization","Stanley Chodorow",9785625084505,10,10,active
5124,"The Making of Todays World","R.O. Hughes",9781439992579,9,9,active
5125,"The Male Cross-Dresser Support Group","Jana witz Tama",9789928610287,1,1,active
5126,"The Male Factor","Shaunti Feldhahn",9785143825529,2,2,active
5127,"The Mammoth Cheese","Holman Sheri",9783286591813,1,1,active
5128,"The Manager's Path","Fournier Camille",9789805283900,10,10,active
5129,"The Marcos Dynasty","Sterling Seagrave",9783067308302,2,2,active
5130,"The Mariner's Dictionary","Gershon Bradford",9788840167763,5,5,active
5131,"The Mark Of Athena","Riordan Rick",9782191050712,8,8,active
5132,"The Match","Helfgot Susan Whitman",9780957445406,2,2,active
5133,"The Mc. Graw-hill College Handbook","Richard Marirus",9789143876734,2,2,active
5134,"The meaning of the 20th Century","Kenneth E. Boulding",9784315567694,8,8,active
5135,"The Meat Buyer's Guide",Unknown,9789792962635,2,2,active
5136,"The Mercy Seat","Neil Labute",9787324370392,1,1,active
5137,"The Message That Works","T.L. Osborn",9789056651411,1,1,active
5138,"The Mighty Johns","David Baldacci",9784307683296,1,1,active
5139,"The Millenium Bug","Hyatt Michael S.",9786816051917,2,2,active
5140,"The Miracle of Costel Di Sangro","Joe McGinnies",9780242363743,2,2,active
5141,"The Missing Book 3 Sabotage","Haddix Margaret Peterson",9787380131845,1,1,active
5142,"The Mitford Years","Katon Ja",9784135716821,1,1,active
5143,"The Mommy Brain","Elison Catherine",9781114762077,2,2,active
5144,"The Money In You","Stav Julie",9784787354143,1,1,active
5145,"The Monster Factory","Archer Mandy",9785647311689,2,2,active
5146,"The Most Obliging Man in Europe","Platt Christopher",9789266370089,2,2,active
5147,"The Myths","Damiana L. Eugenio",9788943830144,10,10,active
5148,"The National Council Licensure Examination","Eileen Mc Quaid",9787816560881,2,2,active
5149,"The National Interval Revenue Code","jose N. Nolledo",9784189024460,1,1,active
5150,"The National Service Training Program NSTP 2","Ernesto B. Andres",9782882617347,10,10,active
5151,"The Nature and Properties of Soil","Nyle C. Brady",9780873631495,2,2,active
5152,"The Negotiato","Frederick Forsyth",9781813722938,1,1,active
5153,"The New age baby name book","sue browder",9784503083494,1,1,active
5154,"The New American Revolution","Bruce Tammy",9781647649272,1,1,active
5155,"The New Book of Knowledge",Unknown,9788681337226,5,5,active
5156,"The New Book of Popular Science",Unknown,9787818155399,9,9,active
5157,"The New Cannoisseur's Handbook of California…","Ruby Norman S.",9785883021366,1,1,active
5158,"The New Dimensions in Learning English","Edra Mondano Dela Crus",9781603384179,2,2,active
5159,"The New Encyclopedia Britannica",Unknown,9788760287497,10,10,active
5160,"The New Global Tourism Characteristics","Charles W. Kegley Jr.",9787264881057,4,4,active
5161,"The New National International Revenue Code","Rodelio T. Dascil",9780391678125,9,9,active
5162,"The New Pasta Cook Book","Joanne Glynn",9788379398591,8,8,active
5163,"The New Police Report Manual","Devallis Rutledge",9780822781462,5,5,active
5164,"The New Rules of Management & PR","Scoot David Meerman",9785395369826,8,8,active
5165,"The new Webster's Library of Practical Information","Donald O. Bolander",9782072486111,1,1,active
5166,"The New Woman","Hassler Jon",9786230678011,2,2,active
5167,"The News Breaker","Garrison Larry",9786701412809,2,2,active
5168,"The Next Best Thing","Weiner Jennifer",9784712083629,2,2,active
5169,"The Night Before Christmas in Nevada","Carabine Sue",9788748562370,2,2,active
5170,"The Night of the Hunter","Davis Grubb",9781732776067,2,2,active
5171,"The Nine Mile Wolves","Bass Rick",9789513689902,1,1,active
5172,"The Nine Our New You","Miranda Llewellyn",9785741698433,2,2,active
5173,"The Norm Chronicks","Blastland Michael",9786337561841,2,2,active
5174,"The Northon Anthology of American Literature","Nina Baym",9783577778596,6,6,active
5175,"The Norton Anthology American Literature","Robert S. Levine",9789458361888,5,5,active
5176,"The Official Annual 2007","Doctor Who",9787448923962,1,1,active
5177,"The Official Annual 2008","Doctor Who",9784244502568,1,1,active
5178,"The Official England Little Book of Football","Reeves Jon",9780217829595,2,2,active
5179,"The Oktobertest Cookbook",Unknown,9786103763295,1,1,active
5180,"The Old Farmers Garden Fresh",Unknown,9780380437412,2,2,active
5181,"The Omega Custom Printmaking Manual…","Artemio I Panganiban",9786980865518,1,1,active
5182,"The On- Demand Brand","Mathieson Rick",9788619970785,1,1,active
5183,"The Oscar Puffin Book","Beresford Elisabeth",9789313294023,1,1,active
5184,"The Other Garden","Wyndham Francis",9785942501655,2,2,active
5185,"The other Side of The River","Kotlowitz Alex",9785557486323,2,2,active
5186,"The Pale of Settlement","Singer Margot",9780705605571,1,1,active
5187,"The Paradise of All These Parks","Mitchell John Hanson",9788410960060,1,1,active
5188,"The Paradise of All These Parts","Mitchell John Hansen",9781615317660,2,2,active
5189,"The Patriarch","Tifft Susan E.",9782445697915,1,1,active
5190,"The Penultimate Peril","Snicked Lemony",9784336975751,1,1,active
5191,"The Philipines : A Unique Nation","Sonia M. Zaide",9785460683420,10,10,active
5192,"The Philippines","Dann V. Hart",9780533882496,2,2,active
5193,"The Philippines a Visual Journey",Reyes,9789696608189,9,9,active
5194,"The Philippines Constitution","Enrique M. Fernando",9785880414031,7,7,active
5195,"The Philipppines -Development & Progress","Hamilton /Simpson",9783487451268,7,7,active
5196,"The Philipppines -Development & Progress","Felicitas T. Leogardo",9789379022936,4,4,active
5197,"The Physical Universe","Ronald G. Samec",9789443121343,4,4,active
5198,"The Physical World",Unknown,9785579990075,10,10,active
5199,"The Pig","Reid Lori",9785668723065,1,1,active
5200,"The Pocket Book of British Patriotism",Unknown,9786578371513,1,1,active
5201,"The Pocket Book Of Spurs","Cloake Martin",9784136777678,1,1,active
5202,"The Police & the Crime Problem ""The Annals""","Thomsten Sellin",9785932249673,8,8,active
5203,"The Police and the Community","Louis A. Rodelet",9787196755792,1,1,active
5204,"The Policeman","Fritz V. Quinanola",9782094540280,4,4,active
5205,"The Policeman: People's Finest Champion","Frits V. Quinanola",9789443882695,9,9,active
5206,"The PPDOC Security System","Christian G. Domingo",9786941366740,7,7,active
5207,"The Practical methodology of Forensic Photo…","Artemio I. Panganiban",9788996908784,2,2,active
5208,"The Practical Methodology of Forensic Photo…","David R. Redsicker",9783914183595,2,2,active
5209,"The Practice of Reasearch in Criminology.;..","Ronet Bachman",9789490444747,4,4,active
5210,"The Practice of Social Research","Earl Babbie",9787072544526,5,5,active
5211,"The Presidents Daughter","Jack Higgins",9788610954722,2,2,active
5212,"The Price of honor","David H. Hackworth",9784075193911,2,2,active
5213,"The Principles Of Exercise Theraphy","M. Dena Gardiner",9786037828039,2,2,active
5214,"The Private Lives of Pippa Lee","Miller Rebecca",9786899108584,2,2,active
5215,"The Private Lives of Pippo Lee","Miller Rebecca",9787707501399,2,2,active
5216,"The Private Security Agency Law","Miller F. Peckley",9789392567971,9,9,active
5217,"The Prize Winner of Detiance,ohio","Terry Ryan",9786317718623,2,2,active
5218,"The Problem of Order (What Unites..)","Dennis H. Wrong",9786786163382,2,2,active
5219,"The Prodigal","Lewis Beverly",9783813032628,2,2,active
5220,"The Profitable Chef","Jean-Pierre Eigenheer",9789864094660,6,6,active
5221,"The Progressive Music Series","Horatio Parker",9784977053641,6,6,active
5222,"The Promatch Essential Football Book","Marc Goldberg",9783495412176,2,2,active
5223,"The Public Humanities Turn","Philip Lewis",9782080128935,7,7,active
5224,"The Public Land Act Revised Forestry Code and…","CBSI Editorial Staff",9788280092052,6,6,active
5225,"The Purpose Driven Life","Rick Warren",9786504568697,1,1,active
5226,"The Quest for Meaning; A Guide to Semiotic Theory and Practice","Marcel Danesi",9789001923310,7,7,active
5227,"The Questioned Document Examination & …","Gregorio B. Mendoza",9785240415753,10,10,active
5228,"The Quilt In Country Cookbook",Unknown,9782768612770,2,2,active
5229,"The Quit Revolution","Edward B. Kiunisala",9783335694205,1,1,active
5230,"The Rants","Miller Dennis",9788445766163,1,1,active
5231,"The Reader's Digest Great",Unknown,9789506410315,1,1,active
5232,"The Reader's Digest Great Encyclopedia Dictionary",Unknown,9784173265237,8,8,active
5233,"The Readings in Philippine History","Rodolfo Martinez",9786554612036,6,6,active
5234,"The Real Me Is Thin","Weir Arabella",9786726440191,2,2,active
5235,"The Real Value of Training","Stone Ron Drew",9788928914357,10,10,active
5236,"The Research Recipe","Leah Moyao Donato",9785425628602,5,5,active
5237,"The Retail Revolution","Lichlenstein Nelson",9788138475136,2,2,active
5238,"The Revised Administrative Code w/ Annotations","Ruperto G. Martin",9784074918508,9,9,active
5239,"The Revised of Court ( Criminal Procedure )..","Vicente J. Francisco",9788240554651,6,6,active
5240,"The Revised of Court ( Evidence )..","Vicente J. Francisco",9782069061192,4,4,active
5241,"The Revised Penal Code","Ramon C. Aquino",9785973725303,10,10,active
5242,"The Revised Penal Code","Jose N. Nolledo",9781584643944,1,1,active
5243,"The Revised Penal Code Book 1 Understanding Criminal Law","Victor T. Tulalian",9782805400926,6,6,active
5244,"The Revised Penal Code Book I: Understanding ..","Tulalian Victor",9783195078733,10,10,active
5245,"The Revised Penal Code Book II Specific Crimes and Their Element","Victor T. Tulalian",9785390034323,4,4,active
5246,"The Revised Penal Code Book II: Specific Crimes","Tulalian Victor",9789262055553,9,9,active
5247,"The Revised Rules of Court in the Philippines","Vicente J. Francisco",9786284975654,9,9,active
5248,"The Revolution in the Schools","Ronals Gross",9788339399439,2,2,active
5249,"The Rinehort Handbook for Writers","Bannie Carter",9780951888575,4,4,active
5250,"The Rock Orchard","Wall Paula",9788280957283,2,2,active
5251,"The Romantic Novel Kiss The Moon Light","Cartland Barbara",9789783018983,1,1,active
5252,"The Royal Wulff Muders","Mc Cafferty Keith",9785984607452,2,2,active
5253,"The Rule Of Four","Caldwell Ian",9782567032717,2,2,active
5254,"The sacrifice","Beverly Lewis",9785875098024,2,2,active
5255,"The Salad Master","Paxton Rachel",9787520469074,1,1,active
5256,"The Santesson Recipe; Collection….",Unknown,9783906484778,2,2,active
5257,"The Scandalous Life of the Lawless Sisters","Ardagh Philip",9789202444072,1,1,active
5258,"The School and the Community School Culture and Organization Leadership","Greg Tabios Pawilen",9781971890111,5,5,active
5259,"The School Thesaurus","Lorna Sinclair Knight",9780367291693,1,1,active
5260,"The Science and Design of Engineering Materials","James P. Schaffer",9784261666472,10,10,active
5261,"The Seasons Pass",Unknown,9780793527564,1,1,active
5262,"The Secret of the Golden Pavilion","Keene Carolyn",9782083130010,2,2,active
5263,"The Secret Pilgrim","Carr'e John Le",9781832152907,2,2,active
5264,"The Secret to Saving and Building Future","Xuan Nguyen",9787416643083,4,4,active
5265,"The Secret Woman","Victoria Holt",9780428316723,2,2,active
5266,"The Serpent's Shadow","Riordan Rick",9782464471060,1,1,active
5267,"The Service Culture Playbook","Giji Mischel Dennard",9786067377880,4,4,active
5268,"The Seven Habits of Hignly Effective People","Stephen R. Covey",9781418100728,1,1,active
5269,"The Seven Principles of Golf","Gee Darrin",9788479801175,1,1,active
5270,"The Sexy Years","Somers Suzanne",9785647658579,1,1,active
5271,"The Shapes of Fiction Open & Closed","Beverly Gross",9787903367591,2,2,active
5272,"The Shasta of California and Oregon","Williams Jack S.",9787910999938,2,2,active
5273,"The Shunning","Beverly Lewis",9788486523084,2,2,active
5274,"The Silent Passage","Gail Sheeny",9784533430497,1,1,active
5275,"The Sisterhood of Blackbrry Cornr","Smith Andrea",9780700026753,1,1,active
5276,"The Snake Oil Wars","Godwin Parke",9784753964161,2,2,active
5277,"The Son of Neptune","Riordan Rick",9788251172301,1,1,active
5278,"The South Beach Diet","Agaston Arthur",9785821726339,1,1,active
5279,"The Spider Sapphire Mystery","Carolyn Keene",9788048088617,1,1,active
5280,"The Spirit of Hungary","Stephen Sisa",9782580443064,1,1,active
5281,"The Spirit of Thoreau","J. Parker Huber",9787721127162,2,2,active
5282,"The Spirit to Serve","J.W Marrriott Jr.",9780981766355,1,1,active
5283,"The Spotter's Guide to Urban Engineering","Claire Barratt",9781526737113,1,1,active
5284,"The Stage and the School","Schanker Harry",9787068686469,1,1,active
5285,"The Stars Shine Down","Sidney Sheldon",9781473594685,2,2,active
5286,"The State Boys Rebellion","Michael D'Antonio",9783742525772,2,2,active
5287,"The Storn","Tom Allen",9788997739516,2,2,active
5288,"The Story of Italian American Song","Rotella Mark",9786032370144,2,2,active
5289,"The Story of Maps","Rooney Anne",9780950715193,9,9,active
5290,"The Strangest Dinosour that Never Was","Arnone Marilyn",9783230477255,2,2,active
5291,"The Stray Shopping Carts","Montague Julian",9781159533847,2,2,active
5292,"The Student- Trainee's Guid to Intern.","Richard C. Ampo",9786290628810,4,4,active
5293,"The Subsidy Scandal","Pye-Smith Charlie",9786603098057,2,2,active
5294,"The Sugar House","Zippman Laura",9788343493635,1,1,active
5295,"The Sugar Mile","Maxwell Glyn",9786808779348,2,2,active
5296,"The Sure Thing","Adelson Eric",9782441676211,2,2,active
5297,"The Teacher and the Community School Culture","Helen B. Boholano",9788743096474,10,10,active
5298,"The Teacher and the School Curriculum","Greg Tabios Pawilen",9782932683483,2,2,active
5299,"The Teacher and the School Curriculum","Purita Bilbao",9780929516288,7,7,active
5300,"The Teaching & Assessment of Grammar","Remedios Bacus",9789084548264,9,9,active
5301,"The Teaching & Assessment of Literature Study","Remedios Bacus",9787733125811,5,5,active
5302,"The Teaching Profession","Purita P. Bilbao",9788766340417,5,5,active
5303,"The Teaching Profession","Bernadeth Ortinero Gallardo",9787447652245,8,8,active
5304,"The Teaching Profession","Madeline Fernando",9789685169219,7,7,active
5305,"The Temporary Groom","Joan Johnston",9785171352844,2,2,active
5306,"The Ten-Year Map","Wolitzer Meg",9784705005744,2,2,active
5307,"The Tender Years","Oke Janette",9788076648784,2,2,active
5308,"The Third Millennium","Ken Carey",9781383127607,2,2,active
5309,"The Thirty Mile Fire","Maclean John N.",9788335948228,2,2,active
5310,"The Thursday Club","Myrano Vincent",9785248816033,2,2,active
5311,"the Time In Between","Duenas Maria",9783417654615,2,2,active
5312,"The Transformation of Bartholomexy Fortuno","Bryson Ellen",9781191014731,2,2,active
5313,"The Tricky Part","Maran Martin",9782983584487,1,1,active
5314,"The Trotter Way To Miffions","Trotter Derek",9781277127713,1,1,active
5315,"The Truth About Getting In","Cohen Katherine",9786853909172,2,2,active
5316,"The Truth Is….","Etheridge Melissa",9784794080301,2,2,active
5317,"The Two Towers","J.R.R Tolken",9782906419964,1,1,active
5318,"The Ulimate Weight Solution","McGraw Phil",9788402937643,2,2,active
5319,"The Ultimate Bread Machine Cookbook",Unknown,9782658728024,2,2,active
5320,"The ultimate Golf book","Charles Mc Grath",9788656260085,1,1,active
5321,"The Ultimate Guide E-Commerce","John Vent Saint L. Pasahol",9785980188801,4,4,active
5322,"The Ultimate Weight Solution","Mc Graw Hill",9783005378282,1,1,active
5323,"The Unexpected Journey","Johnston George L.",9788722030710,2,2,active
5324,"The Unexpected Legacy of Divorce","Wallertein Judith",9788169223973,1,1,active
5325,"The unfinished Nation ( A Concise…)","Alan Brinkley",9786215415198,7,7,active
5326,"The Unincorporated War","Kolin Dani",9787027292946,1,1,active
5327,"The Unsinkable Heather Mills","Simpson Neil",9788635834924,1,1,active
5328,"The Use of Forensic Anthropology","Roberto B. Pickering",9786389874951,9,9,active
5329,"The uuse of Forensic Anthropology","Robert B. Pickering",9789109233557,2,2,active
5330,"The Vegetarian Curry Bide",Unknown,9787283463890,2,2,active
5331,"The Versatile Egg Cookbook",Unknown,9786190558750,1,1,active
5332,"The Very Best of Emeril",Unknown,9780296149904,1,1,active
5333,"The View From Babylon","Rawley Donald",9781679520273,2,2,active
5334,"The View From Mount Joy","Landvik Lorna",9784548118915,1,1,active
5335,"The Vines in Splendour","Helen Bianchin",9782845848740,2,2,active
5336,"The Visitant","Kathleen O'Neal Gear",9780092628863,2,2,active
5337,"The Waiter & Waitress and Waitstaff …","Lora Arduser",9788072008056,2,2,active
5338,"The Walk: Stories","Dayrit Joy J.",9780197435755,7,7,active
5339,"The Waltz King","Johann Strauses",9789255568084,1,1,active
5340,"The Warrior","Richey Thomas",9786900158126,2,2,active
5341,"The Watchman","Crais Robert",9786242494708,1,1,active
5342,"The Waxman Report","Waxman Henry",9782519067248,1,1,active
5343,"The Way Home","Spencer Katherine",9786095772480,2,2,active
5344,"The Way I See It","Patti Davis",9787476308359,2,2,active
5345,"The Way To Go","Ascher Kate",9782890910065,7,7,active
5346,"The we-force in Management","Lawrence G. Hrebiniak",9784741804202,1,1,active
5347,"The Wedding","Danielle Steel",9782305975733,1,1,active
5348,"the Whistleblower","Bolkovac Kathryn",9786828765758,1,1,active
5349,"The White Tiger","Aravind Adiga",9785258685681,2,2,active
5350,"The Wild Tribes of Davao Distric, Mindanao…","Fay- Cooper Cole",9780664878269,6,6,active
5351,"The Windsor Knot","An Elisbeth MacPherson My..",9788713000258,2,2,active
5352,"The Woman At The Washington Zoo","Williams Marjorie",9784645334799,2,2,active
5353,"The Wonder Spot","Melisa Bank",9782948447048,2,2,active
5354,"The Wonder World of Social Insects","Cabanilla Crispin",9784505633703,1,1,active
5355,"The World According to Bumble","David Lloyd",9789511819615,2,2,active
5356,"The World and Its People Communities &….","Arnsdrof Vali e.",9788759559420,1,1,active
5357,"The World Book Dictionary (A-K)",Unknown,9789813324190,1,1,active
5358,"The World Book Dictionary (L-Z)",Unknown,9787118016772,2,2,active
5359,"The World Book Encyclopedia",Unknown,9783604890987,6,6,active
5360,"The World Book Encyclopedia ( J.K)",Unknown,9789271436947,2,2,active
5361,"The World Book Encyclopedia ( W.X,Y.Z)",Unknown,9784934768892,2,2,active
5362,"The World Book Encyclopedia (A)",Unknown,9788616187766,1,1,active
5363,"The World Book Encyclopedia (B)",Unknown,9785808431966,2,2,active
5364,"The World Book Encyclopedia (C -Ch)",Unknown,9782179005314,2,2,active
5365,"The World Book Encyclopedia (Ci-C2)",Unknown,9786055740283,1,1,active
5366,"The World Book Encyclopedia (D)",Unknown,9785958769551,2,2,active
5367,"The World Book Encyclopedia (F))",Unknown,9782681307838,1,1,active
5368,"The World Book Encyclopedia (G)",Unknown,9783183594122,2,2,active
5369,"The World Book Encyclopedia (H)",Unknown,9784592325802,1,1,active
5370,"The World Book Encyclopedia (I)",Unknown,9784557116278,1,1,active
5371,"The World Book Encyclopedia (L)",Unknown,9783514928633,6,6,active
5372,"The World Book Encyclopedia (M))",Unknown,9787023174024,1,1,active
5373,"The World Book Encyclopedia (N.O)",Unknown,9780607634433,1,1,active
5374,"The World Book Encyclopedia (P)",Unknown,9784602633569,1,1,active
5375,"The World Book Encyclopedia (Q-R)",Unknown,9781629870250,2,2,active
5376,"The World Book Encyclopedia (S-Sn)",Unknown,9781514351727,1,1,active
5377,"The World Book Encyclopedia (SO-SZ)",Unknown,9786850448520,1,1,active
5378,"The World Book Encyclopedia (t)",Unknown,9780235472247,2,2,active
5379,"The World Book Encyclopedia (U-V)",Unknown,9785530611391,1,1,active
5380,"The World Book Illustrated Home Medical",Unknown,9780458927524,4,4,active
5381,"The World Book Year Book",Unknown,9784087056839,1,1,active
5382,"The world Books Encyclopedia",Unknown,9785556385986,5,5,active
5383,"The world of Chemistry","Melvin Joesten",9788284399744,1,1,active
5384,"The World's Greatest Gunbook, Gun Digest","Ken Warner",9786980055735,8,8,active
5385,"The World's Heritage",Collins,9783807926605,10,10,active
5386,"The Writer's Digest Guide To Manuscript Formats","Dian Dincin Buchman",9784044750176,8,8,active
5387,"The Writerr's Handbook","Allan B. Lefcowitz",9780566558993,2,2,active
5388,"The Wrold of Physics","Vern J. Ostdiek",9786586972238,1,1,active
5389,"The Year That Changed the Game","Rand Jonathan",9784204300630,1,1,active
5390,"The Young Folks shelf of Books","Martignoni Margaret E.",9789106971360,1,1,active
5391,"Their Relevance in Modern Filipino Nationalism","Edwin A. Valenzuela",9783591142021,10,10,active
5392,"Theories of Crime Causation","Shirley S. Domingo",9786122328611,8,8,active
5393,"Theories of Crime Causation","Nicholas S. Caballero",9780245422492,6,6,active
5394,"Theories of Crime Causation","Daisyree Sevilla - Arrieta",9782430232008,5,5,active
5395,"Theories of Crime Causation","Jonah B. Badua",9781327892820,4,4,active
5396,"Theories of Crime Cusation","Diasyree Sevilla-Arienta",9783509791358,2,2,active
5397,"Theories Of Crimes Causation","Badua Jonah B.",9782956176299,5,5,active
5398,"Theories of Personality","Engler Barbara",9788467640892,6,6,active
5399,"Theories of Personality","Julie Ann R. Clemenle-Faustiro",9787953614089,2,2,active
5400,"Theory, Practice and Techniques in Computer Science","3G E-Learning",9780709063360,5,5,active
5401,"Theory, Practice and Techniques in Data Base Mgt.","3G E-Learning",9782731567267,4,4,active
5402,"Theory, Practice and Techniques in Java Prog..","3G E-Learning",9787362924595,4,4,active
5403,"Theory,Practice and Techniques in object Oriented","3G E-Learning",9788977738249,9,9,active
5404,"Therapautic Exercise","Carolyn Kisner",9788214629224,5,5,active
5405,"Therapautic Exercise 1","Tyrone M. Reyes",9782833813859,5,5,active
5406,"Therapautic Modalities","Arjay Marcaida Cuasay",9782359062700,5,5,active
5407,"Therapeutic Community Modality 1","Mercedes A. Foronda",9789401441247,10,10,active
5408,"Therapeutic Exercise","John V. Basomdjian",9782292456703,2,2,active
5409,"Therapeutic Modalities","Marilyn B. Balares",9789393504623,8,8,active
5410,"Therapeutic Modalities","Arjay Marcaida Cuasay",9789337415350,9,9,active
5411,"Theraputic Modalities","Arjay Marcaida Cuasay",9783387895919,8,8,active
5412,"There is No Me Without You","Greene Melissa Fay",9785309458752,1,1,active
5413,"There Must Be A Pony In Here Somewhere","Swisher Kara",9780825723230,2,2,active
5414,"Thermal Agents in Rehabilitation","Susan Michlovitz",9780708618691,4,4,active
5415,Thermodynamics,"Virgil Morning Faires",9788467475296,2,2,active
5416,"Thermodynamics 1","Hipolito B. Sta. Maria",9784835650869,4,4,active
5417,"Thesis & Capstone Project Writing in Computing","Charlemagne Lavina",9782270252549,8,8,active
5418,"Thesis and disseration Writing","Maximiano M. Rivera Jr.",9781105562419,9,9,active
5419,"Thesis And Dissertation Writing fear no….","Wa- Mbaleka Safary",9786676809406,5,5,active
5420,"They Always Call Us Ladies","Harris Jean",9789647033640,2,2,active
5421,"They're your Paretns too!","Francine Russo",9784532065430,1,1,active
5422,"Things Aint What They Used To Be","Glenister Philip",9786143403717,1,1,active
5423,"Thirteen Steps Down","Rendell Ruth",9782431091567,2,2,active
5424,"This Is America's Story","Wilder / Ludlum / Brown",9780953122523,1,1,active
5425,"This is Me Letting You Go","Heidi Priebe",9784974787068,2,2,active
5426,"This Just In","Schieffer Bob",9786442863076,2,2,active
5427,"This Place on Third Avenue","McNulty John",9787810101240,1,1,active
5428,"Thoeries and Causes of Crimes","Tancangco Danilo L.",9784805694213,10,10,active
5429,"Thos Dark World","Briggs Carolyn S.",9788749004497,1,1,active
5430,"Three Clams and An Oyster","Powell Randy",9780072314922,1,1,active
5431,"Three Dimentional Philippine Justice System: An Interface","Mario A. Garcia",9784993064041,1,1,active
5432,"Three Junes","Julia Glass",9782107043104,1,1,active
5433,Thrive,"Buettner Dan",9785031588789,2,2,active
5434,"Through The Children's Gate","Gopnik Adam",9780660675145,2,2,active
5435,"Through Time Into Healing","Brian L. Weiss",9784835156095,1,1,active
5436,"Thurman Munson","Thurman Lee Munson",9781427702159,2,2,active
5437,"Thursdays at Eight","Debbie Macomaber",9788611511160,1,1,active
5438,"Ties of Love","Meg Hutchinson",9787143593415,1,1,active
5439,"Tiger 2.0 and Other Great Stories from the…","Garrity John",9786165047258,1,1,active
5440,Tiki,"Tiki Barber",9783107371228,2,2,active
5441,"Time in English Love Poetry","Ashok Kumar Verma",9787250845247,1,1,active
5442,"Time of Death Decomposition & Identification","Jay Dix",9788860969255,4,4,active
5443,"Time On My Hands","Delacorte Peter",9783601099932,1,1,active
5444,"Time On My Hands","Brown Jo Ann",9789140099815,1,1,active
5445,"Time to Share","Jo Ann Brown",9789719228875,1,1,active
5446,"Ting Tang Tommy","Godwin Simon",9781594925436,2,2,active
5447,"Tips and Tehniques in Writing Research","Emerlita G. Nagsajo-Sarno",9785026642731,2,2,active
5448,"To America","Ambrase Stephen E.",9789664811054,2,2,active
5449,"To Be Honest With You","Linford Christie",9782927243067,1,1,active
5450,"To Be Indian","Porter Joy",9787798367782,2,2,active
5451,"To Hell With All That","Flanagan Caitlin",9780708240892,1,1,active
5452,"To Kill a Mocking Bird","Harper Lee",9785133157920,1,1,active
5453,"Today's Best Fiction","Neil Simon",9788236616202,4,4,active
5454,"Today's Best Non Fiction","Neil Simon",9787295126608,4,4,active
5455,"Todays Best Non-Fiction","Neil Simon",9788696110845,9,9,active
5456,"Too Big to Dance","Doug Anderson",9783909276738,1,1,active
5457,"Too Much Flapdoodle?","Mac Donald Amy",9780863339950,2,2,active
5458,"Top Dawg","Suggs Rob",9786667605505,1,1,active
5459,"Top Gear",Unknown,9780509083063,1,1,active
5460,"Topic in college Algebra","Ferdinand Yup Tomakin",9785098055644,1,1,active
5461,"Topics in College Algebra","Ferdinand Yap Tomakin",9781994124361,2,2,active
5462,"Topics in Integral Calculus","Lal Bansil",9786050299908,1,1,active
5463,"Topics in Intergral Calculus","Bansi Lal",9786191814985,7,7,active
5464,"Torts and Damages in Phil. Law","Hilarion V. Jarencio",9786784903218,5,5,active
5465,"Total Access","Eisen Rich",9787491176759,2,2,active
5466,"Total English Skills Training",Unknown,9780043753156,2,2,active
5467,"Total Quality Management","Evans James R.",9787522950839,10,10,active
5468,"Total Quality Management","Camilla Angelita Ong",9788603903676,10,10,active
5469,"Total Quality Management","Matt Martin",9788675675358,6,6,active
5470,"Total Quality Management for Hospitality","Evans James R.",9785347439270,4,4,active
5471,"Total Quality Management for Hospitality and ..","Robert C. Fond",9788120780033,1,1,active
5472,"Total Quality Management for Hospitality and ..","James R. Evans",9788101032083,7,7,active
5473,"Total Quality Management, Organization…","James R. Evans",9783416099097,1,1,active
5474,"Totally Piste","Waters Barry",9785788516615,2,2,active
5475,"Tour ' 72","Antonio Michael D.",9787644490435,1,1,active
5476,"Tour and Travel Management","Sarah Monzon - Po",9789461622273,10,10,active
5477,"Tour and Travel Management","Dr. Nelidiza Arceta",9787261054027,9,9,active
5478,"Tour Guiding as a Profession","Salamanca Ma. Dolores",9786028465595,9,9,active
5479,"Tour Guiding Service","Salamanca Ma. Dolores",9781895688641,5,5,active
5480,"Tour Guiding Services","Salamanca Dolores",9789933974534,10,10,active
5481,"Tourism & Hospitality Marketing","John Paul Guevarra",9781802384871,8,8,active
5482,"Tourism & Hospitality Research","Celia E. Carino",9781444337365,7,7,active
5483,"Tourism A Modern Synthesis","Stephen J. Page",9780908575374,10,10,active
5484,"Tourism and Business of Travel","Roy A. Cook",9784763183422,8,8,active
5485,"Tourism and Hospitality Management","Lucuis Walker",9789002492785,9,9,active
5486,"Tourism Destination Development and Management","Israel Tinoco Cajiao",9782346151219,2,2,active
5487,"Tourism Impacts & Sustainability","Cruz Reil G.",9787608960103,2,2,active
5488,"Tourism Impacts and Sustainability","Cruz Reil G.",9786589782421,7,7,active
5489,"Tourism Industry Today","Choudhary Sandeep",9786582938542,2,2,active
5490,"Tourism Information Management","Lyndsey Velasquez",9780445039865,9,9,active
5491,"Tourism Information Management","Mary Ann G. Dumlao",9788346690819,5,5,active
5492,"Tourism Information Tecnology","Orion Blake",9784986029651,6,6,active
5493,"Tourism Marketing","Badilla-Gatchalian Maricel",9782831530703,5,5,active
5494,"Tourism Planning and Development","Zenaida Lansangan Cruz",9789190487860,7,7,active
5495,"Tourism Planning and Development","Cruz Reil G",9781508334514,4,4,active
5496,"Tourism Practicum Manual and Woorkbook","Edliyn Gutierez Lopez",9789829454188,5,5,active
5497,"Tourism Principles, Practices, Philosophies","Charles R. Goeldner",9783788147426,5,5,active
5498,"Tourism Products and Services",Unknown,9780743820394,6,6,active
5499,"Tourism Promotion Services: Intermediate","3G E-Learning",9780078677557,6,6,active
5500,"Tourism Promotion Sevices","Villegas Victoria H.",9780535760365,4,4,active
5501,"Tourism, Hospitality and the Law","Jan Dominic T. Omergan",9787336142475,10,10,active
5502,"Toward Effective Teaching","Filomena V, Rivera",9781516329564,2,2,active
5503,"Towards Effective Teaching","Filomena V. Rivera",9781482436488,7,7,active
5504,"Toy Monchester Terrier","Peter Brown",9781782757733,2,2,active
5505,"Tradeshow Success 14 Proven Step to Take","Patterson Timothy",9786146017416,4,4,active
5506,"Traffic Management & Accident Investigation","Darlito Bernardo G. Delizo",9786400092562,8,8,active
5507,"Traffic Management & Accident Investigation","Artemio I. Panganiban",9785962783871,1,1,active
5508,"Traffic Management and Accident Invest.","Alrien Francisco-Dausan",9787654023470,7,7,active
5509,"Traffic Management and Accident Investigation","Darlito Bernard G. Delizo",9781451374025,10,10,active
5510,"Traffic Management and Acciedent Investigation with Definsive Driving","Alrien Fransisco-Dawan",9786565293675,1,1,active
5511,"Traffic why we drive the way we do","Tom Vanderbilt",9786275454038,2,2,active
5512,"Trail of the Spellmans","Lutz Lisa",9789893975954,2,2,active
5513,"Train up a Child","Harold J. Sala",9783642209475,2,2,active
5514,Traitor,"Fritz Jean",9785447658397,1,1,active
5515,"Transcendental and Algebraic Numbers","Gelfond A.O",9780187692700,9,9,active
5516,"Transecendence: Understanding Contempoary Global","Froilan C. Calilung",9783885287155,6,6,active
5517,"Transfer and Business Taxation","Win Lu Ballada",9784430299739,1,1,active
5518,"Transformative Education : A Source book..",Unknown,9784424029489,2,2,active
5519,"Transformative Education: A Source Book for Basic",Unknown,9784688698902,1,1,active
5520,"Transformative Language Arts in Action","Farmer Ruth",9787634272478,8,8,active
5521,"Transformative Organization Management","Rumel Atienza",9787115787378,10,10,active
5522,"Transforming Electricity","Patterson Walt",9788156162179,10,10,active
5523,"Transitioning to Concept- Based Curriculum","Erickson H. Lynn",9786713873148,5,5,active
5524,"Transport Process and Unit Operations","Christie J. Geankoplis",9783191666163,4,4,active
5525,"Transportation Management in Tourism","James Saycip",9784698896763,5,5,active
5526,"Trapped Beyond The Magic Attic","Sheri Cooper Sinykin",9781822479229,1,1,active
5527,"Travel & Tour Essentials","Lim Romeo D.",9787686707164,2,2,active
5528,"Travel & Tour Management","Alwen Jose Apid",9787148957922,10,10,active
5529,"Travel & Tourism","Gillian Dale",9787852352983,6,6,active
5530,"Travel Agency & Tour Operation Management","Tim Brayant",9780934137348,4,4,active
5531,"Travel and Tour Management","Alwen Jose A. Apid",9784247115581,6,6,active
5532,"Travel and Tour Operation in the Philippines","Biendrenido G. Claravall",9782181951715,5,5,active
5533,"Travel Service","Salamanca Dolores",9789070677695,10,10,active
5534,"Travel Service: Intermediate","3G E-Learning",9781316453834,5,5,active
5535,"Travel Writing and Photography","Rene D. Osorno",9786425503531,1,1,active
5536,"Travel, Tourism and Eco- Tourism","Sinha Vijay",9782101254674,5,5,active
5537,"Traveling The Missouri","Lourie Peter",9789149995972,2,2,active
5538,"Treasury of Machine Knitting Stitches","Jhon Allens",9780317056822,2,2,active
5539,"Tree Tops A Family Memoir","Cheevev Susan",9788320143546,2,2,active
5540,"Trends, Networks and Critical Thinking 21st Century","Ariola Mariano M.",9786367988366,6,6,active
5541,"Trial Technique and Practice in Philippine Court","Hilarion V. Jarencio",9786364449815,8,8,active
5542,Trigonometry,"Dugopolshi Mark",9786326739206,4,4,active
5543,"Troubleshooting & Maintainiing Your PC","Gookin Dan",9780429429927,7,7,active
5544,"True Believers","Joe Queenan",9781924743501,1,1,active
5545,"Truffles From Heaven","Schnieders Kali",9789782099389,2,2,active
5546,"Truth & Deception (The Polygraph)…","John E. Red",9782112038294,7,7,active
5547,"Try To Tell The Story","Thomson David",9789901505951,1,1,active
5548,"Tuesdays with Morrie","Mitch Albom",9787616806806,2,2,active
5549,"Turbo Assembly",Unknown,9780400546803,1,1,active
5550,"Turbo Pascal","Tito B. Amoto Jr.",9783143360576,4,4,active
5551,"Turbo Pascal 4.0 / 5.0","Walter J. Savitch",9783211154953,6,6,active
5552,"Turbo Pascal Advanced Techniques","Chris Ohlsen",9789291791965,8,8,active
5553,"Turbo Pascal Edition","Walter J. Savitch",9789091364178,10,10,active
5554,"Turning of the Tide","Don Yaeger",9785920594839,2,2,active
5555,"Turtle Moon","Hoffman Alice",9780901680112,2,2,active
5556,"TV Burp Book","Hills Harry",9783609643946,2,2,active
5557,Twilight,"Stephenie Meyer",9783497320097,6,6,active
5558,"Twin Of Ice","Jude Deveraux",9780153530531,2,2,active
5559,"Twisted- Functions and Monodromy","Katz Nicholas M.",9785624888807,1,1,active
5560,"Two at a Time","Seymour Jane",9789704648558,2,2,active
5561,"Two's Companys","Carole Mortimer",9781693240577,2,2,active
5562,"Typewriting for Begineers","Dolores C. Pineda",9781193539102,2,2,active
5563,"Ugnayan : Komunikasyon sa Akademikong Filipino","Jose A. Arogante",9788916677097,5,5,active
5564,"Ultimate Collection of Seafood Recipes",Unknown,9782185868040,2,2,active
5565,"Un Common","Dungy Tony",9789429008897,1,1,active
5566,"Under Boos","Peter Maas",9785857839805,1,1,active
5567,"Understaker Son","Phelps Richard ""Digger""",9787037731206,1,1,active
5568,"Understand Criminal Law","Tulalian Victor T.",9788869485305,2,2,active
5569,Understanding,"J.K. Ven Dover",9784878134098,2,2,active
5570,"Understanding Children 7 Teens","Penetrante Marylendra",9781405018135,6,6,active
5571,"Understanding Children in Inclusive Context","K. Srinivas Reddy",9786170004857,9,9,active
5572,"Understanding Computer Concepts","June Jamrich Parsons",9781234810948,6,6,active
5573,"Understanding Computers Today and Tomorrow","Morley Deborah",9785255396252,9,9,active
5574,"Understanding Criminal Law","Victor T. Tulalian",9785614412982,10,10,active
5575,"Understanding Culture, Society & Politics","San Juan Wilfredo R.",9780109321527,7,7,active
5576,"understanding Economics in the Phil.","Tereso S. Tullao Jr.",9784176111487,8,8,active
5577,"Understanding Economics in the Phil. Setting","Tereso S. Tullao",9782409652615,5,5,active
5578,"Understanding Educational Research","Deobold B. Van Dalen",9781669481003,5,5,active
5579,"Understanding Engineering Mechanics: Dynamics","Pytel Andrrew",9781233016792,4,4,active
5580,"Understanding Filipino Values","Tomas D. Andres",9786556732381,10,10,active
5581,"Understanding Food Preparation & Principles","Amy Brown",9786841434464,1,1,active
5582,"Understanding Forensic Ballistics","Carlito R. Fagela Jr.",9782807490536,5,5,active
5583,"Understanding Foresnsic Ballistics","Fagela Carlito Rosales Jr.",9789059509429,8,8,active
5584,"Understanding Gender, Crime & Justice","Merry Morash",9781683625773,8,8,active
5585,"Understanding Graphic Arts","Kenneth Hirol",9781087274102,1,1,active
5586,"Understanding human Behavior","James V. Mc Connell",9789157981554,2,2,active
5587,"Understanding Human Behavior & Crisis …","Penetrante Marylendra A.",9781849552967,6,6,active
5588,"Understanding Human Behavior and Crisis..","Penetrante Marylendra",9783522173285,6,6,active
5589,"Understanding Human Rights & International Humanitarian Law","Jacinto M. Dela Cruz Jr.",9782487298026,6,6,active
5590,"Understanding Human Rights & International…","Dela Cruz Jacinto",9782917265130,4,4,active
5591,"Understanding Intercultural Communication","Stella Ting Toomey",9782045781311,2,2,active
5592,"Understanding Literature Through Cultural Experience","Rommel D. Delz Cruz",9785625303026,6,6,active
5593,"Understanding Literature Through Cultural…","Dela Cruz Rommel B.",9781300113140,6,6,active
5594,"Understanding Local Area Networks","Stan Schatt",9784421437782,7,7,active
5595,"Understanding Mathematics","Tom Bassarear",9785592277023,1,1,active
5596,"Understanding Our Environment","Franklin B. Carroll",9780497697990,2,2,active
5597,"Understanding PC Hardware","Antoinette Marcelo",9788725696418,9,9,active
5598,"Understanding People","Crotob Lawrence",9783507649965,1,1,active
5599,"Understanding People","Lawrence J. Crabb Jr.",9782763396804,2,2,active
5600,"Understanding Psychhology","Sandra Scarr",9787119475059,4,4,active
5601,"Understanding Psychology","Mark Garrison",9782201127045,9,9,active
5602,"Understanding Psychology","Sandra Scarr",9782593323810,5,5,active
5603,"Understanding Research Design & Methods","Madonna Molines- Singuian",9784331616697,10,10,active
5604,"Understanding Systems Analysis & Design","Rosenblatt Harry J.",9784469707113,2,2,active
5605,"Understanding The Research Design & Methods","Mandonna S. Moliness-Siniguan",9781115787239,2,2,active
5606,"Understanding the Self","Alata Eden Joy",9780371558607,8,8,active
5607,"Understanding the Self","Milagros F. Frando",9786423624580,5,5,active
5608,"Understanding the Self","Ethel D. Magalona",9784693714789,8,8,active
5609,"Understanding the Self","Ruben O. Balotol, Jr.",9785080571176,7,7,active
5610,"Understanding the Self","Bonifacio P. Bairan",9784440027483,8,8,active
5611,"Understanding the Self","Raymundo B. Faustino Jr.",9784244379368,8,8,active
5612,"Understanding the Self","Erland De Vera Palean",9786044867113,7,7,active
5613,"Understanding The Self","Jose Alejandov S. Tenorio",9786182773475,1,1,active
5614,"Understanding the Self : New Normal Edition","Erland De Vera Palean",9784967845270,7,7,active
5615,"Understanding the Self Developing Life Skills","Magalona Ethel",9783188156752,5,5,active
5616,"Understanding to PC Hardware","Antoinette Marcelo",9781354557976,2,2,active
5617,"Understanding Word and Excel the Easy Way","Josephine C. Sto. Domingo",9780790770451,9,9,active
5618,"Understnading Human Behavior and Crisis Mangaemnet","MaryLendra A. Penetrante",9783001731418,2,2,active
5619,"Undertstanding Travel and Tour Essentials","Romeo D. Lim",9787259212989,5,5,active
5620,"UNESCOin Southeast Asia World Heritage Sites…","King Victor T.",9786724055526,2,2,active
5621,"Unforgettable Fire","Dunphy Eamon",9781774856529,2,2,active
5622,"United States Holidays And Observances","Rajitar Steve",9784243742828,2,2,active
5623,"Universal Ethics and Contemporary Values","Dr. Nazario Cebreros",9782022041063,10,10,active
5624,"Universal History of The World","Ormonde De Kay Jr.",9789607265203,6,6,active
5625,"University Physics w/ Modern Physics","Wolfgang Bauer",9781487609672,10,10,active
5626,Unvanquished,"Enrique Encinosa",9787250093211,1,1,active
5627,"Upscaling Oral Communication Skills","Ken Russel  Z. Gutierrez",9789569320507,9,9,active
5628,"Urban Economics","Arthur O' Sullivan",9785069615884,7,7,active
5629,Urology,"Krishna Sethia",9784523649410,2,2,active
5630,"Useful Table",Unknown,9780020896760,4,4,active
5631,"Useful Tables","Merriam & Webster",9780406232151,9,9,active
5632,"Using 1.2.3. for Windows","Cathy Kenny",9787519679293,1,1,active
5633,"Using Access & Powerpoint the Easy Way","Josephine C. Sto. Domingo",9780586531433,7,7,active
5634,"Using Corel Draw! 4","Ed Paulson",9782207043103,6,6,active
5635,"Using d Base III Plus","Edward Jones",9787222874992,7,7,active
5636,"Using Information Technology","Brian K. Williams",9785893674286,10,10,active
5637,"Using Information Technology","Stacey C. Sawyer",9786017678739,9,9,active
5638,"Using Lotus Notes 4.5","Cate Richards",9788011130527,8,8,active
5639,"Using Quattro Pro","Patrick J. Burns",9789238352235,9,9,active
5640,"Using Your Personal Computer (IBM)",Unknown,9787504480637,7,7,active
5641,"Valentine's Day Recipes",Unknown,9784489684609,1,1,active
5642,"Values and Work Ethics","Dr. Margarita A. Saidali",9781261655420,6,6,active
5643,"Values Education","Lito Penaflor",9789339970215,7,7,active
5644,"Values, Ethics and Professional Conduct…","Guerrerro Brian",9786169047612,6,6,active
5645,Vanguard,"Posley Robert C.",9782965441906,1,1,active
5646,"Vector Analysis","Coffin Joseph George",9784377029673,10,10,active
5647,"Vector Analysis","Gibbs Josiah Willard",9785035623721,4,4,active
5648,"Vector Mechanics for Engineers","Ferdinand Beer",9784645604854,10,10,active
5649,"Vegetable (Bosely) Recipes",Unknown,9781990656323,1,1,active
5650,"Vegetbales, Fruit, Eggs and Farinaccous",Unknown,9786791117851,1,1,active
5651,"Vehicular Air Pollution","Bekir Onursal",9782592729163,1,1,active
5652,VHDL,"Perry Douglas L.",9782229253849,2,2,active
5653,"Vice and Drug Education and Control","Renor Narco Apela",9788757617658,4,4,active
5654,"Vice and Druug Education and Control","Renor Narca Apela",9787224588361,9,9,active
5655,"Vice and Druug Education and Control","Arlyn M. Dascil",9780798334082,7,7,active
5656,"Vicente J. M. Di Maio","Vicente J. M. Di Maio",9783783615920,1,1,active
5657,Victimology,"Tancangco Danilo L.",9786686680804,10,10,active
5658,Victimology,Unknown,9789565300022,7,7,active
5659,Victimology,"Dempsey O. Depayso",9782750936044,10,10,active
5660,"Victimology, A Study of Crime Victims & Their…","Judith M. Sgarzi",9780928033717,7,7,active
5661,"Victor Mechanics for Engineerings Dynamics","Beer Ferdinand P.",9782137472790,6,6,active
5662,"Victorian Station","Bidde Gordon",9789226894952,1,1,active
5663,"Vietnamese Home Cooking","Pan Charles",9782762933697,6,6,active
5664,Violin,"Anne Rice",9782407281954,1,1,active
5665,"Visual Basic 6 Complete",Unknown,9788161809809,8,8,active
5666,"Visual Basic A Simplified Approach","Evangeline M. Dominguez",9788804093367,8,8,active
5667,"Visual Basic for Windows","Richard Mansfield",9787244522758,1,1,active
5668,"Visual C++ Programming Language","Marmelo V. Abante",9782673272229,2,2,active
5669,"Visual C++ Programming Language",Marmelo,9785532501690,1,1,active
5670,"Visual Fox Pro Expert Solution","Miriam Liskin",9789329745113,10,10,active
5671,"Visual Fox Pro Expert Solutions","Miriam Liskin",9786516086240,9,9,active
5672,"Visual Fox Pro For Begineers","Evangeline Madrid- Hirata",9789513396602,10,10,active
5673,"Visual Fox Pro for Beginners","Evangeline W. Madrid",9787529664715,2,2,active
5674,"Visual Programming","3G E Learning",9781813207237,9,9,active
5675,"Vitamin B6 The Doctor's Report","Ellis John M.",9789184655060,1,1,active
5676,"Vulture Culture","Gerst Eric D.",9786985167655,1,1,active
5677,"Wahlstroms Lemving",Kobstadmuseet,9789991966977,2,2,active
5678,"Waitstaff Training Handbook","Louva Anrduser",9780223644991,2,2,active
5679,"Wake Me When It's Funny","Marshall Garry",9781437043426,2,2,active
5680,"Walk in the Line","Icenbanger William",9789162631772,2,2,active
5681,"Walking The Dartmoor Waterways","Hemery Eric",9784422212425,2,2,active
5682,"Wanted for Murder","Laurie John",9789738190344,1,1,active
5683,Warmwood,"G.P Taylor",9783175102953,2,2,active
5684,"Warren Spahn","Peter C. Bjarkman",9788508332717,1,1,active
5685,"Wash, Folds and Die","Dolores Johnson",9784535135635,1,1,active
5686,Washington,"Greenfield Meg",9783171916332,2,2,active
5687,"Watch the die","Erica Spinder",9784715433827,2,2,active
5688,Watershed,"Percival Everett",9784176892201,2,2,active
5689,"We First","Mainwaring Simon",9788299458023,2,2,active
5690,"We Had It So Good","Grant Linda",9785718691986,2,2,active
5691,"We The People a Concise Introduction To America","Thomas E. Patterson",9786254993145,1,1,active
5692,"We Were There","Wendell Minor",9783651338616,2,2,active
5693,"We'we Got Issue","Worner Judith",9786746161601,1,1,active
5694,"Weapon and Disarming Techniques","Teves Marlon",9784337073678,6,6,active
5695,"Weapons and Disarming Techniques","Teves Marlon L.",9782747069533,4,4,active
5696,"Weather Guide for Air Pilots","Elbert Lee Eaton",9782178940692,1,1,active
5697,"Web Application Programming","Abante Marmelo V.",9787296720416,10,10,active
5698,"Web Design",Unknown,9786293191670,8,8,active
5699,"Web Designing Ideas for Beginners","Evangeline Madrid- Hirata",9785864740194,2,2,active
5700,"Web Designing Ideas of Beginners Using","Evangeline Madrid- Hirata",9785531755049,1,1,active
5701,"Web Development and Internet Technology",Unknown,9781614384038,7,7,active
5702,"Web Page Designing With HTML","Janiero Policarpio",9787267545765,8,8,active
5703,"Web Programming","3G E Learning",9789094142506,10,10,active
5704,"Web Programming (Java Script )",Unknown,9785636038559,8,8,active
5705,"Web Programming using PHP & MySQL","Harley Lampawog",9788823132993,5,5,active
5706,"Web Technology",Unknown,9787834358590,7,7,active
5707,"Webster New Explorer Medical Dictionary",Unknown,9781977638588,8,8,active
5708,"Webster's New World Dictionary","David Guralnik",9789225437631,2,2,active
5709,"Wedding Planning","Blum Marcy",9786287117167,7,7,active
5710,"Wegener's Jigsaw","Dudman Clare",9783595539452,2,2,active
5711,"Welcome home","Monsfield Stephen",9786989582942,1,1,active
5712,"Welding and Metal Fabrication","Jeffus Larry",9786309972859,8,8,active
5713,"Welding Skills","3G E- Learning",9784179394313,6,6,active
5714,"Welding Skills, Process & Practices","Jeffus Larry",9789142154406,6,6,active
5715,"Welfare and Social Legislation","Perfecto V. Fernandez",9786762428573,8,8,active
5716,"Wellness Tourism","Bella Stewart",9780405277030,6,6,active
5717,"Western Civilization","William Hughes",9784766307795,6,6,active
5718,"Western Cuisine","Celia A. Carino",9789751090652,10,10,active
5719,"Western Cuisine","Ma. Rhoda Dinaga",9781940723464,10,10,active
5720,"Westward Bound","Catherine Hapka",9785041170820,1,1,active
5721,"Wexford An Ominibus","Rendell Ruth",9782092513903,1,1,active
5722,"What a Party?","McAuLiffe Terry",9782950114747,1,1,active
5723,"What Do I do Monday?","Holt John",9782990555234,2,2,active
5724,"What in the World will happen next ?","Salem Kirban",9788390497570,2,2,active
5725,"What Millenials Want For Work","Deal Jennifer J.",9784568442632,9,9,active
5726,"What Now?","Patchett Ann",9783388465197,1,1,active
5727,"What The Birdiie","WR Mitchell",9783483082411,1,1,active
5728,"What To Expect The First Year","Eisenberg Arlene",9780160644900,1,1,active
5729,"What to Expect When You're Expecting","Heidi Murkoff",9785934177332,1,1,active
5730,"What's It All About?","Black Cilla",9783071821828,2,2,active
5731,"What's the Matter with Kansas?","Frank Thomas",9786063923180,1,1,active
5732,"When Talk Works","Kolb Deborah M.",9787811080230,2,2,active
5733,"When the Plane Rang","Harry Mazer",9786970257958,1,1,active
5734,"When Washington Crossed the Delaware","Lynne Cheney",9785644119356,1,1,active
5735,"When Wishes Were Horses","Hart Addy Sharon",9787286399622,2,2,active
5736,"Where Dreams Die Hard","Slowers Carlton",9780238492037,2,2,active
5737,"Where is Joe Merchant","Buffet Jimmy",9787591450902,1,1,active
5738,"Where is the Chicken in kiev?","Cliff Schimmels",9783957286932,1,1,active
5739,"Where Men Win Glory","Krakauer Jon",9783910673335,2,2,active
5740,"Where Mercy is Shown Mercy is Given","Duane ""Dog"" Chapman",9787653480243,1,1,active
5741,"Where The Right Went Wrong","Buchanan Patrick J.",9786899238588,2,2,active
5742,"While The World Watched","McKinstry Cardyn Maull",9785201015442,2,2,active
5743,"White Oleander","Fitch Janet",9788479207403,2,2,active
5744,"Whizkids Literacy Program Visual Basic 6",Unknown,9781870322171,6,6,active
5745,"Whizkids Literary Program Microsoft Access",Unknown,9785990254985,2,2,active
5746,"Who's A Pest","Bonsall Crosby Newell",9789103204102,1,1,active
5747,"Who's Who in the Archers","Graham Harvey",9787281029722,1,1,active
5748,"Whole Body Programme","Conley's Rosemary",9787551263702,2,2,active
5749,"Whose Rose Garden Is It Anyway?","Buchwald Art",9787963302259,1,1,active
5750,"Why Not Us?",Unknown,9787666899216,1,1,active
5751,"Why Our Health Matters","Neil Andrew",9787462133453,1,1,active
5752,"Wife of Man","Coel Margaret",9788295656218,2,2,active
5753,"Wika ng Retorika","Veneranda S. Lachica",9782959099441,8,8,active
5754,"Wild Flowers","James Hall",9784753763788,1,1,active
5755,"Wild Horses","Dick Francis",9785648586475,1,1,active
5756,"Wild Indigo","Ault Sandi",9786955770519,2,2,active
5757,"Wiley CPA Examination Review","Patrick R. Delaney",9785067996459,2,2,active
5758,"Will Young","Richard Galpin",9781590592564,1,1,active
5759,"Win 32 ADI : Programmers Reference","Scott Robet Ladd",9780426469797,2,2,active
5760,"Wind Horses","Francis Dick",9780804660631,2,2,active
5761,"Windows 3.1 the complete Reference","Tom Sheldon",9782850416279,8,8,active
5762,"Windows 98 Bible","Alan Simpson",9780209225213,2,2,active
5763,"Windows 98 the Basic and Beyond","Dan Logan",9783802944628,1,1,active
5764,"Windows 98: Fast and Easy","Diene Koers",9786351487493,2,2,active
5765,"Windows NT Resources Guide",Unknown,9787151295455,10,10,active
5766,"Windows: Basics and Concepts","Mark Anthony S. Francisco",9788938533586,10,10,active
5767,"Wine Basics","Java Q. Thomas",9789999169530,2,2,active
5768,"Wining Strategies for Study Thinking and…","Lourdes A. Dagdag",9789522875129,2,2,active
5769,"Winners are not those who never fails","Edwin Louis Cole",9789018174972,1,1,active
5770,"Winning Body Language for Sales…","Bowden Mark",9781114963368,5,5,active
5771,"Winning Strategies for Study, Thinking & Writing..",Unknown,9789891050455,1,1,active
5772,"Winning the Food Fight","Wills Steve",9781974005970,2,2,active
5773,"Wisdoms of Our Father's","Russert Tim",9788344594218,2,2,active
5774,"Wisdows to Entrepreneurship…",Unknown,9784208418287,4,4,active
5775,"With God All Things are Possible",Unknown,9785490787259,2,2,active
5776,"Without a Doubt","Clark Maria",9780541519094,2,2,active
5777,"Without A Hero","T. Coraghessan Bayle",9787577079608,1,1,active
5778,"Witnessing History","Zeng Jennifer",9781694135124,2,2,active
5779,"Woman Enough and other Essays","Nakpil Carmen",9788369559582,2,2,active
5780,"woman for a Change","Thalia Zepatos",9787706992266,1,1,active
5781,"Womans Day Encyclopedia of Cookery",Unknown,9785694906081,1,1,active
5782,"Women Food and God","Roth Geneen",9787610023513,1,1,active
5783,"Women in Sport","Rachel Ignotofsky",9780945969150,1,1,active
5784,"Wonders of the World",Unknown,9783494385631,2,2,active
5785,"Word 2000 for Windows for Dummies","Dan Gookin",9787598491380,1,1,active
5786,"Word Perfect",Unknown,9788701881111,2,2,active
5787,"Word Perfect 6.1 for Windows","Alan Simpson",9783379523318,9,9,active
5788,"Word Perfect 8 (The Official Guide)","Alan Neibaver",9783241707129,6,6,active
5789,"Word Proccessing","Shelly Gary B.",9788796338798,7,7,active
5790,"Wordstar 5.5 Made Easy","Kathe Layman",9788132208228,1,1,active
5791,"Workbook in C Programming","Paulino H. Gatpandan",9784484351971,4,4,active
5792,"Workbook in Dactyloscopy","Panelo Jose Sherief O.",9788164957101,8,8,active
5793,"Workbook in Dactyloscopy","Panelo Jose",9784259900281,10,10,active
5794,"Workbook in Polygraph","Shirley S. Dominggo",9782241701830,6,6,active
5795,"Workbook in Polygraphy","Shirley S. Domingo",9781377434032,10,10,active
5796,"Workbook on Personal Identification","Revisa William A.",9785792517332,4,4,active
5797,"Working in Hotels and Catering","Roy C. Wood",9785813682209,5,5,active
5798,"Working Papers to Accompany Fundamental….","Thomas P. Edmonds",9785297968547,4,4,active
5799,"Worktext in computer Skills",Unknown,9782116700623,7,7,active
5800,"Worktext in Database Management System","Rosemarie R. San Luis",9788212407664,4,4,active
5801,"Worktext in Databased Management System","Rosemarie R. San Luis",9785362921354,6,6,active
5802,"Worktext in Physics","Amante L. Crisostomo",9781134496891,4,4,active
5803,"Worktext on Forensic Ballistics","Benjo O. Paca",9780929184890,6,6,active
5804,"Worktext on Lie Detection Techniques","Nestor C. Nabe",9784549497255,8,8,active
5805,"Worktext: in Database Management …","SanLuis RoseMarie R.",9787204744213,6,6,active
5806,"World Book Encyclopedia (E)",Unknown,9785639490460,2,2,active
5807,"World Debbelaere Class Parasities:","Debbelaere Dirk",9781444465747,2,2,active
5808,"World Geography","Cecilio D. Duka",9784525288860,1,1,active
5809,"World Heritage and Sustainable Development","Larsen Peter Bille",9786508930438,6,6,active
5810,"World Heritage Conservation","Cave Clair",9787842139136,4,4,active
5811,"World History","Sonia M. Zaide",9786997548398,10,10,active
5812,"World History","Rosemarie R. Tiongson",9787772715424,5,5,active
5813,"World Literature","Rebecca D. Alcantara",9784125038346,1,1,active
5814,"World Literature","Linda R. Bascara",9781247223728,10,10,active
5815,"World Literature Literacy Gems of …","Dinia Delfina S. Reyes",9787419753703,4,4,active
5816,"World Literatures","Pilapil Edwin A.",9780632399888,9,9,active
5817,"World Trade Organization",Unknown,9787335210854,2,2,active
5818,"World War 1",Unknown,9787558263217,1,1,active
5819,"World War 2","R.G Grant",9789451088584,8,8,active
5820,"World's Toughest Cops","Jones Vinnie",9788119942817,1,1,active
5821,Wormwood,"G.P. Taylor",9788342064331,2,2,active
5822,Wreaths,"Sterbenz Card Endler",9785343349719,2,2,active
5823,"Writing A Policy Paper","Dr. Teodoro Lloydon C.",9789720409324,10,10,active
5824,"Writing Business Letter","Joel Joseph L. Egipto",9782430091735,6,6,active
5825,"Writing Business Letters","Joel Joseph L. Egipto",9786332430876,1,1,active
5826,"Writing Difference Nationlism Identity..","Girinda Marayon Ray",9782447839078,10,10,active
5827,"Writing for Soaps","Cris Curry",9782125798963,4,4,active
5828,"Writing in th Discipline","Ian Dane D. Ramos",9781024198270,8,8,active
5829,"Writing in the Discipline","Ian Done D. Ramos",9782449520769,10,10,active
5830,"Writing in the Discipline","Eleonor S. Jimenez",9785283119779,1,1,active
5831,"Writing in the Discipline","Bargo Darwin D.",9789516650183,8,8,active
5832,"Writing in Time","Schel Jonathan",9780544027763,1,1,active
5833,"Writing Well In The 21st Century","Speneer Linda",9781231625750,4,4,active
5834,"Wuthering Heights","Emily Bronte",9780003668575,1,1,active
5835,"WWW. I.T Program ( High School )",Unknown,9783973847186,2,2,active
5836,"Ya-Yas in Bloom","Wells Rebecca",9785816302128,2,2,active
5837,"Yeast Bread Recipes",Unknown,9788236372511,1,1,active
5838,"Yiddish With George and Laura","Welmer Ellis",9782980310263,1,1,active
5839,"Yog A For Cats","Reiner Walter",9783705067486,1,1,active
5840,"You Mother Looks Good ..",MikWright,9785229254656,1,1,active
5841,"Young folks At Home","Florence Laganke Harris",9787631691456,2,2,active
5842,"Younger than Springtime","Andrew M. Greeley",9789036535427,2,2,active
5843,"Your Country and the World","Robert M. Glendining",9783724667629,10,10,active
5844,"Your Faith and You","James Finley",9786761747903,1,1,active
5845,"Youth Community Service","Juan L. Manuel",9785522420598,6,6,active
5846,Zak,"Thomas Francisco",9784254978063,2,2,active
5847,"Zone Food Blocks","Sears Barry",9783719603489,2,2,active
5848,"Zucchini Recipe",Unknown,9783116015656,2,2,active
